datum,richtung,entry_zeit,entry,sl,tp,exit_zeit,exit,exit_art,r,or_high,or_low,ticker,variante,phase
2026-04-09,long,10:45,182.38,181.85,,15:55,183.85,Tagesschluss,2.67,182.26,180.62,NVDA,SL25,warmup
2026-04-09,long,10:45,182.38,181.44,,15:55,183.85,Tagesschluss,1.512,182.26,180.62,NVDA,SL50,warmup
2026-04-09,long,10:45,182.38,181.03,,15:55,183.85,Tagesschluss,1.054,182.26,180.62,NVDA,SL75,warmup
2026-04-09,long,10:55,182.72,181.44,185.28,15:55,183.85,Tagesschluss,0.854,182.26,180.62,NVDA,Video,warmup
2026-04-09,long,10:55,182.72,180.62,191.12,15:55,183.85,Tagesschluss,0.521,182.26,180.62,NVDA,RetestMax,warmup
2026-04-10,long,09:45,186.93,185.95,,15:55,188.64,Tagesschluss,1.72,186.5,184.3,NVDA,SL25,warmup
2026-04-10,long,09:45,186.93,185.4,,15:55,188.64,Tagesschluss,1.1,186.5,184.3,NVDA,SL50,warmup
2026-04-10,long,09:45,186.93,184.85,,15:55,188.64,Tagesschluss,0.808,186.5,184.3,NVDA,SL75,warmup
2026-04-13,long,09:45,186.88,186.27,,15:55,189.21,Tagesschluss,3.773,186.45,185.74,NVDA,SL25,warmup
2026-04-13,long,09:45,186.88,186.1,,15:55,189.21,Tagesschluss,2.92,186.45,185.74,NVDA,SL50,warmup
2026-04-13,long,09:45,186.88,185.92,,15:55,189.21,Tagesschluss,2.381,186.45,185.74,NVDA,SL75,warmup
2026-04-14,long,10:50,193.36,192.68,,11:05,192.68,SL,-1.2,193.31,190.8,NVDA,SL25,warmup
2026-04-14,long,10:50,193.36,192.06,,15:55,196.49,Tagesschluss,2.375,193.31,190.8,NVDA,SL50,warmup
2026-04-14,long,10:50,193.36,191.43,,15:55,196.49,Tagesschluss,1.603,193.31,190.8,NVDA,SL75,warmup
2026-04-15,long,10:05,198.71,198.07,,12:40,198.07,SL,-1.218,198.68,196.26,NVDA,SL25,warmup
2026-04-15,long,10:05,198.71,197.47,,12:45,197.47,SL,-1.112,198.68,196.26,NVDA,SL50,warmup
2026-04-15,long,10:05,198.71,196.86,,12:50,196.86,SL,-1.075,198.68,196.26,NVDA,SL75,warmup
2026-04-15,long,10:15,198.92,197.47,201.82,12:45,197.47,SL,-1.095,198.68,196.26,NVDA,Video,warmup
2026-04-15,long,10:15,198.92,196.26,209.56,12:55,196.26,SL,-1.052,198.68,196.26,NVDA,RetestMax,warmup
2026-04-16,long,10:35,197.82,197.27,,15:55,198.24,Tagesschluss,0.708,197.76,195.81,NVDA,SL25,warmup
2026-04-16,long,10:35,197.82,196.78,,15:55,198.24,Tagesschluss,0.374,197.76,195.81,NVDA,SL50,warmup
2026-04-16,long,10:35,197.82,196.3,,15:55,198.24,Tagesschluss,0.254,197.76,195.81,NVDA,SL75,warmup
2026-04-16,long,10:45,197.88,196.78,200.07,15:55,198.24,Tagesschluss,0.292,197.76,195.81,NVDA,Video,warmup
2026-04-16,long,10:45,197.88,195.81,206.16,15:55,198.24,Tagesschluss,0.155,197.76,195.81,NVDA,RetestMax,warmup
2026-04-17,long,09:45,201.04,200.49,,09:55,200.49,SL,-1.255,200.89,199.27,NVDA,SL25,warmup
2026-04-17,long,09:45,201.04,200.08,,10:20,200.08,SL,-1.147,200.89,199.27,NVDA,SL50,warmup
2026-04-17,long,09:45,201.04,199.68,,13:20,199.68,SL,-1.103,200.89,199.27,NVDA,SL75,warmup
2026-04-17,long,10:00,201.4,200.08,204.04,10:20,200.08,SL,-1.106,200.89,199.27,NVDA,Video,warmup
2026-04-17,long,10:00,201.4,199.27,209.92,15:55,201.65,Tagesschluss,0.098,200.89,199.27,NVDA,RetestMax,warmup
2026-04-20,short,11:00,198.36,198.94,,11:20,198.94,SL,-1.238,200.52,198.42,NVDA,SL25,warmup
2026-04-20,short,11:00,198.36,199.47,,12:30,199.47,SL,-1.126,200.52,198.42,NVDA,SL50,warmup
2026-04-20,short,11:00,198.36,200.0,,13:45,200.0,SL,-1.086,200.52,198.42,NVDA,SL75,warmup
2026-04-21,short,09:35,201.58,201.92,,10:05,201.92,SL,-1.41,202.75,201.65,NVDA,SL25,warmup
2026-04-21,short,09:35,201.58,202.2,,10:10,202.2,SL,-1.228,202.75,201.65,NVDA,SL50,warmup
2026-04-21,short,09:35,201.58,202.47,,10:10,202.47,SL,-1.158,202.75,201.65,NVDA,SL75,warmup
2026-04-22,short,09:35,199.99,200.36,,09:40,200.36,SL,-1.387,201.1,200.11,NVDA,SL25,warmup
2026-04-22,short,09:35,199.99,200.61,,09:45,200.61,SL,-1.23,201.1,200.11,NVDA,SL50,warmup
2026-04-22,short,09:35,199.99,200.85,,10:35,200.85,SL,-1.164,201.1,200.11,NVDA,SL75,warmup
2026-04-23,long,09:45,203.79,202.44,,10:00,202.44,SL,-1.105,202.88,201.1,NVDA,SL25,warmup
2026-04-23,long,09:45,203.79,201.99,,10:20,201.99,SL,-1.079,202.88,201.1,NVDA,SL50,warmup
2026-04-23,long,09:45,203.79,201.55,,11:45,201.55,SL,-1.063,202.88,201.1,NVDA,SL75,warmup
2026-04-24,long,10:30,203.39,202.34,,15:55,208.19,Tagesschluss,4.503,203.18,199.81,NVDA,SL25,warmup
2026-04-24,long,10:30,203.39,201.49,,15:55,208.19,Tagesschluss,2.505,203.18,199.81,NVDA,SL50,warmup
2026-04-24,long,10:30,203.39,200.65,,15:55,208.19,Tagesschluss,1.735,203.18,199.81,NVDA,SL75,warmup
2026-04-24,long,10:40,204.76,201.49,211.29,15:55,208.19,Tagesschluss,1.038,203.18,199.81,NVDA,Video,warmup
2026-04-24,long,10:40,204.76,199.81,224.56,15:55,208.19,Tagesschluss,0.685,203.18,199.81,NVDA,RetestMax,warmup
2026-04-27,short,10:25,208.7,209.49,,10:50,209.49,SL,-1.186,210.94,209.0,NVDA,SL25,warmup
2026-04-27,short,10:25,208.7,209.97,,11:30,209.97,SL,-1.115,210.94,209.0,NVDA,SL50,warmup
2026-04-27,short,10:25,208.7,210.46,,11:35,210.46,SL,-1.084,210.94,209.0,NVDA,SL75,warmup
2026-04-28,long,09:35,211.4,210.29,,10:35,210.29,SL,-1.133,210.99,208.2,NVDA,SL25,warmup
2026-04-28,long,09:35,211.4,209.6,,10:50,209.6,SL,-1.081,210.99,208.2,NVDA,SL50,warmup
2026-04-28,long,09:35,211.4,208.9,,10:50,208.9,SL,-1.059,210.99,208.2,NVDA,SL75,warmup
2026-04-28,long,10:00,212.65,209.6,218.76,10:50,209.6,SL,-1.048,210.99,208.2,NVDA,Video,warmup
2026-04-28,long,10:00,212.65,208.2,230.45,15:55,213.15,Tagesschluss,0.103,210.99,208.2,NVDA,RetestMax,warmup
2026-04-29,short,10:05,210.33,210.98,,10:10,210.98,SL,-1.228,212.71,210.4,NVDA,SL25,warmup
2026-04-29,short,10:05,210.33,211.56,,10:35,211.56,SL,-1.121,212.71,210.4,NVDA,SL50,warmup
2026-04-29,short,10:05,210.33,212.14,,15:55,209.32,Tagesschluss,0.539,212.71,210.4,NVDA,SL75,warmup
2026-04-30,short,09:35,207.63,208.91,,15:55,199.53,Tagesschluss,6.284,210.3,208.45,NVDA,SL25,warmup
2026-04-30,short,09:35,207.63,209.38,,15:55,199.53,Tagesschluss,4.618,210.3,208.45,NVDA,SL50,warmup
2026-04-30,short,09:35,207.63,209.84,,15:55,199.53,Tagesschluss,3.651,210.3,208.45,NVDA,SL75,warmup
2026-05-01,short,09:50,199.19,200.89,,15:55,198.42,Tagesschluss,0.429,203.0,200.19,NVDA,SL25,warmup
2026-05-01,short,09:50,199.19,201.6,,15:55,198.42,Tagesschluss,0.304,203.0,200.19,NVDA,SL50,warmup
2026-05-01,short,09:50,199.19,202.3,,15:55,198.42,Tagesschluss,0.235,203.0,200.19,NVDA,SL75,warmup
2026-05-04,short,10:25,197.38,198.61,,14:00,198.61,SL,-1.112,200.75,197.9,NVDA,SL25,warmup
2026-05-04,short,10:25,197.38,199.32,,15:55,198.56,Tagesschluss,-0.628,200.75,197.9,NVDA,SL50,warmup
2026-05-04,short,10:25,197.38,200.04,,15:55,198.56,Tagesschluss,-0.46,200.75,197.9,NVDA,SL75,warmup
2026-05-05,short,10:10,197.92,198.57,,10:20,198.57,SL,-1.211,199.96,198.11,NVDA,SL25,warmup
2026-05-05,short,10:10,197.92,199.04,,15:55,196.5,Tagesschluss,1.228,199.96,198.11,NVDA,SL50,warmup
2026-05-05,short,10:10,197.92,199.5,,15:55,196.5,Tagesschluss,0.869,199.96,198.11,NVDA,SL75,warmup
2026-05-06,long,09:45,201.86,200.85,,15:55,207.66,Tagesschluss,5.721,201.6,198.61,NVDA,SL25,warmup
2026-05-06,long,09:45,201.86,200.11,,15:55,207.66,Tagesschluss,3.284,201.6,198.61,NVDA,SL50,warmup
2026-05-06,long,09:45,201.86,199.36,,15:55,207.66,Tagesschluss,2.303,201.6,198.61,NVDA,SL75,warmup
2026-05-06,long,09:55,203.74,200.11,211.01,15:55,207.66,Tagesschluss,1.068,201.6,198.61,NVDA,Video,warmup
2026-05-06,long,09:55,203.74,198.61,224.26,15:55,207.66,Tagesschluss,0.757,201.6,198.61,NVDA,RetestMax,warmup
2026-05-07,long,09:50,209.78,207.94,,15:55,211.51,Tagesschluss,0.917,208.42,206.5,NVDA,SL25,warmup
2026-05-07,long,09:50,209.78,207.46,,15:55,211.51,Tagesschluss,0.728,208.42,206.5,NVDA,SL50,warmup
2026-05-07,long,09:50,209.78,206.98,,15:55,211.51,Tagesschluss,0.603,208.42,206.5,NVDA,SL75,warmup
2026-05-08,long,09:35,215.76,214.82,,10:35,214.82,SL,-1.16,215.46,212.89,NVDA,SL25,warmup
2026-05-08,long,09:35,215.76,214.17,,15:55,215.21,Tagesschluss,-0.374,215.46,212.89,NVDA,SL50,warmup
2026-05-08,long,09:35,215.76,213.53,,15:55,215.21,Tagesschluss,-0.266,215.46,212.89,NVDA,SL75,warmup
2026-05-08,long,09:45,216.78,214.17,221.99,15:55,215.21,Tagesschluss,-0.619,215.46,212.89,NVDA,Video,warmup
2026-05-08,long,09:45,216.78,212.89,232.34,15:55,215.21,Tagesschluss,-0.415,215.46,212.89,NVDA,RetestMax,warmup
2026-05-08,long,09:45,216.78,212.89,232.34,15:55,215.21,Tagesschluss,-0.415,215.46,212.89,NVDA,Retest3K,warmup
2026-05-11,long,09:35,217.58,215.42,,15:55,219.48,Tagesschluss,0.857,215.92,213.93,NVDA,SL25,warmup
2026-05-11,long,09:35,217.58,214.92,,15:55,219.48,Tagesschluss,0.696,215.92,213.93,NVDA,SL50,warmup
2026-05-11,long,09:35,217.58,214.43,,15:55,219.48,Tagesschluss,0.587,215.92,213.93,NVDA,SL75,warmup
2026-05-12,long,09:35,221.99,220.45,,09:55,220.45,SL,-1.101,221.6,217.01,NVDA,SL25,warmup
2026-05-12,long,09:35,221.99,219.31,,10:25,219.31,SL,-1.057,221.6,217.01,NVDA,SL50,warmup
2026-05-12,long,09:35,221.99,218.16,,10:30,218.16,SL,-1.04,221.6,217.01,NVDA,SL75,warmup
2026-05-13,short,09:45,222.55,224.81,,10:15,224.81,SL,-1.07,226.88,224.12,NVDA,SL25,warmup
2026-05-13,short,09:45,222.55,225.5,,10:50,225.5,SL,-1.053,226.88,224.12,NVDA,SL50,warmup
2026-05-13,short,09:45,222.55,226.19,,10:55,226.19,SL,-1.043,226.88,224.12,NVDA,SL75,warmup
2026-05-14,long,09:40,232.33,231.47,,09:50,231.47,SL,-1.189,232.18,229.35,NVDA,SL25,warmup
2026-05-14,long,09:40,232.33,230.76,,09:55,230.76,SL,-1.103,232.18,229.35,NVDA,SL50,warmup
2026-05-14,long,09:40,232.33,230.06,,15:55,235.74,Tagesschluss,1.482,232.18,229.35,NVDA,SL75,warmup
2026-05-15,short,09:35,226.02,227.31,,09:55,227.31,SL,-1.123,230.05,226.4,NVDA,SL25,warmup
2026-05-15,short,09:35,226.02,228.22,,10:15,228.22,SL,-1.073,230.05,226.4,NVDA,SL50,warmup
2026-05-15,short,09:35,226.02,229.14,,11:35,229.14,SL,-1.051,230.05,226.4,NVDA,SL75,warmup
2026-05-15,short,09:45,225.05,228.22,218.7,10:15,228.22,SL,-1.05,230.05,226.4,NVDA,Video,warmup
2026-05-15,short,09:45,225.05,230.05,205.05,13:35,230.05,SL,-1.032,230.05,226.4,NVDA,RetestMax,warmup
2026-05-15,short,09:45,225.05,230.05,205.05,13:35,230.05,SL,-1.032,230.05,226.4,NVDA,Retest3K,warmup
2026-05-18,short,09:35,226.32,227.85,,15:55,222.35,Tagesschluss,2.557,230.0,227.14,NVDA,SL25,warmup
2026-05-18,short,09:35,226.32,228.57,,15:55,222.35,Tagesschluss,1.745,230.0,227.14,NVDA,SL50,warmup
2026-05-18,short,09:35,226.32,229.28,,15:55,222.35,Tagesschluss,1.324,230.0,227.14,NVDA,SL75,warmup
2026-05-19,short,10:05,219.06,220.24,,10:50,220.24,SL,-1.131,222.39,219.52,NVDA,SL25,warmup
2026-05-19,short,10:05,219.06,220.96,,10:55,220.96,SL,-1.082,222.39,219.52,NVDA,SL50,warmup
2026-05-19,short,10:05,219.06,221.67,,11:40,221.67,SL,-1.059,222.39,219.52,NVDA,SL75,warmup
2026-05-19,short,10:15,218.5,220.96,213.59,10:55,220.96,SL,-1.063,222.39,219.52,NVDA,Video,warmup
2026-05-19,short,10:15,218.5,222.39,202.94,12:30,222.39,SL,-1.04,222.39,219.52,NVDA,RetestMax,warmup
2026-05-20,long,10:10,223.62,222.61,,14:50,222.61,SL,-1.155,223.12,221.1,NVDA,SL25,warmup
2026-05-20,long,10:10,223.62,222.11,,14:50,222.11,SL,-1.103,223.12,221.1,NVDA,SL50,warmup
2026-05-20,long,10:10,223.62,221.6,,15:55,223.43,Tagesschluss,-0.114,223.12,221.1,NVDA,SL75,warmup
2026-05-21,short,10:15,219.32,222.05,,13:20,222.05,SL,-1.057,227.15,220.35,NVDA,SL25,warmup
2026-05-21,short,10:15,219.32,223.75,,15:55,219.5,Tagesschluss,-0.052,227.15,220.35,NVDA,SL50,warmup
2026-05-21,short,10:15,219.32,225.45,,15:55,219.5,Tagesschluss,-0.037,227.15,220.35,NVDA,SL75,warmup
2026-05-21,short,11:55,219.49,223.75,210.97,15:55,219.5,Tagesschluss,-0.013,227.15,220.35,NVDA,Video,warmup
2026-05-21,short,11:55,219.49,227.15,188.85,15:55,219.5,Tagesschluss,-0.007,227.15,220.35,NVDA,RetestMax,warmup
2026-05-22,short,09:45,218.21,218.96,,15:55,215.25,Tagesschluss,3.875,221.01,218.28,NVDA,SL25,warmup
2026-05-22,short,09:45,218.21,219.64,,15:55,215.25,Tagesschluss,2.032,221.01,218.28,NVDA,SL50,warmup
2026-05-22,short,09:45,218.21,220.33,,15:55,215.25,Tagesschluss,1.377,221.01,218.28,NVDA,SL75,warmup
2026-05-26,long,10:25,217.57,216.81,,10:35,216.81,SL,-1.2,217.48,214.8,NVDA,SL25,warmup
2026-05-26,long,10:25,217.57,216.14,,10:55,216.14,SL,-1.106,217.48,214.8,NVDA,SL50,warmup
2026-05-26,long,10:25,217.57,215.47,,11:00,215.47,SL,-1.072,217.48,214.8,NVDA,SL75,warmup
2026-05-27,short,10:10,210.74,211.66,,12:45,211.66,SL,-1.16,214.14,210.84,NVDA,SL25,warmup
2026-05-27,short,10:10,210.74,212.49,,13:30,212.49,SL,-1.085,214.14,210.84,NVDA,SL50,warmup
2026-05-27,short,10:10,210.74,213.31,,14:30,213.31,SL,-1.058,214.14,210.84,NVDA,SL75,warmup
2026-05-27,short,10:20,210.16,212.49,205.5,13:30,212.49,SL,-1.064,214.14,210.84,NVDA,Video,warmup
2026-05-27,short,10:20,210.16,214.14,194.24,15:55,212.58,Tagesschluss,-0.619,214.14,210.84,NVDA,RetestMax,warmup
2026-05-28,long,09:35,214.01,213.16,,09:40,213.16,SL,-1.175,213.8,211.22,NVDA,SL25,warmup
2026-05-28,long,09:35,214.01,212.51,,09:45,212.51,SL,-1.099,213.8,211.22,NVDA,SL50,warmup
2026-05-28,long,09:35,214.01,211.87,,09:45,211.87,SL,-1.069,213.8,211.22,NVDA,SL75,warmup
2026-05-29,long,09:40,216.15,214.66,,10:40,214.66,SL,-1.101,215.28,212.81,NVDA,SL25,warmup
2026-05-29,long,09:40,216.15,214.04,,15:50,214.04,SL,-1.071,215.28,212.81,NVDA,SL50,warmup
2026-05-29,long,09:40,216.15,213.43,,15:50,213.43,SL,-1.055,215.28,212.81,NVDA,SL75,warmup
2026-05-29,long,09:50,216.42,214.04,221.17,15:50,214.04,SL,-1.063,215.28,212.81,NVDA,Video,warmup
2026-05-29,long,09:50,216.42,212.81,230.86,15:50,212.81,SL,-1.041,215.28,212.81,NVDA,RetestMax,warmup
2026-06-01,long,09:35,220.21,219.0,,09:40,219.0,SL,-1.127,220.1,215.71,NVDA,SL25,warmup
2026-06-01,long,09:35,220.21,217.9,,15:55,224.42,Tagesschluss,1.803,220.1,215.71,NVDA,SL50,warmup
2026-06-01,long,09:35,220.21,216.8,,15:55,224.42,Tagesschluss,1.222,220.1,215.71,NVDA,SL75,warmup
2026-06-02,long,09:45,229.88,226.92,,10:40,226.92,SL,-1.054,227.51,225.16,NVDA,SL25,warmup
2026-06-02,long,09:45,229.88,226.33,,10:50,226.33,SL,-1.045,227.51,225.16,NVDA,SL50,warmup
2026-06-02,long,09:45,229.88,225.75,,10:55,225.75,SL,-1.038,227.51,225.16,NVDA,SL75,warmup
2026-06-03,short,09:35,219.48,220.71,,15:55,214.84,Tagesschluss,3.739,222.82,220.01,NVDA,SL25,warmup
2026-06-03,short,09:35,219.48,221.42,,15:55,214.84,Tagesschluss,2.381,222.82,220.01,NVDA,SL50,warmup
2026-06-03,short,09:35,219.48,222.12,,15:55,214.84,Tagesschluss,1.746,222.82,220.01,NVDA,SL75,warmup
2026-06-04,long,09:35,215.09,214.31,,09:40,214.31,SL,-1.192,214.84,212.72,NVDA,SL25,warmup
2026-06-04,long,09:35,215.09,213.78,,09:40,213.78,SL,-1.114,214.84,212.72,NVDA,SL50,warmup
2026-06-04,long,09:35,215.09,213.25,,09:40,213.25,SL,-1.081,214.84,212.72,NVDA,SL75,warmup
2026-06-05,short,09:55,211.98,213.36,,15:55,205.1,Tagesschluss,4.932,214.87,212.86,NVDA,SL25,warmup
2026-06-05,short,09:55,211.98,213.86,,15:55,205.1,Tagesschluss,3.619,214.87,212.86,NVDA,SL50,warmup
2026-06-05,short,09:55,211.98,214.37,,15:55,205.1,Tagesschluss,2.858,214.87,212.86,NVDA,SL75,warmup
2026-06-08,short,09:50,208.18,208.75,,10:45,208.75,SL,-1.255,210.39,208.2,NVDA,SL25,warmup
2026-06-08,short,09:50,208.18,209.29,,11:50,209.29,SL,-1.131,210.39,208.2,NVDA,SL50,warmup
2026-06-08,short,09:50,208.18,209.84,,15:55,208.61,Tagesschluss,-0.286,210.39,208.2,NVDA,SL75,warmup
2026-06-08,short,10:00,206.18,209.29,199.96,11:50,209.29,SL,-1.047,210.39,208.2,NVDA,Video,warmup
2026-06-08,short,10:00,206.18,210.39,189.36,15:55,208.61,Tagesschluss,-0.587,210.39,208.2,NVDA,RetestMax,warmup
2026-06-09,short,10:00,208.71,209.48,,15:55,208.19,Tagesschluss,0.623,211.39,208.84,NVDA,SL25,warmup
2026-06-09,short,10:00,208.71,210.11,,15:55,208.19,Tagesschluss,0.34,211.39,208.84,NVDA,SL50,warmup
2026-06-09,short,10:00,208.71,210.75,,15:55,208.19,Tagesschluss,0.234,211.39,208.84,NVDA,SL75,warmup
2026-06-09,short,10:10,207.46,210.11,202.15,12:05,202.15,TP,1.985,211.39,208.84,NVDA,Video,warmup
2026-06-09,short,10:10,207.46,211.39,191.74,15:55,208.19,Tagesschluss,-0.196,211.39,208.84,NVDA,RetestMax,warmup
2026-06-10,long,10:20,206.67,206.06,,10:25,206.06,SL,-1.235,206.64,204.3,NVDA,SL25,warmup
2026-06-10,long,10:20,206.67,205.47,,10:30,205.47,SL,-1.12,206.64,204.3,NVDA,SL50,warmup
2026-06-10,long,10:20,206.67,204.89,,10:50,204.89,SL,-1.081,206.64,204.3,NVDA,SL75,warmup
2026-06-11,long,09:50,203.09,202.44,,10:05,202.44,SL,-1.219,202.88,201.11,NVDA,SL25,warmup
2026-06-11,long,09:50,203.09,202.0,,10:10,202.0,SL,-1.13,202.88,201.11,NVDA,SL50,warmup
2026-06-11,long,09:50,203.09,201.55,,10:15,201.55,SL,-1.092,202.88,201.11,NVDA,SL75,warmup
2026-06-12,long,09:35,205.91,204.61,,09:40,204.61,SL,-1.11,205.0,203.44,NVDA,SL25,warmup
2026-06-12,long,09:35,205.91,204.22,,09:45,204.22,SL,-1.085,205.0,203.44,NVDA,SL50,warmup
2026-06-12,long,09:35,205.91,203.83,,09:45,203.83,SL,-1.069,205.0,203.44,NVDA,SL75,warmup
2026-06-15,long,11:10,211.32,210.42,,11:15,210.42,SL,-1.163,210.99,208.7,NVDA,SL25,warmup
2026-06-15,long,11:10,211.32,209.84,,15:55,212.46,Tagesschluss,0.743,210.99,208.7,NVDA,SL50,warmup
2026-06-15,long,11:10,211.32,209.27,,15:55,212.46,Tagesschluss,0.535,210.99,208.7,NVDA,SL75,warmup
2026-06-15,long,11:25,211.38,209.84,214.45,15:55,212.46,Tagesschluss,0.675,210.99,208.7,NVDA,Video,warmup
2026-06-15,long,11:25,211.38,208.7,222.11,15:55,212.46,Tagesschluss,0.387,210.99,208.7,NVDA,RetestMax,warmup
2026-06-16,short,09:55,208.71,209.52,,10:00,209.52,SL,-1.18,211.46,208.87,NVDA,SL25,warmup
2026-06-16,short,09:55,208.71,210.17,,10:05,210.17,SL,-1.101,211.46,208.87,NVDA,SL50,warmup
2026-06-16,short,09:55,208.71,210.81,,15:55,207.29,Tagesschluss,0.652,211.46,208.87,NVDA,SL75,warmup
2026-06-17,short,09:55,207.19,207.95,,10:20,207.95,SL,-1.191,208.68,207.71,NVDA,SL25,warmup
2026-06-17,short,09:55,207.19,208.19,,10:20,208.19,SL,-1.145,208.68,207.71,NVDA,SL50,warmup
2026-06-17,short,09:55,207.19,208.44,,15:55,204.68,Tagesschluss,1.981,208.68,207.71,NVDA,SL75,warmup
2026-06-18,long,10:05,208.59,207.62,,15:55,210.23,Tagesschluss,1.657,207.99,206.5,NVDA,SL25,warmup
2026-06-18,long,10:05,208.59,207.25,,15:55,210.23,Tagesschluss,1.196,207.99,206.5,NVDA,SL50,warmup
2026-06-18,long,10:05,208.59,206.87,,15:55,210.23,Tagesschluss,0.936,207.99,206.5,NVDA,SL75,warmup
2026-06-18,long,11:50,208.17,207.25,210.02,12:20,210.02,TP,1.955,207.99,206.5,NVDA,Video,warmup
2026-06-18,long,11:50,208.17,206.5,214.85,15:55,210.23,Tagesschluss,1.208,207.99,206.5,NVDA,RetestMax,warmup
2026-06-22,long,10:05,213.75,212.99,,10:10,212.99,SL,-1.198,213.73,210.79,NVDA,SL25,warmup
2026-06-22,long,10:05,213.75,212.26,,10:20,212.26,SL,-1.1,213.73,210.79,NVDA,SL50,warmup
2026-06-22,long,10:05,213.75,211.52,,10:20,211.52,SL,-1.067,213.73,210.79,NVDA,SL75,warmup
2026-06-23,long,09:45,203.02,201.75,,11:00,201.75,SL,-1.111,202.32,200.04,NVDA,SL25,warmup
2026-06-23,long,09:45,203.02,201.18,,11:05,201.18,SL,-1.077,202.32,200.04,NVDA,SL50,warmup
2026-06-23,long,09:45,203.02,200.61,,11:20,200.61,SL,-1.058,202.32,200.04,NVDA,SL75,warmup
2026-06-24,short,10:05,199.35,199.98,,10:25,199.98,SL,-1.225,201.65,199.42,NVDA,SL25,warmup
2026-06-24,short,10:05,199.35,200.53,,10:30,200.53,SL,-1.119,201.65,199.42,NVDA,SL50,warmup
2026-06-24,short,10:05,199.35,201.09,,10:45,201.09,SL,-1.081,201.65,199.42,NVDA,SL75,warmup
2026-06-25,short,09:35,197.9,199.03,,15:55,195.74,Tagesschluss,1.868,200.79,198.45,NVDA,SL25,warmup
2026-06-25,short,09:35,197.9,199.62,,15:55,195.74,Tagesschluss,1.233,200.79,198.45,NVDA,SL50,warmup
2026-06-25,short,09:35,197.9,200.2,,15:55,195.74,Tagesschluss,0.92,200.79,198.45,NVDA,SL75,warmup
2026-06-26,long,09:55,193.56,192.9,,10:40,192.9,SL,-1.205,193.46,191.22,NVDA,SL25,warmup
2026-06-26,long,09:55,193.56,192.34,,15:55,192.34,SL,-1.11,193.46,191.22,NVDA,SL50,warmup
2026-06-26,long,09:55,193.56,191.78,,15:55,191.78,SL,-1.076,193.46,191.22,NVDA,SL75,warmup
2026-06-26,long,10:20,194.26,192.34,198.1,15:55,192.34,SL,-1.07,193.46,191.22,NVDA,Video,warmup
2026-06-26,long,10:20,194.26,191.22,206.42,15:55,191.72,Tagesschluss,-0.848,193.46,191.22,NVDA,RetestMax,warmup
2026-06-29,long,09:40,195.8,193.91,,09:55,193.91,SL,-1.072,194.55,192.0,NVDA,SL25,warmup
2026-06-29,long,09:40,195.8,193.28,,09:55,193.28,SL,-1.054,194.55,192.0,NVDA,SL50,warmup
2026-06-29,long,09:40,195.8,192.64,,10:05,192.64,SL,-1.043,194.55,192.0,NVDA,SL75,warmup
2026-06-30,long,10:00,198.54,197.6,,10:10,197.6,SL,-1.146,198.43,195.11,NVDA,SL25,warmup
2026-06-30,long,10:00,198.54,196.77,,10:10,196.77,SL,-1.078,198.43,195.11,NVDA,SL50,warmup
2026-06-30,long,10:00,198.54,195.94,,15:55,199.77,Tagesschluss,0.455,198.43,195.11,NVDA,SL75,warmup
2026-07-01,long,11:00,196.22,195.52,,15:55,197.58,Tagesschluss,1.886,196.21,193.45,NVDA,SL25,warmup
2026-07-01,long,11:00,196.22,194.83,,15:55,197.58,Tagesschluss,0.95,196.21,193.45,NVDA,SL50,warmup
2026-07-01,long,11:00,196.22,194.14,,15:55,197.58,Tagesschluss,0.635,196.21,193.45,NVDA,SL75,warmup
2026-07-02,long,09:55,198.85,198.21,,10:25,198.21,SL,-1.216,198.69,196.78,NVDA,SL25,warmup
2026-07-02,long,09:55,198.85,197.74,,10:25,197.74,SL,-1.124,198.69,196.78,NVDA,SL50,warmup
2026-07-02,long,09:55,198.85,197.26,,10:30,197.26,SL,-1.087,198.69,196.78,NVDA,SL75,warmup
2026-04-09,short,09:35,369.02,370.05,,09:45,370.05,SL,-1.253,372.96,369.08,MSFT,SL25,warmup
2026-04-09,short,09:35,369.02,371.02,,12:00,371.02,SL,-1.13,372.96,369.08,MSFT,SL50,warmup
2026-04-09,short,09:35,369.02,371.99,,12:10,371.99,SL,-1.088,372.96,369.08,MSFT,SL75,warmup
2026-04-10,short,11:30,371.14,372.63,,15:55,370.87,Tagesschluss,0.131,375.64,371.63,MSFT,SL25,warmup
2026-04-10,short,11:30,371.14,373.64,,15:55,370.87,Tagesschluss,0.078,375.64,371.63,MSFT,SL50,warmup
2026-04-10,short,11:30,371.14,374.64,,15:55,370.87,Tagesschluss,0.056,375.64,371.63,MSFT,SL75,warmup
2026-04-13,short,09:40,371.53,372.23,,09:45,372.23,SL,-1.373,373.84,371.69,MSFT,SL25,warmup
2026-04-13,short,09:40,371.53,372.76,,09:45,372.76,SL,-1.211,373.84,371.69,MSFT,SL50,warmup
2026-04-13,short,09:40,371.53,373.3,,09:50,373.3,SL,-1.147,373.84,371.69,MSFT,SL75,warmup
2026-04-14,long,09:35,393.22,390.64,,09:55,390.64,SL,-1.106,392.02,386.52,MSFT,SL25,warmup
2026-04-14,long,09:35,393.22,389.27,,15:55,393.11,Tagesschluss,-0.048,392.02,386.52,MSFT,SL50,warmup
2026-04-14,long,09:35,393.22,387.89,,15:55,393.11,Tagesschluss,-0.035,392.02,386.52,MSFT,SL75,warmup
2026-04-15,long,09:35,400.89,399.66,,15:55,411.27,Tagesschluss,8.392,400.64,396.73,MSFT,SL25,warmup
2026-04-15,long,09:35,400.89,398.69,,15:55,411.27,Tagesschluss,4.672,400.64,396.73,MSFT,SL50,warmup
2026-04-15,long,09:35,400.89,397.71,,15:55,411.27,Tagesschluss,3.237,400.64,396.73,MSFT,SL75,warmup
2026-04-15,long,09:50,403.48,398.69,413.07,14:30,413.07,TP,1.983,400.64,396.73,MSFT,Video,warmup
2026-04-15,long,09:50,403.48,396.73,430.48,15:55,411.27,Tagesschluss,1.142,400.64,396.73,MSFT,RetestMax,warmup
2026-04-16,short,09:45,415.24,416.76,,11:15,416.76,SL,-1.192,420.0,415.68,MSFT,SL25,warmup
2026-04-16,short,09:45,415.24,417.84,,11:20,417.84,SL,-1.112,420.0,415.68,MSFT,SL50,warmup
2026-04-16,short,09:45,415.24,418.92,,11:50,418.92,SL,-1.08,420.0,415.68,MSFT,SL75,warmup
2026-04-16,short,10:40,414.85,417.84,408.87,11:20,417.84,SL,-1.098,420.0,415.68,MSFT,Video,warmup
2026-04-16,short,10:40,414.85,420.0,394.25,12:00,420.0,SL,-1.057,420.0,415.68,MSFT,RetestMax,warmup
2026-04-17,long,09:35,425.51,424.72,,09:45,424.72,SL,-1.376,425.31,422.95,MSFT,SL25,warmup
2026-04-17,long,09:35,425.51,424.13,,09:45,424.13,SL,-1.215,425.31,422.95,MSFT,SL50,warmup
2026-04-17,long,09:35,425.51,423.54,,13:20,423.54,SL,-1.151,425.31,422.95,MSFT,SL75,warmup
2026-04-17,long,09:45,426.17,424.13,430.25,09:45,424.13,SL,-1.146,425.31,422.95,MSFT,Video,warmup
2026-04-17,long,09:45,426.17,422.95,439.05,14:15,422.95,SL,-1.092,425.31,422.95,MSFT,RetestMax,warmup
2026-04-17,long,09:45,426.17,422.95,439.05,14:15,422.95,SL,-1.092,425.31,422.95,MSFT,Retest3K,warmup
2026-04-20,short,09:35,418.05,420.48,,09:55,420.48,SL,-1.121,423.33,419.53,MSFT,SL25,warmup
2026-04-20,short,09:35,418.05,421.43,,10:00,421.43,SL,-1.087,423.33,419.53,MSFT,SL50,warmup
2026-04-20,short,09:35,418.05,422.38,,10:05,422.38,SL,-1.068,423.33,419.53,MSFT,SL75,warmup
2026-04-21,long,09:40,421.01,419.43,,15:55,424.25,Tagesschluss,2.007,420.16,417.24,MSFT,SL25,warmup
2026-04-21,long,09:40,421.01,418.7,,15:55,424.25,Tagesschluss,1.371,420.16,417.24,MSFT,SL50,warmup
2026-04-21,long,09:40,421.01,417.97,,15:55,424.25,Tagesschluss,1.041,420.16,417.24,MSFT,SL75,warmup
2026-04-21,long,09:50,422.4,418.7,429.8,15:55,424.25,Tagesschluss,0.477,420.16,417.24,MSFT,Video,warmup
2026-04-21,long,09:50,422.4,417.24,443.04,15:55,424.25,Tagesschluss,0.342,420.16,417.24,MSFT,RetestMax,warmup
2026-04-22,long,09:35,427.08,426.18,,15:55,432.68,Tagesschluss,6.123,426.88,424.08,MSFT,SL25,warmup
2026-04-22,long,09:35,427.08,425.48,,15:55,432.68,Tagesschluss,3.445,426.88,424.08,MSFT,SL50,warmup
2026-04-22,long,09:35,427.08,424.78,,15:55,432.68,Tagesschluss,2.397,426.88,424.08,MSFT,SL75,warmup
2026-04-22,long,09:45,428.56,425.48,434.72,15:55,432.68,Tagesschluss,1.31,426.88,424.08,MSFT,Video,warmup
2026-04-22,long,09:45,428.56,424.08,446.48,15:55,432.68,Tagesschluss,0.9,426.88,424.08,MSFT,RetestMax,warmup
2026-04-22,long,09:45,428.56,424.08,446.48,15:55,432.68,Tagesschluss,0.9,426.88,424.08,MSFT,Retest3K,warmup
2026-04-23,short,09:55,417.44,419.36,,10:20,419.36,SL,-1.152,423.1,418.12,MSFT,SL25,warmup
2026-04-23,short,09:55,417.44,420.61,,10:20,420.61,SL,-1.093,423.1,418.12,MSFT,SL50,warmup
2026-04-23,short,09:55,417.44,421.86,,10:20,421.86,SL,-1.067,423.1,418.12,MSFT,SL75,warmup
2026-04-24,long,09:45,421.57,419.12,,10:00,419.12,SL,-1.12,420.21,415.86,MSFT,SL25,warmup
2026-04-24,long,09:45,421.57,418.03,,10:15,418.03,SL,-1.083,420.21,415.86,MSFT,SL50,warmup
2026-04-24,long,09:45,421.57,416.95,,15:55,424.58,Tagesschluss,0.632,420.21,415.86,MSFT,SL75,warmup
2026-04-27,long,10:25,424.62,422.17,,11:10,422.17,SL,-1.121,423.4,418.5,MSFT,SL25,warmup
2026-04-27,long,10:25,424.62,420.95,,15:55,425.06,Tagesschluss,0.097,423.4,418.5,MSFT,SL50,warmup
2026-04-27,long,10:25,424.62,419.72,,15:55,425.06,Tagesschluss,0.073,423.4,418.5,MSFT,SL75,warmup
2026-04-28,long,09:45,426.05,424.01,,15:55,429.36,Tagesschluss,1.578,424.72,421.9,MSFT,SL25,warmup
2026-04-28,long,09:45,426.05,423.31,,15:55,429.36,Tagesschluss,1.173,424.72,421.9,MSFT,SL50,warmup
2026-04-28,long,09:45,426.05,422.6,,15:55,429.36,Tagesschluss,0.933,424.72,421.9,MSFT,SL75,warmup
2026-04-28,long,10:50,425.8,423.31,430.78,15:55,429.36,Tagesschluss,1.395,424.72,421.9,MSFT,Video,warmup
2026-04-28,long,10:50,425.8,421.9,441.4,15:55,429.36,Tagesschluss,0.891,424.72,421.9,MSFT,RetestMax,warmup
2026-04-29,long,09:50,426.64,424.44,,10:00,424.44,SL,-1.135,425.33,421.78,MSFT,SL25,warmup
2026-04-29,long,09:50,426.64,423.55,,10:15,423.55,SL,-1.096,425.33,421.78,MSFT,SL50,warmup
2026-04-29,long,09:50,426.64,422.67,,12:20,422.67,SL,-1.075,425.33,421.78,MSFT,SL75,warmup
2026-04-30,short,09:40,409.8,411.12,,15:55,407.78,Tagesschluss,1.468,414.42,410.02,MSFT,SL25,warmup
2026-04-30,short,09:40,409.8,412.22,,15:55,407.78,Tagesschluss,0.801,414.42,410.02,MSFT,SL50,warmup
2026-04-30,short,09:40,409.8,413.32,,15:55,407.78,Tagesschluss,0.551,414.42,410.02,MSFT,SL75,warmup
2026-04-30,short,09:50,407.85,412.22,399.11,12:50,399.11,TP,1.982,414.42,410.02,MSFT,Video,warmup
2026-04-30,short,09:50,407.85,414.42,381.57,15:55,407.78,Tagesschluss,-0.002,414.42,410.02,MSFT,RetestMax,warmup
2026-05-01,long,09:35,415.32,413.86,,09:40,413.86,SL,-1.198,414.95,410.57,MSFT,SL25,warmup
2026-05-01,long,09:35,415.32,412.76,,09:55,412.76,SL,-1.113,414.95,410.57,MSFT,SL50,warmup
2026-05-01,long,09:35,415.32,411.67,,10:00,411.67,SL,-1.079,414.95,410.57,MSFT,SL75,warmup
2026-05-04,long,09:45,418.9,415.3,,10:00,415.3,SL,-1.081,416.8,410.8,MSFT,SL25,warmup
2026-05-04,long,09:45,418.9,413.8,,11:40,413.8,SL,-1.057,416.8,410.8,MSFT,SL50,warmup
2026-05-04,long,09:45,418.9,412.3,,15:05,412.3,SL,-1.044,416.8,410.8,MSFT,SL75,warmup
2026-05-05,short,09:35,412.0,414.94,,15:55,411.27,Tagesschluss,0.22,416.78,414.33,MSFT,SL25,warmup
2026-05-05,short,09:35,412.0,415.55,,15:55,411.27,Tagesschluss,0.182,416.78,414.33,MSFT,SL50,warmup
2026-05-05,short,09:35,412.0,416.17,,15:55,411.27,Tagesschluss,0.155,416.78,414.33,MSFT,SL75,warmup
2026-05-06,long,09:50,409.27,407.43,,15:55,413.76,Tagesschluss,2.392,408.2,405.11,MSFT,SL25,warmup
2026-05-06,long,09:50,409.27,406.65,,15:55,413.76,Tagesschluss,1.685,408.2,405.11,MSFT,SL50,warmup
2026-05-06,long,09:50,409.27,405.88,,15:55,413.76,Tagesschluss,1.301,408.2,405.11,MSFT,SL75,warmup
2026-05-07,long,09:35,424.83,421.95,,12:50,421.95,SL,-1.103,423.0,418.8,MSFT,SL25,warmup
2026-05-07,long,09:35,424.83,420.9,,13:20,420.9,SL,-1.075,423.0,418.8,MSFT,SL50,warmup
2026-05-07,long,09:35,424.83,419.85,,15:55,420.99,Tagesschluss,-0.788,423.0,418.8,MSFT,SL75,warmup
2026-05-07,long,10:00,424.43,420.9,431.49,13:20,420.9,SL,-1.084,423.0,418.8,MSFT,Video,warmup
2026-05-07,long,10:00,424.43,418.8,446.95,15:55,420.99,Tagesschluss,-0.626,423.0,418.8,MSFT,RetestMax,warmup
2026-05-08,long,09:45,418.15,416.99,,09:50,416.99,SL,-1.252,417.66,414.98,MSFT,SL25,warmup
2026-05-08,long,09:45,418.15,416.32,,09:50,416.32,SL,-1.16,417.66,414.98,MSFT,SL50,warmup
2026-05-08,long,09:45,418.15,415.65,,10:25,415.65,SL,-1.117,417.66,414.98,MSFT,SL75,warmup
2026-05-11,long,11:25,411.88,409.89,,12:55,409.89,SL,-1.144,411.35,405.5,MSFT,SL25,warmup
2026-05-11,long,11:25,411.88,408.43,,15:55,412.68,Tagesschluss,0.208,411.35,405.5,MSFT,SL50,warmup
2026-05-11,long,11:25,411.88,406.96,,15:55,412.68,Tagesschluss,0.146,411.35,405.5,MSFT,SL75,warmup
2026-05-12,short,09:35,407.41,410.92,,15:55,407.76,Tagesschluss,-0.123,415.5,409.4,MSFT,SL25,warmup
2026-05-12,short,09:35,407.41,412.45,,15:55,407.76,Tagesschluss,-0.086,415.5,409.4,MSFT,SL50,warmup
2026-05-12,short,09:35,407.41,413.97,,15:55,407.76,Tagesschluss,-0.066,415.5,409.4,MSFT,SL75,warmup
2026-05-13,long,11:40,405.08,403.97,,13:30,403.97,SL,-1.255,404.78,401.55,MSFT,SL25,warmup
2026-05-13,long,11:40,405.08,403.16,,15:55,405.12,Tagesschluss,-0.021,404.78,401.55,MSFT,SL50,warmup
2026-05-13,long,11:40,405.08,402.36,,15:55,405.12,Tagesschluss,-0.015,404.78,401.55,MSFT,SL75,warmup
2026-05-14,short,09:35,401.99,404.03,,09:50,404.03,SL,-1.139,405.57,403.51,MSFT,SL25,warmup
2026-05-14,short,09:35,401.99,404.54,,10:05,404.54,SL,-1.111,405.57,403.51,MSFT,SL50,warmup
2026-05-14,short,09:35,401.99,405.06,,10:05,405.06,SL,-1.092,405.57,403.51,MSFT,SL75,warmup
2026-05-15,long,09:35,417.66,415.19,,09:40,415.19,SL,-1.118,415.95,412.92,MSFT,SL25,warmup
2026-05-15,long,09:35,417.66,414.44,,09:45,414.44,SL,-1.09,415.95,412.92,MSFT,SL50,warmup
2026-05-15,long,09:35,417.66,413.68,,09:45,413.68,SL,-1.073,415.95,412.92,MSFT,SL75,warmup
2026-05-18,long,09:45,421.38,419.84,,10:35,419.84,SL,-1.191,421.25,415.61,MSFT,SL25,warmup
2026-05-18,long,09:45,421.38,418.43,,11:00,418.43,SL,-1.099,421.25,415.61,MSFT,SL50,warmup
2026-05-18,long,09:45,421.38,417.02,,11:15,417.02,SL,-1.067,421.25,415.61,MSFT,SL75,warmup
2026-05-18,long,10:10,423.0,418.43,432.14,11:00,418.43,SL,-1.064,421.25,415.61,MSFT,Video,warmup
2026-05-18,long,10:10,423.0,415.61,452.56,15:55,423.66,Tagesschluss,0.078,421.25,415.61,MSFT,RetestMax,warmup
2026-05-19,short,09:40,425.26,427.14,,09:45,427.14,SL,-1.159,432.7,425.28,MSFT,SL25,warmup
2026-05-19,short,09:40,425.26,428.99,,09:45,428.99,SL,-1.08,432.7,425.28,MSFT,SL50,warmup
2026-05-19,short,09:40,425.26,430.85,,09:50,430.85,SL,-1.054,432.7,425.28,MSFT,SL75,warmup
2026-05-20,short,09:35,412.76,413.91,,09:45,413.91,SL,-1.25,416.05,413.2,MSFT,SL25,warmup
2026-05-20,short,09:35,412.76,414.62,,09:45,414.62,SL,-1.155,416.05,413.2,MSFT,SL50,warmup
2026-05-20,short,09:35,412.76,415.34,,10:50,415.34,SL,-1.112,416.05,413.2,MSFT,SL75,warmup
2026-05-21,short,09:35,420.15,423.36,,15:55,419.04,Tagesschluss,0.319,426.34,422.37,MSFT,SL25,warmup
2026-05-21,short,09:35,420.15,424.35,,15:55,419.04,Tagesschluss,0.244,426.34,422.37,MSFT,SL50,warmup
2026-05-21,short,09:35,420.15,425.35,,15:55,419.04,Tagesschluss,0.197,426.34,422.37,MSFT,SL75,warmup
2026-05-22,long,09:35,423.86,421.19,,09:50,421.19,SL,-1.11,421.79,419.38,MSFT,SL25,warmup
2026-05-22,long,09:35,423.86,420.58,,09:55,420.58,SL,-1.09,421.79,419.38,MSFT,SL50,warmup
2026-05-22,long,09:35,423.86,419.98,,09:55,419.98,SL,-1.076,421.79,419.38,MSFT,SL75,warmup
2026-05-22,long,09:45,423.95,420.58,430.68,09:55,420.58,SL,-1.088,421.79,419.38,MSFT,Video,warmup
2026-05-22,long,09:45,423.95,419.38,442.24,10:05,419.38,SL,-1.064,421.79,419.38,MSFT,RetestMax,warmup
2026-05-22,long,09:45,423.95,419.38,442.24,10:05,419.38,SL,-1.064,421.79,419.38,MSFT,Retest3K,warmup
2026-05-26,long,09:55,417.73,416.38,,10:45,416.38,SL,-1.216,417.45,413.17,MSFT,SL25,warmup
2026-05-26,long,09:55,417.73,415.31,,10:55,415.31,SL,-1.12,417.45,413.17,MSFT,SL50,warmup
2026-05-26,long,09:55,417.73,414.24,,11:05,414.24,SL,-1.083,417.45,413.17,MSFT,SL75,warmup
2026-05-26,long,10:05,418.55,415.31,425.03,10:55,415.31,SL,-1.09,417.45,413.17,MSFT,Video,warmup
2026-05-26,long,10:05,418.55,413.17,440.07,13:35,413.17,SL,-1.054,417.45,413.17,MSFT,RetestMax,warmup
2026-05-27,long,09:40,412.57,411.77,,09:45,411.77,SL,-1.362,412.5,409.59,MSFT,SL25,warmup
2026-05-27,long,09:40,412.57,411.04,,09:50,411.04,SL,-1.189,412.5,409.59,MSFT,SL50,warmup
2026-05-27,long,09:40,412.57,410.32,,15:55,412.69,Tagesschluss,0.017,412.5,409.59,MSFT,SL75,warmup
2026-05-28,long,09:40,418.8,416.49,,09:45,416.49,SL,-1.126,417.77,412.67,MSFT,SL25,warmup
2026-05-28,long,09:40,418.8,415.22,,15:55,427.02,Tagesschluss,2.271,417.77,412.67,MSFT,SL50,warmup
2026-05-28,long,09:40,418.8,413.94,,15:55,427.02,Tagesschluss,1.675,417.77,412.67,MSFT,SL75,warmup
2026-05-28,long,09:50,421.85,415.22,435.11,15:55,427.02,Tagesschluss,0.767,417.77,412.67,MSFT,Video,warmup
2026-05-28,long,09:50,421.85,412.67,458.57,15:55,427.02,Tagesschluss,0.554,417.77,412.67,MSFT,RetestMax,warmup
2026-05-29,long,09:35,439.39,437.23,,15:55,448.64,Tagesschluss,4.249,438.85,432.36,MSFT,SL25,warmup
2026-05-29,long,09:35,439.39,435.6,,15:55,448.64,Tagesschluss,2.425,438.85,432.36,MSFT,SL50,warmup
2026-05-29,long,09:35,439.39,433.98,,15:55,448.64,Tagesschluss,1.697,438.85,432.36,MSFT,SL75,warmup
2026-06-02,short,09:50,445.04,447.66,,10:15,447.66,SL,-1.12,453.5,445.71,MSFT,SL25,warmup
2026-06-02,short,09:50,445.04,449.6,,15:55,441.29,Tagesschluss,0.802,453.5,445.71,MSFT,SL50,warmup
2026-06-02,short,09:50,445.04,451.55,,15:55,441.29,Tagesschluss,0.562,453.5,445.71,MSFT,SL75,warmup
2026-06-03,short,09:35,434.92,437.01,,15:55,427.58,Tagesschluss,3.475,440.39,435.88,MSFT,SL25,warmup
2026-06-03,short,09:35,434.92,438.14,,15:55,427.58,Tagesschluss,2.256,440.39,435.88,MSFT,SL50,warmup
2026-06-03,short,09:35,434.92,439.26,,15:55,427.58,Tagesschluss,1.67,440.39,435.88,MSFT,SL75,warmup
2026-06-05,short,09:40,426.12,427.32,,09:45,427.32,SL,-1.251,429.47,426.6,MSFT,SL25,warmup
2026-06-05,short,09:40,426.12,428.04,,15:55,416.68,Tagesschluss,4.901,429.47,426.6,MSFT,SL50,warmup
2026-06-05,short,09:40,426.12,428.75,,15:55,416.68,Tagesschluss,3.563,429.47,426.6,MSFT,SL75,warmup
2026-06-08,short,11:30,410.45,412.76,,14:50,412.76,SL,-1.125,417.16,411.3,MSFT,SL25,warmup
2026-06-08,short,11:30,410.45,414.23,,15:55,411.74,Tagesschluss,-0.362,417.16,411.3,MSFT,SL50,warmup
2026-06-08,short,11:30,410.45,415.69,,15:55,411.74,Tagesschluss,-0.261,417.16,411.3,MSFT,SL75,warmup
2026-06-09,long,09:40,409.87,408.74,,10:15,408.74,SL,-1.253,409.25,407.21,MSFT,SL25,warmup
2026-06-09,long,09:40,409.87,408.23,,10:45,408.23,SL,-1.174,409.25,407.21,MSFT,SL50,warmup
2026-06-09,long,09:40,409.87,407.72,,10:45,407.72,SL,-1.133,409.25,407.21,MSFT,SL75,warmup
2026-06-09,long,10:25,410.23,408.23,414.24,10:45,408.23,SL,-1.143,409.25,407.21,MSFT,Video,warmup
2026-06-09,long,10:25,410.23,407.21,422.33,10:45,407.21,SL,-1.094,409.25,407.21,MSFT,RetestMax,warmup
2026-06-10,long,09:40,402.49,400.27,,14:35,400.27,SL,-1.126,401.2,397.47,MSFT,SL25,warmup
2026-06-10,long,09:40,402.49,399.34,,15:20,399.34,SL,-1.089,401.2,397.47,MSFT,SL50,warmup
2026-06-10,long,09:40,402.49,398.4,,15:25,398.4,SL,-1.068,401.2,397.47,MSFT,SL75,warmup
2026-06-10,long,11:20,402.13,399.34,407.72,15:20,399.34,SL,-1.1,401.2,397.47,MSFT,Video,warmup
2026-06-10,long,11:20,402.13,397.47,420.77,15:50,397.47,SL,-1.06,401.2,397.47,MSFT,RetestMax,warmup
2026-06-11,short,09:35,389.49,392.22,,09:50,392.22,SL,-1.101,396.85,390.68,MSFT,SL25,warmup
2026-06-11,short,09:35,389.49,393.76,,15:55,390.03,Tagesschluss,-0.144,396.85,390.68,MSFT,SL50,warmup
2026-06-11,short,09:35,389.49,395.31,,15:55,390.03,Tagesschluss,-0.105,396.85,390.68,MSFT,SL75,warmup
2026-06-12,short,09:40,382.52,385.42,,10:35,385.42,SL,-1.093,391.62,383.35,MSFT,SL25,warmup
2026-06-12,short,09:40,382.52,387.49,,10:55,387.49,SL,-1.055,391.62,383.35,MSFT,SL50,warmup
2026-06-12,short,09:40,382.52,389.55,,11:10,389.55,SL,-1.039,391.62,383.35,MSFT,SL75,warmup
2026-06-12,short,09:50,382.5,387.49,372.53,10:55,387.49,SL,-1.054,391.62,383.35,MSFT,Video,warmup
2026-06-12,short,09:50,382.5,391.62,346.02,15:55,390.67,Tagesschluss,-0.904,391.62,383.35,MSFT,RetestMax,warmup
2026-06-15,long,09:55,398.33,396.62,,15:55,399.97,Tagesschluss,0.913,397.88,392.85,MSFT,SL25,warmup
2026-06-15,long,09:55,398.33,395.36,,15:55,399.97,Tagesschluss,0.526,397.88,392.85,MSFT,SL50,warmup
2026-06-15,long,09:55,398.33,394.1,,15:55,399.97,Tagesschluss,0.369,397.88,392.85,MSFT,SL75,warmup
2026-06-15,long,10:05,398.85,395.36,405.83,15:55,399.97,Tagesschluss,0.298,397.88,392.85,MSFT,Video,warmup
2026-06-15,long,10:05,398.85,392.85,422.87,15:55,399.97,Tagesschluss,0.173,397.88,392.85,MSFT,RetestMax,warmup
2026-06-17,short,10:35,386.22,387.65,,15:55,378.87,Tagesschluss,5.069,390.37,386.75,MSFT,SL25,warmup
2026-06-17,short,10:35,386.22,388.56,,15:55,378.87,Tagesschluss,3.108,390.37,386.75,MSFT,SL50,warmup
2026-06-17,short,10:35,386.22,389.46,,15:55,378.87,Tagesschluss,2.241,390.37,386.75,MSFT,SL75,warmup
2026-06-17,short,11:50,385.66,388.56,379.86,15:20,379.86,TP,1.974,390.37,386.75,MSFT,Video,warmup
2026-06-17,short,11:50,385.66,390.37,366.82,15:55,378.87,Tagesschluss,1.425,390.37,386.75,MSFT,RetestMax,warmup
2026-06-18,short,09:35,374.49,376.65,,10:00,376.65,SL,-1.122,379.52,375.69,MSFT,SL25,warmup
2026-06-18,short,09:35,374.49,377.61,,10:05,377.61,SL,-1.085,379.52,375.69,MSFT,SL50,warmup
2026-06-18,short,09:35,374.49,378.56,,10:10,378.56,SL,-1.065,379.52,375.69,MSFT,SL75,warmup
2026-06-22,long,09:35,377.73,376.71,,10:15,376.71,SL,-1.259,377.5,374.36,MSFT,SL25,warmup
2026-06-22,long,09:35,377.73,375.93,,10:15,375.93,SL,-1.146,377.5,374.36,MSFT,SL50,warmup
2026-06-22,long,09:35,377.73,375.14,,10:25,375.14,SL,-1.101,377.5,374.36,MSFT,SL75,warmup
2026-06-23,long,09:35,375.2,372.69,,09:50,372.69,SL,-1.104,373.36,370.69,MSFT,SL25,warmup
2026-06-23,long,09:35,375.2,372.03,,12:10,372.03,SL,-1.082,373.36,370.69,MSFT,SL50,warmup
2026-06-23,long,09:35,375.2,371.36,,15:55,373.9,Tagesschluss,-0.357,373.36,370.69,MSFT,SL75,warmup
2026-06-24,long,09:35,377.9,374.71,,09:45,374.71,SL,-1.082,375.95,371.0,MSFT,SL25,warmup
2026-06-24,long,09:35,377.9,373.48,,10:00,373.48,SL,-1.059,375.95,371.0,MSFT,SL50,warmup
2026-06-24,long,09:35,377.9,372.24,,12:40,372.24,SL,-1.046,375.95,371.0,MSFT,SL75,warmup
2026-06-25,short,09:45,357.32,360.31,,15:55,352.69,Tagesschluss,1.527,364.22,359.0,MSFT,SL25,warmup
2026-06-25,short,09:45,357.32,361.61,,15:55,352.69,Tagesschluss,1.063,364.22,359.0,MSFT,SL50,warmup
2026-06-25,short,09:45,357.32,362.92,,15:55,352.69,Tagesschluss,0.815,364.22,359.0,MSFT,SL75,warmup
2026-06-26,long,09:35,361.42,357.44,,15:55,371.36,Tagesschluss,2.483,358.11,355.43,MSFT,SL25,warmup
2026-06-26,long,09:35,361.42,356.77,,15:55,371.36,Tagesschluss,2.125,358.11,355.43,MSFT,SL50,warmup
2026-06-26,long,09:35,361.42,356.1,,15:55,371.36,Tagesschluss,1.857,358.11,355.43,MSFT,SL75,warmup
2026-06-29,short,10:50,374.51,376.34,,15:55,368.5,Tagesschluss,3.228,379.77,375.2,MSFT,SL25,warmup
2026-06-29,short,10:50,374.51,377.49,,15:55,368.5,Tagesschluss,1.99,379.77,375.2,MSFT,SL50,warmup
2026-06-29,short,10:50,374.51,378.63,,15:55,368.5,Tagesschluss,1.439,379.77,375.2,MSFT,SL75,warmup
2026-06-30,long,09:45,371.51,370.21,,10:55,370.21,SL,-1.2,371.13,367.47,MSFT,SL25,warmup
2026-06-30,long,09:45,371.51,369.3,,10:55,369.3,SL,-1.117,371.13,367.47,MSFT,SL50,warmup
2026-06-30,long,09:45,371.51,368.38,,11:05,368.38,SL,-1.083,371.13,367.47,MSFT,SL75,warmup
2026-06-30,long,09:55,372.59,369.3,379.17,10:55,369.3,SL,-1.079,371.13,367.47,MSFT,Video,warmup
2026-06-30,long,09:55,372.59,367.47,393.07,15:55,372.84,Tagesschluss,0.034,371.13,367.47,MSFT,RetestMax,warmup
2026-07-01,short,09:45,375.45,377.64,,09:50,377.64,SL,-1.12,380.98,376.53,MSFT,SL25,warmup
2026-07-01,short,09:45,375.45,378.76,,10:05,378.76,SL,-1.08,380.98,376.53,MSFT,SL50,warmup
2026-07-01,short,09:45,375.45,379.87,,10:05,379.87,SL,-1.06,380.98,376.53,MSFT,SL75,warmup
2026-07-02,long,10:00,386.73,386.01,,15:55,389.62,Tagesschluss,3.899,386.69,383.99,MSFT,SL25,warmup
2026-07-02,long,10:00,386.73,385.34,,15:55,389.62,Tagesschluss,2.012,386.69,383.99,MSFT,SL50,warmup
2026-07-02,long,10:00,386.73,384.66,,15:55,389.62,Tagesschluss,1.356,386.69,383.99,MSFT,SL75,warmup
2026-07-02,long,10:10,387.37,385.34,391.43,13:15,391.43,TP,1.962,386.69,383.99,MSFT,Video,warmup
2026-07-02,long,10:10,387.37,383.99,400.89,15:55,389.62,Tagesschluss,0.643,386.69,383.99,MSFT,RetestMax,warmup
2026-04-09,short,09:40,257.98,258.82,,12:00,258.82,SL,-1.216,260.03,258.41,AAPL,SL25,warmup
2026-04-09,short,09:40,257.98,259.22,,12:00,259.22,SL,-1.146,260.03,258.41,AAPL,SL50,warmup
2026-04-09,short,09:40,257.98,259.62,,12:55,259.62,SL,-1.11,260.03,258.41,AAPL,SL75,warmup
2026-04-09,short,09:50,257.8,259.22,254.96,12:00,259.22,SL,-1.128,260.03,258.41,AAPL,Video,warmup
2026-04-09,short,09:50,257.8,260.03,248.88,13:10,260.03,SL,-1.082,260.03,258.41,AAPL,RetestMax,warmup
2026-04-10,long,10:00,261.2,260.18,,12:35,260.18,SL,-1.18,260.55,259.07,AAPL,SL25,warmup
2026-04-10,long,10:00,261.2,259.81,,12:45,259.81,SL,-1.131,260.55,259.07,AAPL,SL50,warmup
2026-04-10,long,10:00,261.2,259.44,,13:20,259.44,SL,-1.104,260.55,259.07,AAPL,SL75,warmup
2026-04-13,short,09:35,257.82,258.54,,15:50,258.54,SL,-1.248,260.18,258.0,AAPL,SL25,warmup
2026-04-13,short,09:35,257.82,259.09,,15:50,259.09,SL,-1.142,260.18,258.0,AAPL,SL50,warmup
2026-04-13,short,09:35,257.82,259.63,,15:55,259.21,Tagesschluss,-0.795,260.18,258.0,AAPL,SL75,warmup
2026-04-13,short,09:45,257.63,259.09,254.71,15:50,259.09,SL,-1.124,260.18,258.0,AAPL,Video,warmup
2026-04-13,short,09:45,257.63,260.18,247.43,15:55,259.21,Tagesschluss,-0.64,260.18,258.0,AAPL,RetestMax,warmup
2026-04-13,short,09:45,257.63,260.18,247.43,15:55,259.21,Tagesschluss,-0.64,260.18,258.0,AAPL,Retest3K,warmup
2026-04-14,long,09:35,260.9,260.02,,09:50,260.02,SL,-1.209,260.33,259.1,AAPL,SL25,warmup
2026-04-14,long,09:35,260.9,259.71,,09:55,259.71,SL,-1.154,260.33,259.1,AAPL,SL50,warmup
2026-04-14,long,09:35,260.9,259.41,,09:55,259.41,SL,-1.122,260.33,259.1,AAPL,SL75,warmup
2026-04-15,long,09:35,260.11,259.44,,09:40,259.44,SL,-1.269,259.98,257.82,AAPL,SL25,warmup
2026-04-15,long,09:35,260.11,258.9,,09:40,258.9,SL,-1.149,259.98,257.82,AAPL,SL50,warmup
2026-04-15,long,09:35,260.11,258.36,,09:45,258.36,SL,-1.103,259.98,257.82,AAPL,SL75,warmup
2026-04-16,short,09:35,262.97,264.62,,15:55,263.36,Tagesschluss,-0.267,267.16,263.78,AAPL,SL25,warmup
2026-04-16,short,09:35,262.97,265.47,,15:55,263.36,Tagesschluss,-0.177,267.16,263.78,AAPL,SL50,warmup
2026-04-16,short,09:35,262.97,266.32,,15:55,263.36,Tagesschluss,-0.132,267.16,263.78,AAPL,SL75,warmup
2026-04-17,long,09:55,268.97,267.99,,15:55,270.18,Tagesschluss,1.182,268.41,266.72,AAPL,SL25,warmup
2026-04-17,long,09:55,268.97,267.56,,15:55,270.18,Tagesschluss,0.826,268.41,266.72,AAPL,SL50,warmup
2026-04-17,long,09:55,268.97,267.14,,15:55,270.18,Tagesschluss,0.635,268.41,266.72,AAPL,SL75,warmup
2026-04-17,long,10:30,269.37,267.56,272.98,15:55,270.18,Tagesschluss,0.422,268.41,266.72,AAPL,Video,warmup
2026-04-17,long,10:30,269.37,266.72,279.97,15:55,270.18,Tagesschluss,0.287,268.41,266.72,AAPL,RetestMax,warmup
2026-04-20,long,09:35,272.5,271.95,,09:40,271.95,SL,-1.346,272.49,270.33,AAPL,SL25,warmup
2026-04-20,long,09:35,272.5,271.41,,15:55,272.93,Tagesschluss,0.344,272.49,270.33,AAPL,SL50,warmup
2026-04-20,long,09:35,272.5,270.87,,15:55,272.93,Tagesschluss,0.23,272.49,270.33,AAPL,SL75,warmup
2026-04-21,short,10:10,270.39,271.19,,15:55,266.22,Tagesschluss,5.193,272.8,270.65,AAPL,SL25,warmup
2026-04-21,short,10:10,270.39,271.72,,15:55,266.22,Tagesschluss,3.096,272.8,270.65,AAPL,SL50,warmup
2026-04-21,short,10:10,270.39,272.26,,15:55,266.22,Tagesschluss,2.205,272.8,270.65,AAPL,SL75,warmup
2026-04-21,short,10:20,270.14,271.72,266.98,11:50,266.98,TP,1.966,272.8,270.65,AAPL,Video,warmup
2026-04-21,short,10:20,270.14,272.8,259.52,15:55,266.22,Tagesschluss,1.458,272.8,270.65,AAPL,RetestMax,warmup
2026-04-22,long,09:40,268.24,267.87,,15:55,273.19,Tagesschluss,13.232,268.15,267.03,AAPL,SL25,warmup
2026-04-22,long,09:40,268.24,267.59,,15:55,273.19,Tagesschluss,7.532,268.15,267.03,AAPL,SL50,warmup
2026-04-22,long,09:40,268.24,267.31,,15:55,273.19,Tagesschluss,5.264,268.15,267.03,AAPL,SL75,warmup
2026-04-22,long,10:00,268.82,267.59,271.28,10:15,271.28,TP,1.956,268.15,267.03,AAPL,Video,warmup
2026-04-22,long,10:00,268.82,267.03,275.98,15:55,273.19,Tagesschluss,2.411,268.15,267.03,AAPL,RetestMax,warmup
2026-04-23,short,09:40,273.53,274.53,,10:05,274.53,SL,-1.192,275.67,274.15,AAPL,SL25,warmup
2026-04-23,short,09:40,273.53,274.91,,15:55,273.44,Tagesschluss,0.026,275.67,274.15,AAPL,SL50,warmup
2026-04-23,short,09:40,273.53,275.29,,15:55,273.44,Tagesschluss,0.02,275.67,274.15,AAPL,SL75,warmup
2026-04-24,short,11:35,269.96,270.84,,11:50,270.84,SL,-1.215,273.06,270.1,AAPL,SL25,warmup
2026-04-24,short,11:35,269.96,271.58,,12:10,271.58,SL,-1.117,273.06,270.1,AAPL,SL50,warmup
2026-04-24,short,11:35,269.96,272.32,,15:55,271.06,Tagesschluss,-0.489,273.06,270.1,AAPL,SL75,warmup
2026-04-27,long,09:45,267.97,267.18,,10:05,267.18,SL,-1.236,267.88,265.07,AAPL,SL25,warmup
2026-04-27,long,09:45,267.97,266.48,,12:20,266.48,SL,-1.125,267.88,265.07,AAPL,SL50,warmup
2026-04-27,long,09:45,267.97,265.77,,15:55,267.68,Tagesschluss,-0.156,267.88,265.07,AAPL,SL75,warmup
2026-04-27,long,09:55,268.24,266.48,271.77,12:20,266.48,SL,-1.106,267.88,265.07,AAPL,Video,warmup
2026-04-27,long,09:55,268.24,265.07,280.92,15:55,267.68,Tagesschluss,-0.194,267.88,265.07,AAPL,RetestMax,warmup
2026-04-29,long,09:45,269.35,268.25,,11:50,268.25,SL,-1.171,268.65,267.04,AAPL,SL25,warmup
2026-04-29,long,09:45,269.35,267.84,,15:55,270.19,Tagesschluss,0.527,268.65,267.04,AAPL,SL50,warmup
2026-04-29,long,09:45,269.35,267.44,,15:55,270.19,Tagesschluss,0.416,268.65,267.04,AAPL,SL75,warmup
2026-04-29,long,10:00,269.56,267.84,272.99,15:55,270.19,Tagesschluss,0.336,268.65,267.04,AAPL,Video,warmup
2026-04-29,long,10:00,269.56,267.04,279.64,15:55,270.19,Tagesschluss,0.229,268.65,267.04,AAPL,RetestMax,warmup
2026-04-30,long,10:00,271.63,270.35,,15:55,270.35,SL,-1.148,270.89,268.75,AAPL,SL25,warmup
2026-04-30,long,10:00,271.63,269.82,,15:55,271.36,Tagesschluss,-0.179,270.89,268.75,AAPL,SL50,warmup
2026-04-30,long,10:00,271.63,269.28,,15:55,271.36,Tagesschluss,-0.138,270.89,268.75,AAPL,SL75,warmup
2026-04-30,long,10:20,271.8,269.82,275.76,15:50,275.76,TP,1.972,270.89,268.75,AAPL,Video,warmup
2026-04-30,long,10:20,271.8,268.75,284.0,15:55,271.36,Tagesschluss,-0.162,270.89,268.75,AAPL,RetestMax,warmup
2026-05-01,long,09:55,283.95,282.4,,10:40,282.4,SL,-1.128,283.75,278.37,AAPL,SL25,warmup
2026-05-01,long,09:55,283.95,281.06,,14:00,281.06,SL,-1.068,283.75,278.37,AAPL,SL50,warmup
2026-05-01,long,09:55,283.95,279.71,,15:50,279.71,SL,-1.046,283.75,278.37,AAPL,SL75,warmup
2026-05-01,long,10:05,285.42,281.06,294.14,14:00,281.06,SL,-1.045,283.75,278.37,AAPL,Video,warmup
2026-05-01,long,10:05,285.42,278.37,313.62,15:55,280.15,Tagesschluss,-0.756,283.75,278.37,AAPL,RetestMax,warmup
2026-05-04,short,09:50,276.18,277.7,,10:35,277.7,SL,-1.128,280.63,276.72,AAPL,SL25,warmup
2026-05-04,short,09:50,276.18,278.68,,15:55,276.84,Tagesschluss,-0.287,280.63,276.72,AAPL,SL50,warmup
2026-05-04,short,09:50,276.18,279.65,,15:55,276.84,Tagesschluss,-0.206,280.63,276.72,AAPL,SL75,warmup
2026-05-05,long,09:55,279.57,278.54,,15:55,284.17,Tagesschluss,4.412,279.22,276.5,AAPL,SL25,warmup
2026-05-05,long,09:55,279.57,277.86,,15:55,284.17,Tagesschluss,2.658,279.22,276.5,AAPL,SL50,warmup
2026-05-05,long,09:55,279.57,277.18,,15:55,284.17,Tagesschluss,1.902,279.22,276.5,AAPL,SL75,warmup
2026-05-05,long,10:20,279.7,277.86,283.38,13:15,283.38,TP,1.969,279.22,276.5,AAPL,Video,warmup
2026-05-05,long,10:20,279.7,276.5,292.5,15:55,284.17,Tagesschluss,1.38,279.22,276.5,AAPL,RetestMax,warmup
2026-05-06,long,09:35,282.98,282.5,,09:40,282.5,SL,-1.405,282.97,281.08,AAPL,SL25,warmup
2026-05-06,long,09:35,282.98,282.02,,15:55,287.53,Tagesschluss,4.663,282.97,281.08,AAPL,SL50,warmup
2026-05-06,long,09:35,282.98,281.55,,15:55,287.53,Tagesschluss,3.125,282.97,281.08,AAPL,SL75,warmup
2026-05-07,long,09:55,291.03,289.66,,11:40,289.66,SL,-1.148,290.15,288.2,AAPL,SL25,warmup
2026-05-07,long,09:55,291.03,289.18,,11:55,289.18,SL,-1.109,290.15,288.2,AAPL,SL50,warmup
2026-05-07,long,09:55,291.03,288.69,,12:50,288.69,SL,-1.086,290.15,288.2,AAPL,SL75,warmup
2026-05-07,long,11:15,291.36,289.18,295.73,11:55,289.18,SL,-1.093,290.15,288.2,AAPL,Video,warmup
2026-05-07,long,11:15,291.36,288.2,304.0,13:45,288.2,SL,-1.064,290.15,288.2,AAPL,RetestMax,warmup
2026-05-08,long,09:40,293.4,292.53,,10:10,292.53,SL,-1.235,293.37,290.0,AAPL,SL25,warmup
2026-05-08,long,09:40,293.4,291.68,,15:55,293.28,Tagesschluss,-0.104,293.37,290.0,AAPL,SL50,warmup
2026-05-08,long,09:40,293.4,290.84,,15:55,293.28,Tagesschluss,-0.07,293.37,290.0,AAPL,SL75,warmup
2026-05-11,short,09:40,290.33,291.05,,09:55,291.05,SL,-1.283,292.7,290.5,AAPL,SL25,warmup
2026-05-11,short,09:40,290.33,291.6,,09:55,291.6,SL,-1.161,292.7,290.5,AAPL,SL50,warmup
2026-05-11,short,09:40,290.33,292.15,,10:00,292.15,SL,-1.112,292.7,290.5,AAPL,SL75,warmup
2026-05-11,short,09:50,290.23,291.6,287.49,09:55,291.6,SL,-1.149,292.7,290.5,AAPL,Video,warmup
2026-05-11,short,09:50,290.23,292.7,280.35,10:15,292.7,SL,-1.083,292.7,290.5,AAPL,RetestMax,warmup
2026-05-12,long,09:55,294.05,293.43,,10:00,293.43,SL,-1.327,293.68,292.65,AAPL,SL25,warmup
2026-05-12,long,09:55,294.05,293.17,,10:05,293.17,SL,-1.231,293.68,292.65,AAPL,SL50,warmup
2026-05-12,long,09:55,294.05,292.91,,15:55,294.87,Tagesschluss,0.66,293.68,292.65,AAPL,SL75,warmup
2026-05-13,long,09:35,297.04,296.13,,09:45,296.13,SL,-1.229,296.99,293.56,AAPL,SL25,warmup
2026-05-13,long,09:35,297.04,295.27,,10:00,295.27,SL,-1.117,296.99,293.56,AAPL,SL50,warmup
2026-05-13,long,09:35,297.04,294.42,,15:55,298.88,Tagesschluss,0.679,296.99,293.56,AAPL,SL75,warmup
2026-05-14,short,09:55,297.39,298.2,,10:10,298.2,SL,-1.256,300.35,297.49,AAPL,SL25,warmup
2026-05-14,short,09:55,297.39,298.92,,11:05,298.92,SL,-1.137,300.35,297.49,AAPL,SL50,warmup
2026-05-14,short,09:55,297.39,299.64,,15:55,298.17,Tagesschluss,-0.372,300.35,297.49,AAPL,SL75,warmup
2026-05-15,long,10:10,299.06,298.04,,15:55,300.22,Tagesschluss,1.076,298.54,296.53,AAPL,SL25,warmup
2026-05-15,long,10:10,299.06,297.54,,15:55,300.22,Tagesschluss,0.721,298.54,296.53,AAPL,SL50,warmup
2026-05-15,long,10:10,299.06,297.03,,15:55,300.22,Tagesschluss,0.543,298.54,296.53,AAPL,SL75,warmup
2026-05-18,short,10:00,297.18,298.18,,10:10,298.18,SL,-1.209,300.63,297.36,AAPL,SL25,warmup
2026-05-18,short,10:00,297.18,299.0,,15:55,297.9,Tagesschluss,-0.429,300.63,297.36,AAPL,SL50,warmup
2026-05-18,short,10:00,297.18,299.81,,15:55,297.9,Tagesschluss,-0.296,300.63,297.36,AAPL,SL75,warmup
2026-05-19,long,09:35,299.79,298.8,,10:00,298.8,SL,-1.211,299.62,296.35,AAPL,SL25,warmup
2026-05-19,long,09:35,299.79,297.99,,10:10,297.99,SL,-1.116,299.62,296.35,AAPL,SL50,warmup
2026-05-19,long,09:35,299.79,297.17,,10:25,297.17,SL,-1.079,299.62,296.35,AAPL,SL75,warmup
2026-05-19,long,09:45,300.39,297.99,305.2,10:10,297.99,SL,-1.087,299.62,296.35,AAPL,Video,warmup
2026-05-19,long,09:45,300.39,296.35,316.55,15:55,298.98,Tagesschluss,-0.364,299.62,296.35,AAPL,RetestMax,warmup
2026-05-19,long,09:45,300.39,296.35,316.55,15:55,298.98,Tagesschluss,-0.364,299.62,296.35,AAPL,Retest3K,warmup
2026-05-20,long,09:40,301.88,300.19,,09:55,300.19,SL,-1.124,300.89,298.09,AAPL,SL25,warmup
2026-05-20,long,09:40,301.88,299.49,,10:00,299.49,SL,-1.088,300.89,298.09,AAPL,SL50,warmup
2026-05-20,long,09:40,301.88,298.79,,11:40,298.79,SL,-1.068,300.89,298.09,AAPL,SL75,warmup
2026-05-21,long,09:35,301.91,301.45,,10:10,301.45,SL,-1.459,301.8,300.4,AAPL,SL25,warmup
2026-05-21,long,09:35,301.91,301.1,,15:55,305.09,Tagesschluss,3.851,301.8,300.4,AAPL,SL50,warmup
2026-05-21,long,09:35,301.91,300.75,,15:55,305.09,Tagesschluss,2.689,301.8,300.4,AAPL,SL75,warmup
2026-05-21,long,09:50,302.47,301.1,305.21,15:15,305.21,TP,1.956,301.8,300.4,AAPL,Video,warmup
2026-05-21,long,09:50,302.47,300.4,310.75,15:55,305.09,Tagesschluss,1.236,301.8,300.4,AAPL,RetestMax,warmup
2026-05-22,long,09:55,308.73,307.8,,15:55,308.88,Tagesschluss,0.09,308.45,305.85,AAPL,SL25,warmup
2026-05-22,long,09:55,308.73,307.15,,15:55,308.88,Tagesschluss,0.053,308.45,305.85,AAPL,SL50,warmup
2026-05-22,long,09:55,308.73,306.5,,15:55,308.88,Tagesschluss,0.038,308.45,305.85,AAPL,SL75,warmup
2026-05-22,long,10:05,308.74,307.15,311.92,15:55,308.88,Tagesschluss,0.049,308.45,305.85,AAPL,Video,warmup
2026-05-22,long,10:05,308.74,305.85,320.3,15:55,308.88,Tagesschluss,0.027,308.45,305.85,AAPL,RetestMax,warmup
2026-05-26,long,10:10,311.5,310.97,,10:15,310.97,SL,-1.409,311.49,309.4,AAPL,SL25,warmup
2026-05-26,long,10:10,311.5,310.44,,11:45,310.44,SL,-1.206,311.49,309.4,AAPL,SL50,warmup
2026-05-26,long,10:10,311.5,309.92,,12:05,309.92,SL,-1.138,311.49,309.4,AAPL,SL75,warmup
2026-05-27,long,09:55,311.91,310.7,,12:45,310.7,SL,-1.18,311.49,308.33,AAPL,SL25,warmup
2026-05-27,long,09:55,311.91,309.91,,15:25,309.91,SL,-1.109,311.49,308.33,AAPL,SL50,warmup
2026-05-27,long,09:55,311.91,309.12,,15:55,310.93,Tagesschluss,-0.373,311.49,308.33,AAPL,SL75,warmup
2026-05-27,long,10:10,312.55,309.91,317.83,15:25,309.91,SL,-1.082,311.49,308.33,AAPL,Video,warmup
2026-05-27,long,10:10,312.55,308.33,329.43,15:55,310.93,Tagesschluss,-0.399,311.49,308.33,AAPL,RetestMax,warmup
2026-05-28,long,09:45,311.93,310.62,,11:50,310.62,SL,-1.166,310.94,309.65,AAPL,SL25,warmup
2026-05-28,long,09:45,311.93,310.29,,12:30,310.29,SL,-1.133,310.94,309.65,AAPL,SL50,warmup
2026-05-28,long,09:45,311.93,309.97,,12:35,309.97,SL,-1.111,310.94,309.65,AAPL,SL75,warmup
2026-05-29,short,10:55,311.44,312.38,,15:50,312.38,SL,-1.234,315.0,311.5,AAPL,SL25,warmup
2026-05-29,short,10:55,311.44,313.25,,15:55,312.07,Tagesschluss,-0.383,315.0,311.5,AAPL,SL50,warmup
2026-05-29,short,10:55,311.44,314.12,,15:55,312.07,Tagesschluss,-0.258,315.0,311.5,AAPL,SL75,warmup
2026-05-29,short,11:05,310.62,313.25,305.36,15:55,312.07,Tagesschluss,-0.575,315.0,311.5,AAPL,Video,warmup
2026-05-29,short,11:05,310.62,315.0,293.1,15:55,312.07,Tagesschluss,-0.345,315.0,311.5,AAPL,RetestMax,warmup
2026-06-01,short,10:25,307.84,309.04,,15:55,306.32,Tagesschluss,1.21,310.68,308.5,AAPL,SL25,warmup
2026-06-01,short,10:25,307.84,309.59,,15:55,306.32,Tagesschluss,0.833,310.68,308.5,AAPL,SL50,warmup
2026-06-01,short,10:25,307.84,310.13,,15:55,306.32,Tagesschluss,0.636,310.68,308.5,AAPL,SL75,warmup
2026-06-01,short,10:35,307.59,309.59,303.59,15:55,306.32,Tagesschluss,0.604,310.68,308.5,AAPL,Video,warmup
2026-06-01,short,10:35,307.59,310.68,295.23,15:55,306.32,Tagesschluss,0.391,310.68,308.5,AAPL,RetestMax,warmup
2026-06-02,long,10:25,310.34,309.1,,15:55,315.19,Tagesschluss,3.853,309.89,306.72,AAPL,SL25,warmup
2026-06-02,long,10:25,310.34,308.31,,15:55,315.19,Tagesschluss,2.353,309.89,306.72,AAPL,SL50,warmup
2026-06-02,long,10:25,310.34,307.51,,15:55,315.19,Tagesschluss,1.693,309.89,306.72,AAPL,SL75,warmup
2026-06-03,long,09:40,316.63,315.95,,09:45,315.95,SL,-1.325,316.6,314.0,AAPL,SL25,warmup
2026-06-03,long,09:40,316.63,315.3,,09:55,315.3,SL,-1.166,316.6,314.0,AAPL,SL50,warmup
2026-06-03,long,09:40,316.63,314.65,,10:00,314.65,SL,-1.111,316.6,314.0,AAPL,SL75,warmup
2026-06-04,short,10:25,310.25,311.34,,11:05,311.34,SL,-1.199,313.54,310.61,AAPL,SL25,warmup
2026-06-04,short,10:25,310.25,312.07,,15:55,311.16,Tagesschluss,-0.533,313.54,310.61,AAPL,SL50,warmup
2026-06-04,short,10:25,310.25,312.81,,15:55,311.16,Tagesschluss,-0.38,313.54,310.61,AAPL,SL75,warmup
2026-06-05,long,09:45,314.44,313.79,,09:50,313.79,SL,-1.337,314.25,312.4,AAPL,SL25,warmup
2026-06-05,long,09:45,314.44,313.32,,09:50,313.32,SL,-1.197,314.25,312.4,AAPL,SL50,warmup
2026-06-05,long,09:45,314.44,312.86,,10:05,312.86,SL,-1.139,314.25,312.4,AAPL,SL75,warmup
2026-06-08,long,10:55,315.27,313.51,,11:30,313.51,SL,-1.125,315.17,308.52,AAPL,SL25,warmup
2026-06-08,long,10:55,315.27,311.85,,13:35,311.85,SL,-1.064,315.17,308.52,AAPL,SL50,warmup
2026-06-08,long,10:55,315.27,310.18,,13:40,310.18,SL,-1.043,315.17,308.52,AAPL,SL75,warmup
2026-06-09,short,09:40,297.27,298.37,,15:55,290.36,Tagesschluss,6.214,300.72,297.59,AAPL,SL25,warmup
2026-06-09,short,09:40,297.27,299.16,,15:55,290.36,Tagesschluss,3.635,300.72,297.59,AAPL,SL50,warmup
2026-06-09,short,09:40,297.27,299.94,,15:55,290.36,Tagesschluss,2.568,300.72,297.59,AAPL,SL75,warmup
2026-06-10,long,11:40,291.39,290.41,,11:45,290.41,SL,-1.209,291.0,288.64,AAPL,SL25,warmup
2026-06-10,long,11:40,291.39,289.82,,15:55,291.5,Tagesschluss,0.036,291.0,288.64,AAPL,SL50,warmup
2026-06-10,long,11:40,291.39,289.23,,15:55,291.5,Tagesschluss,0.026,291.0,288.64,AAPL,SL75,warmup
2026-06-11,short,10:00,290.88,291.73,,11:25,291.73,SL,-1.241,293.79,291.04,AAPL,SL25,warmup
2026-06-11,short,10:00,290.88,292.41,,11:35,292.41,SL,-1.133,293.79,291.04,AAPL,SL50,warmup
2026-06-11,short,10:00,290.88,293.1,,11:45,293.1,SL,-1.092,293.79,291.04,AAPL,SL75,warmup
2026-06-12,short,09:35,293.59,295.45,,15:55,291.08,Tagesschluss,1.316,297.14,294.89,AAPL,SL25,warmup
2026-06-12,short,09:35,293.59,296.02,,15:55,291.08,Tagesschluss,1.011,297.14,294.89,AAPL,SL50,warmup
2026-06-12,short,09:35,293.59,296.58,,15:55,291.08,Tagesschluss,0.821,297.14,294.89,AAPL,SL75,warmup
2026-06-15,long,09:35,294.63,293.61,,15:55,296.42,Tagesschluss,1.701,294.25,291.7,AAPL,SL25,warmup
2026-06-15,long,09:35,294.63,292.98,,15:55,296.42,Tagesschluss,1.046,294.25,291.7,AAPL,SL50,warmup
2026-06-15,long,09:35,294.63,292.34,,15:55,296.42,Tagesschluss,0.755,294.25,291.7,AAPL,SL75,warmup
2026-06-16,long,09:50,297.48,295.79,,15:55,299.25,Tagesschluss,1.018,296.28,294.32,AAPL,SL25,warmup
2026-06-16,long,09:50,297.48,295.3,,15:55,299.25,Tagesschluss,0.789,296.28,294.32,AAPL,SL50,warmup
2026-06-16,long,09:50,297.48,294.81,,15:55,299.25,Tagesschluss,0.644,296.28,294.32,AAPL,SL75,warmup
2026-06-17,short,10:35,298.92,300.16,,15:55,295.88,Tagesschluss,2.408,302.07,299.52,AAPL,SL25,warmup
2026-06-17,short,10:35,298.92,300.8,,15:55,295.88,Tagesschluss,1.59,302.07,299.52,AAPL,SL50,warmup
2026-06-17,short,10:35,298.92,301.43,,15:55,295.88,Tagesschluss,1.186,302.07,299.52,AAPL,SL75,warmup
2026-06-18,short,09:35,296.36,298.67,,09:55,298.67,SL,-1.091,300.46,298.07,AAPL,SL25,warmup
2026-06-18,short,09:35,296.36,299.26,,10:05,299.26,SL,-1.072,300.46,298.07,AAPL,SL50,warmup
2026-06-18,short,09:35,296.36,299.86,,10:45,299.86,SL,-1.06,300.46,298.07,AAPL,SL75,warmup
2026-06-22,long,09:35,301.21,299.6,,10:35,299.6,SL,-1.131,300.33,297.43,AAPL,SL25,warmup
2026-06-22,long,09:35,301.21,298.88,,14:00,298.88,SL,-1.09,300.33,297.43,AAPL,SL50,warmup
2026-06-22,long,09:35,301.21,298.15,,15:30,298.15,SL,-1.068,300.33,297.43,AAPL,SL75,warmup
2026-06-23,long,09:35,298.92,297.53,,11:35,297.53,SL,-1.15,298.31,295.18,AAPL,SL25,warmup
2026-06-23,long,09:35,298.92,296.74,,15:15,296.74,SL,-1.096,298.31,295.18,AAPL,SL50,warmup
2026-06-23,long,09:35,298.92,295.96,,15:15,295.96,SL,-1.07,298.31,295.18,AAPL,SL75,warmup
2026-06-23,long,10:25,300.53,296.74,308.1,15:15,296.74,SL,-1.055,298.31,295.18,AAPL,Video,warmup
2026-06-23,long,10:25,300.53,295.18,321.93,15:55,295.18,SL,-1.039,298.31,295.18,AAPL,RetestMax,warmup
2026-06-24,long,10:40,296.48,295.64,,13:55,295.64,SL,-1.246,296.46,293.2,AAPL,SL25,warmup
2026-06-24,long,10:40,296.48,294.83,,14:45,294.83,SL,-1.125,296.46,293.2,AAPL,SL50,warmup
2026-06-24,long,10:40,296.48,294.02,,15:55,294.02,SL,-1.083,296.46,293.2,AAPL,SL75,warmup
2026-06-24,long,10:50,297.08,294.83,301.58,14:45,294.83,SL,-1.092,296.46,293.2,AAPL,Video,warmup
2026-06-24,long,10:50,297.08,293.2,312.6,15:55,293.2,SL,-1.053,296.46,293.2,AAPL,RetestMax,warmup
2026-06-25,short,09:35,281.15,285.75,,15:55,275.05,Tagesschluss,1.315,288.8,284.73,AAPL,SL25,warmup
2026-06-25,short,09:35,281.15,286.76,,15:55,275.05,Tagesschluss,1.076,288.8,284.73,AAPL,SL50,warmup
2026-06-25,short,09:35,281.15,287.78,,15:55,275.05,Tagesschluss,0.911,288.8,284.73,AAPL,SL75,warmup
2026-06-26,long,10:10,278.19,277.05,,10:20,277.05,SL,-1.171,278.0,274.21,AAPL,SL25,warmup
2026-06-26,long,10:10,278.19,276.1,,12:05,276.1,SL,-1.093,278.0,274.21,AAPL,SL50,warmup
2026-06-26,long,10:10,278.19,275.16,,15:55,281.2,Tagesschluss,0.974,278.0,274.21,AAPL,SL75,warmup
2026-06-29,short,09:35,285.68,286.44,,15:55,281.63,Tagesschluss,5.279,288.37,285.8,AAPL,SL25,warmup
2026-06-29,short,09:35,285.68,287.08,,15:55,281.63,Tagesschluss,2.856,288.37,285.8,AAPL,SL50,warmup
2026-06-29,short,09:35,285.68,287.73,,15:55,281.63,Tagesschluss,1.958,288.37,285.8,AAPL,SL75,warmup
2026-06-29,short,09:45,283.73,287.08,277.04,15:55,281.63,Tagesschluss,0.612,288.37,285.8,AAPL,Video,warmup
2026-06-29,short,09:45,283.73,288.37,265.2,15:55,281.63,Tagesschluss,0.442,288.37,285.8,AAPL,RetestMax,warmup
2026-06-29,short,09:45,283.73,288.37,265.2,15:55,281.63,Tagesschluss,0.442,288.37,285.8,AAPL,Retest3K,warmup
2026-06-30,long,09:35,284.35,282.8,,15:55,289.09,Tagesschluss,3.032,283.5,280.7,AAPL,SL25,warmup
2026-06-30,long,09:35,284.35,282.1,,15:55,289.09,Tagesschluss,2.086,283.5,280.7,AAPL,SL50,warmup
2026-06-30,long,09:35,284.35,281.4,,15:55,289.09,Tagesschluss,1.59,283.5,280.7,AAPL,SL75,warmup
2026-07-01,long,10:35,293.57,292.63,,15:55,294.25,Tagesschluss,0.66,293.39,290.33,AAPL,SL25,warmup
2026-07-01,long,10:35,293.57,291.86,,15:55,294.25,Tagesschluss,0.364,293.39,290.33,AAPL,SL50,warmup
2026-07-01,long,10:35,293.57,291.1,,15:55,294.25,Tagesschluss,0.251,293.39,290.33,AAPL,SL75,warmup
2026-07-01,long,10:45,294.84,291.86,300.8,15:55,294.25,Tagesschluss,-0.218,293.39,290.33,AAPL,Video,warmup
2026-07-01,long,10:45,294.84,290.33,312.88,15:55,294.25,Tagesschluss,-0.144,293.39,290.33,AAPL,RetestMax,warmup
2026-07-02,long,09:35,300.13,298.29,,15:55,308.22,Tagesschluss,4.352,299.82,293.68,AAPL,SL25,warmup
2026-07-02,long,09:35,300.13,296.75,,15:55,308.22,Tagesschluss,2.375,299.82,293.68,AAPL,SL50,warmup
2026-07-02,long,09:35,300.13,295.21,,15:55,308.22,Tagesschluss,1.634,299.82,293.68,AAPL,SL75,warmup
2026-07-02,long,09:45,301.14,296.75,309.92,15:55,308.22,Tagesschluss,1.599,299.82,293.68,AAPL,Video,warmup
2026-07-02,long,09:45,301.14,293.68,330.98,15:55,308.22,Tagesschluss,0.941,299.82,293.68,AAPL,RetestMax,warmup
2026-07-02,long,09:45,301.14,293.68,330.98,15:55,308.22,Tagesschluss,0.941,299.82,293.68,AAPL,Retest3K,warmup
2026-04-09,long,09:45,225.58,225.14,,09:50,225.14,SL,-1.358,225.5,224.06,AMZN,SL25,warmup
2026-04-09,long,09:45,225.58,224.78,,09:55,224.78,SL,-1.197,225.5,224.06,AMZN,SL50,warmup
2026-04-09,long,09:45,225.58,224.42,,10:25,224.42,SL,-1.136,225.5,224.06,AMZN,SL75,warmup
2026-04-10,long,09:35,238.27,237.06,,09:45,237.06,SL,-1.137,237.67,235.21,AMZN,SL25,warmup
2026-04-10,long,09:35,238.27,236.44,,15:55,238.36,Tagesschluss,0.023,237.67,235.21,AMZN,SL50,warmup
2026-04-10,long,09:35,238.27,235.83,,15:55,238.36,Tagesschluss,0.017,237.67,235.21,AMZN,SL75,warmup
2026-04-13,short,09:40,236.54,237.36,,09:55,237.36,SL,-1.203,238.2,237.08,AMZN,SL25,warmup
2026-04-13,short,09:40,236.54,237.64,,09:55,237.64,SL,-1.151,238.2,237.08,AMZN,SL50,warmup
2026-04-13,short,09:40,236.54,237.92,,10:05,237.92,SL,-1.121,238.2,237.08,AMZN,SL75,warmup
2026-04-14,long,09:35,246.3,244.22,,15:55,249.03,Tagesschluss,1.292,245.04,241.78,AMZN,SL25,warmup
2026-04-14,long,09:35,246.3,243.41,,15:55,249.03,Tagesschluss,0.927,245.04,241.78,AMZN,SL50,warmup
2026-04-14,long,09:35,246.3,242.59,,15:55,249.03,Tagesschluss,0.723,245.04,241.78,AMZN,SL75,warmup
2026-04-14,long,10:20,245.89,243.41,250.85,13:35,250.85,TP,1.98,245.04,241.78,AMZN,Video,warmup
2026-04-14,long,10:20,245.89,241.78,262.33,15:55,249.03,Tagesschluss,0.752,245.04,241.78,AMZN,RetestMax,warmup
2026-04-15,short,10:35,247.29,248.28,,10:50,248.28,SL,-1.176,250.44,247.55,AMZN,SL25,warmup
2026-04-15,short,10:35,247.29,249.0,,12:20,249.0,SL,-1.102,250.44,247.55,AMZN,SL50,warmup
2026-04-15,short,10:35,247.29,249.72,,15:55,248.41,Tagesschluss,-0.482,250.44,247.55,AMZN,SL75,warmup
2026-04-16,short,09:35,246.6,247.5,,11:15,247.5,SL,-1.193,250.0,246.67,AMZN,SL25,warmup
2026-04-16,short,09:35,246.6,248.33,,11:50,248.33,SL,-1.1,250.0,246.67,AMZN,SL50,warmup
2026-04-16,short,09:35,246.6,249.17,,13:25,249.17,SL,-1.068,250.0,246.67,AMZN,SL75,warmup
2026-04-16,short,09:45,246.05,248.33,241.48,11:50,248.33,SL,-1.076,250.0,246.67,AMZN,Video,warmup
2026-04-16,short,09:45,246.05,250.0,230.25,15:55,249.71,Tagesschluss,-0.939,250.0,246.67,AMZN,RetestMax,warmup
2026-04-16,short,09:45,246.05,250.0,230.25,15:55,249.71,Tagesschluss,-0.939,250.0,246.67,AMZN,Retest3K,warmup
2026-04-20,short,09:40,247.24,248.28,,14:40,248.28,SL,-1.168,250.14,247.66,AMZN,SL25,warmup
2026-04-20,short,09:40,247.24,248.9,,15:55,248.29,Tagesschluss,-0.661,250.14,247.66,AMZN,SL50,warmup
2026-04-20,short,09:40,247.24,249.52,,15:55,248.29,Tagesschluss,-0.481,250.14,247.66,AMZN,SL75,warmup
2026-04-21,short,11:00,251.47,252.42,,11:10,252.42,SL,-1.186,255.0,251.56,AMZN,SL25,warmup
2026-04-21,short,11:00,251.47,253.28,,15:55,249.95,Tagesschluss,0.812,255.0,251.56,AMZN,SL50,warmup
2026-04-21,short,11:00,251.47,254.14,,15:55,249.95,Tagesschluss,0.551,255.0,251.56,AMZN,SL75,warmup
2026-04-22,long,10:00,252.95,251.96,,15:55,255.34,Tagesschluss,2.375,252.51,250.33,AMZN,SL25,warmup
2026-04-22,long,10:00,252.95,251.42,,15:55,255.34,Tagesschluss,1.529,252.51,250.33,AMZN,SL50,warmup
2026-04-22,long,10:00,252.95,250.88,,15:55,255.34,Tagesschluss,1.127,252.51,250.33,AMZN,SL75,warmup
2026-04-23,long,10:25,255.69,255.08,,13:15,255.08,SL,-1.294,255.5,253.83,AMZN,SL25,warmup
2026-04-23,long,10:25,255.69,254.67,,13:25,254.67,SL,-1.174,255.5,253.83,AMZN,SL50,warmup
2026-04-23,long,10:25,255.69,254.25,,13:40,254.25,SL,-1.123,255.5,253.83,AMZN,SL75,warmup
2026-04-24,long,10:20,261.38,259.95,,10:30,259.95,SL,-1.127,260.7,257.68,AMZN,SL25,warmup
2026-04-24,long,10:20,261.38,259.19,,15:55,263.88,Tagesschluss,1.119,260.7,257.68,AMZN,SL50,warmup
2026-04-24,long,10:20,261.38,258.44,,15:55,263.88,Tagesschluss,0.832,260.7,257.68,AMZN,SL75,warmup
2026-04-27,short,09:45,261.14,262.31,,10:30,262.31,SL,-1.157,264.15,261.69,AMZN,SL25,warmup
2026-04-27,short,09:45,261.14,262.92,,10:35,262.92,SL,-1.103,264.15,261.69,AMZN,SL50,warmup
2026-04-27,short,09:45,261.14,263.54,,15:55,261.08,Tagesschluss,0.003,264.15,261.69,AMZN,SL75,warmup
2026-04-27,short,10:10,261.1,262.92,257.44,10:35,262.92,SL,-1.101,264.15,261.69,AMZN,Video,warmup
2026-04-27,short,10:10,261.1,264.15,248.88,15:55,261.08,Tagesschluss,-0.012,264.15,261.69,AMZN,RetestMax,warmup
2026-04-28,long,09:40,258.77,257.99,,13:20,257.99,SL,-1.232,258.44,256.65,AMZN,SL25,warmup
2026-04-28,long,09:40,258.77,257.54,,15:55,259.77,Tagesschluss,0.774,258.44,256.65,AMZN,SL50,warmup
2026-04-28,long,09:40,258.77,257.1,,15:55,259.77,Tagesschluss,0.567,258.44,256.65,AMZN,SL75,warmup
2026-04-28,long,09:50,260.08,257.54,265.15,15:55,259.77,Tagesschluss,-0.143,258.44,256.65,AMZN,Video,warmup
2026-04-28,long,09:50,260.08,256.65,273.8,15:55,259.77,Tagesschluss,-0.106,258.44,256.65,AMZN,RetestMax,warmup
2026-04-29,long,09:40,260.62,259.02,,15:55,263.27,Tagesschluss,1.622,259.46,257.7,AMZN,SL25,warmup
2026-04-29,long,09:40,260.62,258.58,,15:55,263.27,Tagesschluss,1.273,259.46,257.7,AMZN,SL50,warmup
2026-04-29,long,09:40,260.62,258.14,,15:55,263.27,Tagesschluss,1.047,259.46,257.7,AMZN,SL75,warmup
2026-04-30,short,09:35,260.21,268.36,,15:55,265.03,Tagesschluss,-0.598,273.87,266.52,AMZN,SL25,warmup
2026-04-30,short,09:35,260.21,270.19,,15:55,265.03,Tagesschluss,-0.488,273.87,266.52,AMZN,SL50,warmup
2026-04-30,short,09:35,260.21,272.03,,15:55,265.03,Tagesschluss,-0.412,273.87,266.52,AMZN,SL75,warmup
2026-05-01,long,09:50,267.51,265.09,,15:55,268.34,Tagesschluss,0.324,265.86,262.78,AMZN,SL25,warmup
2026-05-01,long,09:50,267.51,264.32,,15:55,268.34,Tagesschluss,0.245,265.86,262.78,AMZN,SL50,warmup
2026-05-01,long,09:50,267.51,263.55,,15:55,268.34,Tagesschluss,0.198,265.86,262.78,AMZN,SL75,warmup
2026-05-04,long,10:35,274.58,271.95,,11:35,271.95,SL,-1.072,272.98,268.86,AMZN,SL25,warmup
2026-05-04,long,10:35,274.58,270.92,,11:40,270.92,SL,-1.052,272.98,268.86,AMZN,SL50,warmup
2026-05-04,long,10:35,274.58,269.89,,12:45,269.89,SL,-1.04,272.98,268.86,AMZN,SL75,warmup
2026-05-04,long,11:05,274.7,270.92,282.26,11:40,270.92,SL,-1.05,272.98,268.86,AMZN,Video,warmup
2026-05-04,long,11:05,274.7,268.86,298.06,15:55,272.05,Tagesschluss,-0.463,272.98,268.86,AMZN,RetestMax,warmup
2026-05-05,short,10:10,275.29,276.24,,10:30,276.24,SL,-1.203,278.47,275.5,AMZN,SL25,warmup
2026-05-05,short,10:10,275.29,276.99,,10:40,276.99,SL,-1.114,278.47,275.5,AMZN,SL50,warmup
2026-05-05,short,10:10,275.29,277.73,,15:55,273.5,Tagesschluss,0.712,278.47,275.5,AMZN,SL75,warmup
2026-05-06,long,09:45,275.15,274.1,,09:50,274.1,SL,-1.181,274.73,272.21,AMZN,SL25,warmup
2026-05-06,long,09:45,275.15,273.47,,09:55,273.47,SL,-1.113,274.73,272.21,AMZN,SL50,warmup
2026-05-06,long,09:45,275.15,272.84,,10:05,272.84,SL,-1.082,274.73,272.21,AMZN,SL75,warmup
2026-05-07,short,09:45,273.38,274.25,,15:55,271.25,Tagesschluss,2.399,276.63,273.45,AMZN,SL25,warmup
2026-05-07,short,09:45,273.38,275.04,,15:55,271.25,Tagesschluss,1.25,276.63,273.45,AMZN,SL50,warmup
2026-05-07,short,09:45,273.38,275.84,,15:55,271.25,Tagesschluss,0.845,276.63,273.45,AMZN,SL75,warmup
2026-05-08,long,09:45,272.73,271.56,,10:45,271.56,SL,-1.163,271.98,270.3,AMZN,SL25,warmup
2026-05-08,long,09:45,272.73,271.14,,15:55,272.68,Tagesschluss,-0.066,271.98,270.3,AMZN,SL50,warmup
2026-05-08,long,09:45,272.73,270.72,,15:55,272.68,Tagesschluss,-0.052,271.98,270.3,AMZN,SL75,warmup
2026-05-08,long,09:55,273.04,271.14,276.84,15:55,272.68,Tagesschluss,-0.219,271.98,270.3,AMZN,Video,warmup
2026-05-08,long,09:55,273.04,270.3,284.01,15:55,272.68,Tagesschluss,-0.152,271.98,270.3,AMZN,RetestMax,warmup
2026-05-11,long,09:35,272.18,271.2,,10:50,271.2,SL,-1.194,271.88,269.17,AMZN,SL25,warmup
2026-05-11,long,09:35,272.18,270.53,,14:15,270.53,SL,-1.115,271.88,269.17,AMZN,SL50,warmup
2026-05-11,long,09:35,272.18,269.85,,14:30,269.85,SL,-1.081,271.88,269.17,AMZN,SL75,warmup
2026-05-11,long,09:45,272.96,270.53,277.83,14:15,270.53,SL,-1.078,271.88,269.17,AMZN,Video,warmup
2026-05-11,long,09:45,272.96,269.17,288.12,15:50,269.17,SL,-1.05,271.88,269.17,AMZN,RetestMax,warmup
2026-05-11,long,09:45,272.96,269.17,288.12,15:50,269.17,SL,-1.05,271.88,269.17,AMZN,Retest3K,warmup
2026-05-12,short,09:35,264.99,266.03,,09:40,266.03,SL,-1.179,267.65,265.49,AMZN,SL25,warmup
2026-05-12,short,09:35,264.99,266.57,,15:55,265.89,Tagesschluss,-0.603,267.65,265.49,AMZN,SL50,warmup
2026-05-12,short,09:35,264.99,267.11,,15:55,265.89,Tagesschluss,-0.449,267.65,265.49,AMZN,SL75,warmup
2026-05-12,short,09:45,264.91,266.57,261.59,15:55,265.89,Tagesschluss,-0.622,267.65,265.49,AMZN,Video,warmup
2026-05-12,short,09:45,264.91,267.65,253.95,15:55,265.89,Tagesschluss,-0.377,267.65,265.49,AMZN,RetestMax,warmup
2026-05-12,short,09:45,264.91,267.65,253.95,15:55,265.89,Tagesschluss,-0.377,267.65,265.49,AMZN,Retest3K,warmup
2026-05-13,long,09:40,265.32,264.64,,09:45,264.64,SL,-1.275,265.08,263.34,AMZN,SL25,warmup
2026-05-13,long,09:40,265.32,264.21,,15:55,270.08,Tagesschluss,4.241,265.08,263.34,AMZN,SL50,warmup
2026-05-13,long,09:40,265.32,263.77,,15:55,270.08,Tagesschluss,3.047,265.08,263.34,AMZN,SL75,warmup
2026-05-13,long,09:50,265.35,264.21,267.63,11:35,267.63,TP,1.953,265.08,263.34,AMZN,Video,warmup
2026-05-13,long,09:50,265.35,263.34,273.39,15:55,270.08,Tagesschluss,2.327,265.08,263.34,AMZN,RetestMax,warmup
2026-05-14,long,09:40,270.38,269.56,,09:50,269.56,SL,-1.229,269.95,268.37,AMZN,SL25,warmup
2026-05-14,long,09:40,270.38,269.16,,09:50,269.16,SL,-1.155,269.95,268.37,AMZN,SL50,warmup
2026-05-14,long,09:40,270.38,268.76,,09:55,268.76,SL,-1.117,269.95,268.37,AMZN,SL75,warmup
2026-05-15,long,10:00,262.95,262.29,,10:05,262.29,SL,-1.276,262.75,260.89,AMZN,SL25,warmup
2026-05-15,long,10:00,262.95,261.82,,11:50,261.82,SL,-1.162,262.75,260.89,AMZN,SL50,warmup
2026-05-15,long,10:00,262.95,261.36,,11:50,261.36,SL,-1.115,262.75,260.89,AMZN,SL75,warmup
2026-05-15,long,10:10,263.76,261.82,267.64,11:50,261.82,SL,-1.095,262.75,260.89,AMZN,Video,warmup
2026-05-15,long,10:10,263.76,260.89,275.24,15:55,264.21,Tagesschluss,0.138,262.75,260.89,AMZN,RetestMax,warmup
2026-05-18,long,09:35,266.4,264.27,,12:25,264.27,SL,-1.087,264.85,262.53,AMZN,SL25,warmup
2026-05-18,long,09:35,266.4,263.69,,14:15,263.69,SL,-1.068,264.85,262.53,AMZN,SL50,warmup
2026-05-18,long,09:35,266.4,263.11,,14:25,263.11,SL,-1.056,264.85,262.53,AMZN,SL75,warmup
2026-05-19,short,09:40,259.46,260.28,,09:50,260.28,SL,-1.224,262.21,259.63,AMZN,SL25,warmup
2026-05-19,short,09:40,259.46,260.92,,15:55,259.42,Tagesschluss,-0.005,262.21,259.63,AMZN,SL50,warmup
2026-05-19,short,09:40,259.46,261.57,,15:55,259.42,Tagesschluss,-0.004,262.21,259.63,AMZN,SL75,warmup
2026-05-20,long,10:00,261.73,261.2,,10:05,261.2,SL,-1.348,261.59,260.05,AMZN,SL25,warmup
2026-05-20,long,10:00,261.73,260.82,,10:05,260.82,SL,-1.201,261.59,260.05,AMZN,SL50,warmup
2026-05-20,long,10:00,261.73,260.43,,10:10,260.43,SL,-1.141,261.59,260.05,AMZN,SL75,warmup
2026-05-21,long,11:10,264.8,263.73,,15:55,268.39,Tagesschluss,3.313,264.52,261.37,AMZN,SL25,warmup
2026-05-21,long,11:10,264.8,262.94,,15:55,268.39,Tagesschluss,1.907,264.52,261.37,AMZN,SL50,warmup
2026-05-21,long,11:10,264.8,262.16,,15:55,268.39,Tagesschluss,1.338,264.52,261.37,AMZN,SL75,warmup
2026-05-22,short,10:05,267.87,268.47,,10:25,268.47,SL,-1.313,269.7,268.06,AMZN,SL25,warmup
2026-05-22,short,10:05,267.87,268.88,,11:05,268.88,SL,-1.186,269.7,268.06,AMZN,SL50,warmup
2026-05-22,short,10:05,267.87,269.29,,11:55,269.29,SL,-1.133,269.7,268.06,AMZN,SL75,warmup
2026-05-26,short,09:35,267.27,267.83,,10:05,267.83,SL,-1.334,269.3,267.33,AMZN,SL25,warmup
2026-05-26,short,09:35,267.27,268.32,,15:55,265.31,Tagesschluss,1.807,269.3,267.33,AMZN,SL50,warmup
2026-05-26,short,09:35,267.27,268.81,,15:55,265.31,Tagesschluss,1.232,269.3,267.33,AMZN,SL75,warmup
2026-05-26,short,09:45,266.82,268.32,263.83,11:00,263.83,TP,1.965,269.3,267.33,AMZN,Video,warmup
2026-05-26,short,09:45,266.82,269.3,256.9,15:55,265.31,Tagesschluss,0.587,269.3,267.33,AMZN,RetestMax,warmup
2026-05-26,short,09:45,266.82,269.3,256.9,15:55,265.31,Tagesschluss,0.587,269.3,267.33,AMZN,Retest3K,warmup
2026-05-27,long,10:00,270.05,267.97,,15:55,271.87,Tagesschluss,0.853,268.66,265.91,AMZN,SL25,warmup
2026-05-27,long,10:00,270.05,267.29,,15:55,271.87,Tagesschluss,0.641,268.66,265.91,AMZN,SL50,warmup
2026-05-27,long,10:00,270.05,266.6,,15:55,271.87,Tagesschluss,0.513,268.66,265.91,AMZN,SL75,warmup
2026-05-28,short,09:35,269.63,270.39,,10:50,270.39,SL,-1.248,272.32,269.75,AMZN,SL25,warmup
2026-05-28,short,09:35,269.63,271.03,,13:20,271.03,SL,-1.135,272.32,269.75,AMZN,SL50,warmup
2026-05-28,short,09:35,269.63,271.68,,13:30,271.68,SL,-1.093,272.32,269.75,AMZN,SL75,warmup
2026-05-28,short,09:45,268.68,271.03,263.96,13:20,271.03,SL,-1.08,272.32,269.75,AMZN,Video,warmup
2026-05-28,short,09:45,268.68,272.32,254.1,13:45,272.32,SL,-1.052,272.32,269.75,AMZN,RetestMax,warmup
2026-05-28,short,09:45,268.68,272.32,254.1,13:45,272.32,SL,-1.052,272.32,269.75,AMZN,Retest3K,warmup
2026-05-29,long,09:40,274.38,273.22,,09:50,273.22,SL,-1.166,274.07,270.68,AMZN,SL25,warmup
2026-05-29,long,09:40,274.38,272.38,,10:05,272.38,SL,-1.095,274.07,270.68,AMZN,SL50,warmup
2026-05-29,long,09:40,274.38,271.53,,10:15,271.53,SL,-1.067,274.07,270.68,AMZN,SL75,warmup
2026-06-01,short,09:40,262.89,263.95,,09:45,263.95,SL,-1.175,266.63,263.06,AMZN,SL25,warmup
2026-06-01,short,09:40,262.89,264.85,,09:45,264.85,SL,-1.095,266.63,263.06,AMZN,SL50,warmup
2026-06-01,short,09:40,262.89,265.74,,15:55,261.24,Tagesschluss,0.564,266.63,263.06,AMZN,SL75,warmup
2026-06-02,long,10:30,258.39,257.01,,15:55,257.01,SL,-1.131,257.88,254.41,AMZN,SL25,warmup
2026-06-02,long,10:30,258.39,256.15,,15:55,256.5,Tagesschluss,-0.865,257.88,254.41,AMZN,SL50,warmup
2026-06-02,long,10:30,258.39,255.28,,15:55,256.5,Tagesschluss,-0.624,257.88,254.41,AMZN,SL75,warmup
2026-06-03,short,10:15,253.3,254.31,,15:55,249.97,Tagesschluss,3.223,257.0,253.42,AMZN,SL25,warmup
2026-06-03,short,10:15,253.3,255.21,,15:55,249.97,Tagesschluss,1.713,257.0,253.42,AMZN,SL50,warmup
2026-06-03,short,10:15,253.3,256.1,,15:55,249.97,Tagesschluss,1.167,257.0,253.42,AMZN,SL75,warmup
2026-06-03,short,10:35,252.59,255.21,247.35,15:55,249.97,Tagesschluss,0.981,257.0,253.42,AMZN,Video,warmup
2026-06-03,short,10:35,252.59,257.0,234.95,15:55,249.97,Tagesschluss,0.583,257.0,253.42,AMZN,RetestMax,warmup
2026-06-04,long,09:55,254.64,253.44,,10:10,253.44,SL,-1.148,253.99,251.78,AMZN,SL25,warmup
2026-06-04,long,09:55,254.64,252.89,,15:45,252.89,SL,-1.101,253.99,251.78,AMZN,SL50,warmup
2026-06-04,long,09:55,254.64,252.33,,15:45,252.33,SL,-1.077,253.99,251.78,AMZN,SL75,warmup
2026-06-05,short,09:50,253.33,254.29,,09:55,254.29,SL,-1.186,256.38,253.59,AMZN,SL25,warmup
2026-06-05,short,09:50,253.33,254.99,,15:55,245.97,Tagesschluss,4.417,256.38,253.59,AMZN,SL50,warmup
2026-06-05,short,09:50,253.33,255.68,,15:55,245.97,Tagesschluss,3.107,256.38,253.59,AMZN,SL75,warmup
2026-06-05,short,10:00,252.83,254.99,248.52,14:15,248.52,TP,1.977,256.38,253.59,AMZN,Video,warmup
2026-06-05,short,10:00,252.83,256.38,238.63,15:55,245.97,Tagesschluss,1.918,256.38,253.59,AMZN,RetestMax,warmup
2026-06-08,short,11:30,245.65,247.18,,15:55,245.21,Tagesschluss,0.256,249.42,246.43,AMZN,SL25,warmup
2026-06-08,short,11:30,245.65,247.92,,15:55,245.21,Tagesschluss,0.172,249.42,246.43,AMZN,SL50,warmup
2026-06-08,short,11:30,245.65,248.67,,15:55,245.21,Tagesschluss,0.129,249.42,246.43,AMZN,SL75,warmup
2026-06-09,long,09:35,250.07,248.49,,09:40,248.49,SL,-1.111,249.15,246.51,AMZN,SL25,warmup
2026-06-09,long,09:35,250.07,247.83,,10:10,247.83,SL,-1.078,249.15,246.51,AMZN,SL50,warmup
2026-06-09,long,09:35,250.07,247.17,,10:15,247.17,SL,-1.06,249.15,246.51,AMZN,SL75,warmup
2026-06-10,short,09:45,241.48,242.26,,10:15,242.26,SL,-1.219,244.05,241.66,AMZN,SL25,warmup
2026-06-10,short,09:45,241.48,242.86,,15:55,237.95,Tagesschluss,2.547,244.05,241.66,AMZN,SL50,warmup
2026-06-10,short,09:45,241.48,243.45,,15:55,237.95,Tagesschluss,1.774,244.05,241.66,AMZN,SL75,warmup
2026-06-11,short,09:35,236.43,236.95,,09:45,236.95,SL,-1.319,238.47,236.45,AMZN,SL25,warmup
2026-06-11,short,09:35,236.43,237.46,,09:50,237.46,SL,-1.162,238.47,236.45,AMZN,SL50,warmup
2026-06-11,short,09:35,236.43,237.97,,09:50,237.97,SL,-1.109,238.47,236.45,AMZN,SL75,warmup
2026-06-12,short,09:40,235.48,238.73,,15:55,238.53,Tagesschluss,-0.952,243.33,237.2,AMZN,SL25,warmup
2026-06-12,short,09:40,235.48,240.26,,15:55,238.53,Tagesschluss,-0.647,243.33,237.2,AMZN,SL50,warmup
2026-06-12,short,09:40,235.48,241.8,,15:55,238.53,Tagesschluss,-0.49,243.33,237.2,AMZN,SL75,warmup
2026-06-12,short,10:35,236.2,240.26,228.07,15:55,238.53,Tagesschluss,-0.585,243.33,237.2,AMZN,Video,warmup
2026-06-12,short,10:35,236.2,243.33,207.68,15:55,238.53,Tagesschluss,-0.333,243.33,237.2,AMZN,RetestMax,warmup
2026-06-15,long,09:45,247.2,246.33,,10:00,246.33,SL,-1.2,246.87,244.73,AMZN,SL25,warmup
2026-06-15,long,09:45,247.2,245.8,,10:10,245.8,SL,-1.123,246.87,244.73,AMZN,SL50,warmup
2026-06-15,long,09:45,247.2,245.26,,15:55,246.1,Tagesschluss,-0.594,246.87,244.73,AMZN,SL75,warmup
2026-06-16,short,10:00,246.34,246.96,,10:05,246.96,SL,-1.279,248.43,246.47,AMZN,SL25,warmup
2026-06-16,short,10:00,246.34,247.45,,10:50,247.45,SL,-1.156,248.43,246.47,AMZN,SL50,warmup
2026-06-16,short,10:00,246.34,247.94,,10:55,247.94,SL,-1.108,248.43,246.47,AMZN,SL75,warmup
2026-06-17,short,09:35,242.9,244.48,,15:55,237.44,Tagesschluss,3.431,245.91,244.0,AMZN,SL25,warmup
2026-06-17,short,09:35,242.9,244.96,,15:55,237.44,Tagesschluss,2.634,245.91,244.0,AMZN,SL50,warmup
2026-06-17,short,09:35,242.9,245.43,,15:55,237.44,Tagesschluss,2.137,245.91,244.0,AMZN,SL75,warmup
2026-06-18,short,09:35,236.79,238.0,,09:55,238.0,SL,-1.137,240.88,237.04,AMZN,SL25,warmup
2026-06-18,short,09:35,236.79,238.96,,10:00,238.96,SL,-1.077,240.88,237.04,AMZN,SL50,warmup
2026-06-18,short,09:35,236.79,239.92,,10:15,239.92,SL,-1.053,240.88,237.04,AMZN,SL75,warmup
2026-06-22,short,09:50,238.8,240.12,,15:55,232.79,Tagesschluss,4.5,242.0,239.5,AMZN,SL25,warmup
2026-06-22,short,09:50,238.8,240.75,,15:55,232.79,Tagesschluss,3.058,242.0,239.5,AMZN,SL50,warmup
2026-06-22,short,09:50,238.8,241.38,,15:55,232.79,Tagesschluss,2.316,242.0,239.5,AMZN,SL75,warmup
2026-06-22,short,10:10,238.12,240.75,232.86,11:20,232.86,TP,1.982,242.0,239.5,AMZN,Video,warmup
2026-06-22,short,10:10,238.12,242.0,222.6,15:55,232.79,Tagesschluss,1.362,242.0,239.5,AMZN,RetestMax,warmup
2026-06-23,long,09:35,234.64,233.24,,11:35,233.24,SL,-1.117,233.65,232.0,AMZN,SL25,warmup
2026-06-23,long,09:35,234.64,232.82,,15:55,234.1,Tagesschluss,-0.323,233.65,232.0,AMZN,SL50,warmup
2026-06-23,long,09:35,234.64,232.41,,15:55,234.1,Tagesschluss,-0.263,233.65,232.0,AMZN,SL75,warmup
2026-06-23,long,10:00,235.14,232.82,239.77,15:55,234.1,Tagesschluss,-0.47,233.65,232.0,AMZN,Video,warmup
2026-06-23,long,10:00,235.14,232.0,247.7,15:55,234.1,Tagesschluss,-0.346,233.65,232.0,AMZN,RetestMax,warmup
2026-06-24,long,09:35,237.54,235.98,,15:25,235.98,SL,-1.106,236.99,232.95,AMZN,SL25,warmup
2026-06-24,long,09:35,237.54,234.97,,15:50,234.97,SL,-1.064,236.99,232.95,AMZN,SL50,warmup
2026-06-24,long,09:35,237.54,233.96,,15:55,233.96,SL,-1.046,236.99,232.95,AMZN,SL75,warmup
2026-06-24,long,09:50,238.17,234.97,244.57,15:50,234.97,SL,-1.051,236.99,232.95,AMZN,Video,warmup
2026-06-24,long,09:50,238.17,232.95,259.05,15:55,234.35,Tagesschluss,-0.741,236.99,232.95,AMZN,RetestMax,warmup
2026-06-26,long,09:35,228.66,227.51,,09:45,227.51,SL,-1.138,227.98,226.12,AMZN,SL25,warmup
2026-06-26,long,09:35,228.66,227.05,,09:50,227.05,SL,-1.099,227.98,226.12,AMZN,SL50,warmup
2026-06-26,long,09:35,228.66,226.59,,09:50,226.59,SL,-1.076,227.98,226.12,AMZN,SL75,warmup
2026-06-29,long,09:35,239.38,236.91,,15:55,240.12,Tagesschluss,0.283,237.95,233.8,AMZN,SL25,warmup
2026-06-29,long,09:35,239.38,235.88,,15:55,240.12,Tagesschluss,0.199,237.95,233.8,AMZN,SL50,warmup
2026-06-29,long,09:35,239.38,234.84,,15:55,240.12,Tagesschluss,0.154,237.95,233.8,AMZN,SL75,warmup
2026-06-30,long,10:30,240.54,239.21,,10:45,239.21,SL,-1.126,239.88,237.19,AMZN,SL25,warmup
2026-06-30,long,10:30,240.54,238.54,,10:50,238.54,SL,-1.083,239.88,237.19,AMZN,SL50,warmup
2026-06-30,long,10:30,240.54,237.86,,11:00,237.86,SL,-1.062,239.88,237.19,AMZN,SL75,warmup
2026-07-01,short,09:40,236.25,238.15,,09:55,238.15,SL,-1.088,239.98,237.54,AMZN,SL25,warmup
2026-07-01,short,09:40,236.25,238.76,,10:00,238.76,SL,-1.066,239.98,237.54,AMZN,SL50,warmup
2026-07-01,short,09:40,236.25,239.37,,10:10,239.37,SL,-1.054,239.98,237.54,AMZN,SL75,warmup
2026-07-02,long,10:35,244.98,243.9,,11:05,243.9,SL,-1.158,244.7,241.51,AMZN,SL25,warmup
2026-07-02,long,10:35,244.98,243.1,,14:55,243.1,SL,-1.091,244.7,241.51,AMZN,SL50,warmup
2026-07-02,long,10:35,244.98,242.31,,15:55,242.31,SL,-1.064,244.7,241.51,AMZN,SL75,warmup
2026-04-09,short,09:35,313.12,313.91,,09:40,313.91,SL,-1.278,315.44,313.4,GOOGL,SL25,warmup
2026-04-09,short,09:35,313.12,314.42,,09:40,314.42,SL,-1.169,315.44,313.4,GOOGL,SL50,warmup
2026-04-09,short,09:35,313.12,314.93,,11:15,314.93,SL,-1.122,315.44,313.4,GOOGL,SL75,warmup
2026-04-10,short,09:45,319.91,320.46,,09:50,320.46,SL,-1.41,321.83,320.0,GOOGL,SL25,warmup
2026-04-10,short,09:45,319.91,320.91,,09:50,320.91,SL,-1.223,321.83,320.0,GOOGL,SL50,warmup
2026-04-10,short,09:45,319.91,321.37,,15:55,317.25,Tagesschluss,1.775,321.83,320.0,GOOGL,SL75,warmup
2026-04-13,long,10:00,319.06,318.08,,10:15,318.08,SL,-1.227,318.92,315.55,GOOGL,SL25,warmup
2026-04-13,long,10:00,319.06,317.24,,15:55,321.39,Tagesschluss,1.242,318.92,315.55,GOOGL,SL50,warmup
2026-04-13,long,10:00,319.06,316.39,,15:55,321.39,Tagesschluss,0.849,318.92,315.55,GOOGL,SL75,warmup
2026-04-14,long,09:50,326.8,325.92,,15:55,332.93,Tagesschluss,6.9,326.65,323.75,GOOGL,SL25,warmup
2026-04-14,long,09:50,326.8,325.2,,15:55,332.93,Tagesschluss,3.78,326.65,323.75,GOOGL,SL50,warmup
2026-04-14,long,09:50,326.8,324.47,,15:55,332.93,Tagesschluss,2.603,326.65,323.75,GOOGL,SL75,warmup
2026-04-15,short,09:35,331.64,332.59,,09:55,332.59,SL,-1.244,334.0,332.12,GOOGL,SL25,warmup
2026-04-15,short,09:35,331.64,333.06,,10:00,333.06,SL,-1.164,334.0,332.12,GOOGL,SL50,warmup
2026-04-15,short,09:35,331.64,333.53,,10:00,333.53,SL,-1.123,334.0,332.12,GOOGL,SL75,warmup
2026-04-16,short,09:50,336.02,337.11,,10:10,337.11,SL,-1.216,339.82,336.21,GOOGL,SL25,warmup
2026-04-16,short,09:50,336.02,338.01,,10:50,338.01,SL,-1.119,339.82,336.21,GOOGL,SL50,warmup
2026-04-16,short,09:50,336.02,338.92,,15:55,335.99,Tagesschluss,-0.013,339.82,336.21,GOOGL,SL75,warmup
2026-04-16,short,10:00,335.82,338.01,331.43,10:50,338.01,SL,-1.108,339.82,336.21,GOOGL,Video,warmup
2026-04-16,short,10:00,335.82,339.82,319.82,15:55,335.99,Tagesschluss,-0.059,339.82,336.21,GOOGL,RetestMax,warmup
2026-04-17,short,09:50,336.68,337.25,,10:00,337.25,SL,-1.414,338.75,336.75,GOOGL,SL25,warmup
2026-04-17,short,09:50,336.68,337.75,,10:00,337.75,SL,-1.221,338.75,336.75,GOOGL,SL50,warmup
2026-04-17,short,09:50,336.68,338.25,,11:30,338.25,SL,-1.151,338.75,336.75,GOOGL,SL75,warmup
2026-04-20,short,11:00,337.33,338.41,,11:20,338.41,SL,-1.22,341.35,337.43,GOOGL,SL25,warmup
2026-04-20,short,11:00,337.33,339.39,,15:55,337.39,Tagesschluss,-0.06,341.35,337.43,GOOGL,SL50,warmup
2026-04-20,short,11:00,337.33,340.37,,15:55,337.39,Tagesschluss,-0.04,341.35,337.43,GOOGL,SL75,warmup
2026-04-21,long,09:40,338.72,337.25,,10:40,337.25,SL,-1.161,337.75,335.74,GOOGL,SL25,warmup
2026-04-21,long,09:40,338.72,336.74,,11:00,336.74,SL,-1.12,337.75,335.74,GOOGL,SL50,warmup
2026-04-21,long,09:40,338.72,336.24,,12:05,336.24,SL,-1.095,337.75,335.74,GOOGL,SL75,warmup
2026-04-21,long,09:55,338.88,336.74,343.15,11:00,336.74,SL,-1.111,337.75,335.74,GOOGL,Video,warmup
2026-04-21,long,09:55,338.88,335.74,351.44,12:10,335.74,SL,-1.075,337.75,335.74,GOOGL,RetestMax,warmup
2026-04-22,long,09:50,337.47,336.57,,12:30,336.57,SL,-1.262,337.02,335.22,GOOGL,SL25,warmup
2026-04-22,long,09:50,337.47,336.12,,15:55,339.37,Tagesschluss,1.357,337.02,335.22,GOOGL,SL50,warmup
2026-04-22,long,09:50,337.47,335.67,,15:55,339.37,Tagesschluss,1.018,337.02,335.22,GOOGL,SL75,warmup
2026-04-22,long,10:00,337.76,336.12,341.04,15:55,339.37,Tagesschluss,0.94,337.02,335.22,GOOGL,Video,warmup
2026-04-22,long,10:00,337.76,335.22,347.92,15:55,339.37,Tagesschluss,0.607,337.02,335.22,GOOGL,RetestMax,warmup
2026-04-23,short,09:35,338.87,339.88,,09:40,339.88,SL,-1.233,341.46,339.36,GOOGL,SL25,warmup
2026-04-23,short,09:35,338.87,340.41,,09:55,340.41,SL,-1.154,341.46,339.36,GOOGL,SL50,warmup
2026-04-23,short,09:35,338.87,340.93,,11:00,340.93,SL,-1.115,341.46,339.36,GOOGL,SL75,warmup
2026-04-24,long,09:45,339.23,338.01,,10:15,338.01,SL,-1.193,338.73,335.85,GOOGL,SL25,warmup
2026-04-24,long,09:45,339.23,337.29,,10:40,337.29,SL,-1.122,338.73,335.85,GOOGL,SL50,warmup
2026-04-24,long,09:45,339.23,336.57,,15:55,344.29,Tagesschluss,1.876,338.73,335.85,GOOGL,SL75,warmup
2026-04-27,long,09:55,348.65,346.33,,15:55,350.34,Tagesschluss,0.694,347.52,342.75,GOOGL,SL25,warmup
2026-04-27,long,09:55,348.65,345.13,,15:55,350.34,Tagesschluss,0.459,347.52,342.75,GOOGL,SL50,warmup
2026-04-27,long,09:55,348.65,343.94,,15:55,350.34,Tagesschluss,0.343,347.52,342.75,GOOGL,SL75,warmup
2026-04-28,long,10:05,350.15,348.73,,12:05,348.73,SL,-1.172,349.6,346.12,GOOGL,SL25,warmup
2026-04-28,long,10:05,350.15,347.86,,15:55,349.83,Tagesschluss,-0.168,349.6,346.12,GOOGL,SL50,warmup
2026-04-28,long,10:05,350.15,346.99,,15:55,349.83,Tagesschluss,-0.122,349.6,346.12,GOOGL,SL75,warmup
2026-04-28,long,10:15,350.23,347.86,354.97,15:55,349.83,Tagesschluss,-0.196,349.6,346.12,GOOGL,Video,warmup
2026-04-28,long,10:15,350.23,346.12,366.67,15:55,349.83,Tagesschluss,-0.113,349.6,346.12,GOOGL,RetestMax,warmup
2026-04-29,long,09:35,347.87,346.73,,15:55,350.2,Tagesschluss,1.976,347.57,344.21,GOOGL,SL25,warmup
2026-04-29,long,09:35,347.87,345.89,,15:55,350.2,Tagesschluss,1.14,347.57,344.21,GOOGL,SL50,warmup
2026-04-29,long,09:35,347.87,345.05,,15:55,350.2,Tagesschluss,0.801,347.57,344.21,GOOGL,SL75,warmup
2026-04-29,long,09:45,348.88,345.89,354.87,10:30,354.87,TP,1.976,347.57,344.21,GOOGL,Video,warmup
2026-04-29,long,09:45,348.88,344.21,367.56,15:55,350.2,Tagesschluss,0.268,347.57,344.21,GOOGL,RetestMax,warmup
2026-04-29,long,09:45,348.88,344.21,367.56,15:55,350.2,Tagesschluss,0.268,347.57,344.21,GOOGL,Retest3K,warmup
2026-04-30,short,09:35,370.14,373.44,,11:00,373.44,SL,-1.079,377.03,372.24,GOOGL,SL25,warmup
2026-04-30,short,09:35,370.14,374.63,,11:05,374.63,SL,-1.058,377.03,372.24,GOOGL,SL50,warmup
2026-04-30,short,09:35,370.14,375.83,,11:05,375.83,SL,-1.046,377.03,372.24,GOOGL,SL75,warmup
2026-04-30,short,09:50,369.08,374.63,357.98,11:05,374.63,SL,-1.047,377.03,372.24,GOOGL,Video,warmup
2026-04-30,short,09:50,369.08,377.03,337.3,11:10,377.03,SL,-1.033,377.03,372.24,GOOGL,RetestMax,warmup
2026-05-01,long,09:55,384.36,381.99,,10:35,381.99,SL,-1.113,382.97,379.05,GOOGL,SL25,warmup
2026-05-01,long,09:55,384.36,381.01,,15:55,385.69,Tagesschluss,0.374,382.97,379.05,GOOGL,SL50,warmup
2026-05-01,long,09:55,384.36,380.03,,15:55,385.69,Tagesschluss,0.289,382.97,379.05,GOOGL,SL75,warmup
2026-05-01,long,10:15,384.17,381.01,390.48,15:55,385.69,Tagesschluss,0.458,382.97,379.05,GOOGL,Video,warmup
2026-05-01,long,10:15,384.17,379.05,404.64,15:55,385.69,Tagesschluss,0.282,382.97,379.05,GOOGL,RetestMax,warmup
2026-05-04,short,09:35,382.66,384.81,,13:50,384.81,SL,-1.125,387.38,383.95,GOOGL,SL25,warmup
2026-05-04,short,09:35,382.66,385.67,,15:55,383.24,Tagesschluss,-0.218,387.38,383.95,GOOGL,SL50,warmup
2026-05-04,short,09:35,382.66,386.52,,15:55,383.24,Tagesschluss,-0.17,387.38,383.95,GOOGL,SL75,warmup
2026-05-04,short,09:45,381.81,385.67,374.1,15:55,383.24,Tagesschluss,-0.391,387.38,383.95,GOOGL,Video,warmup
2026-05-04,short,09:45,381.81,387.38,359.53,15:55,383.24,Tagesschluss,-0.27,387.38,383.95,GOOGL,RetestMax,warmup
2026-05-04,short,09:45,381.81,387.38,359.53,15:55,383.24,Tagesschluss,-0.27,387.38,383.95,GOOGL,Retest3K,warmup
2026-05-05,long,09:35,390.0,387.62,,10:00,387.62,SL,-1.114,388.55,384.85,GOOGL,SL25,warmup
2026-05-05,long,09:35,390.0,386.7,,10:15,386.7,SL,-1.082,388.55,384.85,GOOGL,SL50,warmup
2026-05-05,long,09:35,390.0,385.77,,13:05,385.77,SL,-1.064,388.55,384.85,GOOGL,SL75,warmup
2026-05-06,long,09:45,396.67,395.04,,09:50,395.04,SL,-1.17,395.8,392.76,GOOGL,SL25,warmup
2026-05-06,long,09:45,396.67,394.28,,09:50,394.28,SL,-1.116,395.8,392.76,GOOGL,SL50,warmup
2026-05-06,long,09:45,396.67,393.52,,10:00,393.52,SL,-1.088,395.8,392.76,GOOGL,SL75,warmup
2026-05-07,short,09:45,396.1,397.15,,09:50,397.15,SL,-1.266,400.1,396.16,GOOGL,SL25,warmup
2026-05-07,short,09:45,396.1,398.13,,15:55,398.13,SL,-1.137,400.1,396.16,GOOGL,SL50,warmup
2026-05-07,short,09:45,396.1,399.12,,15:55,398.03,Tagesschluss,-0.666,400.1,396.16,GOOGL,SL75,warmup
2026-05-08,long,09:40,399.02,397.96,,12:40,397.96,SL,-1.262,398.35,396.78,GOOGL,SL25,warmup
2026-05-08,long,09:40,399.02,397.57,,12:40,397.57,SL,-1.191,398.35,396.78,GOOGL,SL50,warmup
2026-05-08,long,09:40,399.02,397.17,,12:55,397.17,SL,-1.151,398.35,396.78,GOOGL,SL75,warmup
2026-05-11,long,09:35,395.71,393.94,,10:25,393.94,SL,-1.156,394.7,391.66,GOOGL,SL25,warmup
2026-05-11,long,09:35,395.71,393.18,,10:25,393.18,SL,-1.109,394.7,391.66,GOOGL,SL50,warmup
2026-05-11,long,09:35,395.71,392.42,,10:30,392.42,SL,-1.084,394.7,391.66,GOOGL,SL75,warmup
2026-05-13,long,09:40,388.47,386.8,,15:55,402.64,Tagesschluss,8.414,387.39,385.01,GOOGL,SL25,warmup
2026-05-13,long,09:40,388.47,386.2,,15:55,402.64,Tagesschluss,6.209,387.39,385.01,GOOGL,SL50,warmup
2026-05-13,long,09:40,388.47,385.61,,15:55,402.64,Tagesschluss,4.92,387.39,385.01,GOOGL,SL75,warmup
2026-05-13,long,09:50,388.67,386.2,393.61,10:15,393.61,TP,1.968,387.39,385.01,GOOGL,Video,warmup
2026-05-13,long,09:50,388.67,385.01,403.31,14:25,403.31,TP,3.978,387.39,385.01,GOOGL,RetestMax,warmup
2026-05-14,long,09:45,399.98,398.93,,09:50,398.93,SL,-1.265,399.82,396.25,GOOGL,SL25,warmup
2026-05-14,long,09:45,399.98,398.04,,09:50,398.04,SL,-1.143,399.82,396.25,GOOGL,SL50,warmup
2026-05-14,long,09:45,399.98,397.14,,10:00,397.14,SL,-1.098,399.82,396.25,GOOGL,SL75,warmup
2026-05-15,long,09:45,397.28,395.83,,11:45,395.83,SL,-1.192,396.69,393.27,GOOGL,SL25,warmup
2026-05-15,long,09:45,397.28,394.98,,11:50,394.98,SL,-1.12,396.69,393.27,GOOGL,SL50,warmup
2026-05-15,long,09:45,397.28,394.12,,15:55,396.79,Tagesschluss,-0.18,396.69,393.27,GOOGL,SL75,warmup
2026-05-15,long,10:55,397.72,394.98,403.2,11:50,394.98,SL,-1.101,396.69,393.27,GOOGL,Video,warmup
2026-05-15,long,10:55,397.72,393.27,415.52,15:55,396.79,Tagesschluss,-0.227,396.69,393.27,GOOGL,RetestMax,warmup
2026-05-18,long,09:35,403.05,397.27,,14:55,397.27,SL,-1.048,398.18,394.53,GOOGL,SL25,warmup
2026-05-18,long,09:35,403.05,396.35,,15:55,396.35,SL,-1.042,398.18,394.53,GOOGL,SL50,warmup
2026-05-18,long,09:35,403.05,395.44,,15:55,396.96,Tagesschluss,-0.811,398.18,394.53,GOOGL,SL75,warmup
2026-05-19,short,09:35,392.0,393.86,,13:20,393.86,SL,-1.148,397.15,392.77,GOOGL,SL25,warmup
2026-05-19,short,09:35,392.0,394.96,,15:55,387.7,Tagesschluss,1.426,397.15,392.77,GOOGL,SL50,warmup
2026-05-19,short,09:35,392.0,396.05,,15:55,387.7,Tagesschluss,1.041,397.15,392.77,GOOGL,SL75,warmup
2026-05-19,short,09:45,389.68,394.96,379.12,15:55,387.7,Tagesschluss,0.36,397.15,392.77,GOOGL,Video,warmup
2026-05-19,short,09:45,389.68,397.15,359.8,15:55,387.7,Tagesschluss,0.255,397.15,392.77,GOOGL,RetestMax,warmup
2026-05-19,short,09:45,389.68,397.15,359.8,15:55,387.7,Tagesschluss,0.255,397.15,392.77,GOOGL,Retest3K,warmup
2026-05-20,short,09:50,386.69,388.91,,15:50,388.91,SL,-1.123,393.86,387.26,GOOGL,SL25,warmup
2026-05-20,short,09:50,386.69,390.56,,15:55,388.88,Tagesschluss,-0.586,393.86,387.26,GOOGL,SL50,warmup
2026-05-20,short,09:50,386.69,392.21,,15:55,388.88,Tagesschluss,-0.411,393.86,387.26,GOOGL,SL75,warmup
2026-05-20,short,10:00,385.18,390.56,374.42,15:55,388.88,Tagesschluss,-0.702,393.86,387.26,GOOGL,Video,warmup
2026-05-20,short,10:00,385.18,393.86,350.46,15:55,388.88,Tagesschluss,-0.435,393.86,387.26,GOOGL,RetestMax,warmup
2026-05-21,long,10:30,387.77,385.86,,15:55,387.66,Tagesschluss,-0.098,386.63,383.54,GOOGL,SL25,warmup
2026-05-21,long,10:30,387.77,385.09,,15:55,387.66,Tagesschluss,-0.07,386.63,383.54,GOOGL,SL50,warmup
2026-05-21,long,10:30,387.77,384.31,,15:55,387.66,Tagesschluss,-0.054,386.63,383.54,GOOGL,SL75,warmup
2026-05-22,short,09:45,385.23,385.77,,09:55,385.77,SL,-1.504,387.34,385.24,GOOGL,SL25,warmup
2026-05-22,short,09:45,385.23,386.29,,10:15,386.29,SL,-1.255,387.34,385.24,GOOGL,SL50,warmup
2026-05-22,short,09:45,385.23,386.82,,10:25,386.82,SL,-1.171,387.34,385.24,GOOGL,SL75,warmup
2026-05-26,short,09:35,383.38,384.31,,09:40,384.31,SL,-1.289,386.11,383.71,GOOGL,SL25,warmup
2026-05-26,short,09:35,383.38,384.91,,09:40,384.91,SL,-1.176,386.11,383.71,GOOGL,SL50,warmup
2026-05-26,short,09:35,383.38,385.51,,09:55,385.51,SL,-1.127,386.11,383.71,GOOGL,SL75,warmup
2026-05-27,long,09:55,390.35,388.59,,15:55,388.86,Tagesschluss,-0.887,389.48,385.91,GOOGL,SL25,warmup
2026-05-27,long,09:55,390.35,387.69,,15:55,388.86,Tagesschluss,-0.589,389.48,385.91,GOOGL,SL50,warmup
2026-05-27,long,09:55,390.35,386.8,,15:55,388.86,Tagesschluss,-0.441,389.48,385.91,GOOGL,SL75,warmup
2026-05-28,short,09:40,385.57,386.91,,09:45,386.91,SL,-1.202,388.99,386.22,GOOGL,SL25,warmup
2026-05-28,short,09:40,385.57,387.6,,09:45,387.6,SL,-1.133,388.99,386.22,GOOGL,SL50,warmup
2026-05-28,short,09:40,385.57,388.3,,10:00,388.3,SL,-1.1,388.99,386.22,GOOGL,SL75,warmup
2026-06-01,short,09:35,374.0,375.39,,09:40,375.39,SL,-1.189,377.38,374.73,GOOGL,SL25,warmup
2026-06-01,short,09:35,374.0,376.06,,09:45,376.06,SL,-1.128,377.38,374.73,GOOGL,SL50,warmup
2026-06-01,short,09:35,374.0,376.72,,10:00,376.72,SL,-1.097,377.38,374.73,GOOGL,SL75,warmup
2026-06-02,short,09:35,360.07,362.1,,09:50,362.1,SL,-1.125,366.7,360.57,GOOGL,SL25,warmup
2026-06-02,short,09:35,360.07,363.64,,09:55,363.64,SL,-1.071,366.7,360.57,GOOGL,SL50,warmup
2026-06-02,short,09:35,360.07,365.17,,10:00,365.17,SL,-1.05,366.7,360.57,GOOGL,SL75,warmup
2026-06-03,short,11:00,360.24,362.36,,13:20,362.36,SL,-1.12,366.45,361.0,GOOGL,SL25,warmup
2026-06-03,short,11:00,360.24,363.73,,15:55,359.4,Tagesschluss,0.222,366.45,361.0,GOOGL,SL50,warmup
2026-06-03,short,11:00,360.24,365.09,,15:55,359.4,Tagesschluss,0.16,366.45,361.0,GOOGL,SL75,warmup
2026-06-04,long,09:50,365.14,363.17,,15:45,363.17,SL,-1.129,364.79,358.3,GOOGL,SL25,warmup
2026-06-04,long,09:50,365.14,361.54,,15:45,361.54,SL,-1.07,364.79,358.3,GOOGL,SL50,warmup
2026-06-04,long,09:50,365.14,359.92,,15:45,359.92,SL,-1.048,364.79,358.3,GOOGL,SL75,warmup
2026-06-04,long,10:10,366.79,361.54,377.27,15:45,361.54,SL,-1.048,364.79,358.3,GOOGL,Video,warmup
2026-06-04,long,10:10,366.79,358.3,400.73,15:55,372.33,Tagesschluss,0.645,364.79,358.3,GOOGL,RetestMax,warmup
2026-06-05,long,09:35,368.89,367.57,,14:10,367.57,SL,-1.195,368.59,364.52,GOOGL,SL25,warmup
2026-06-05,long,09:35,368.89,366.55,,14:15,366.55,SL,-1.11,368.59,364.52,GOOGL,SL50,warmup
2026-06-05,long,09:35,368.89,365.54,,15:10,365.54,SL,-1.076,368.59,364.52,GOOGL,SL75,warmup
2026-06-05,long,09:45,371.18,366.55,380.43,14:15,366.55,SL,-1.056,368.59,364.52,GOOGL,Video,warmup
2026-06-05,long,09:45,371.18,364.52,397.82,15:15,364.52,SL,-1.038,368.59,364.52,GOOGL,RetestMax,warmup
2026-06-05,long,09:45,371.18,364.52,397.82,15:15,364.52,SL,-1.038,368.59,364.52,GOOGL,Retest3K,warmup
2026-06-08,short,09:55,362.5,364.09,,10:55,364.09,SL,-1.16,366.2,363.39,GOOGL,SL25,warmup
2026-06-08,short,09:55,362.5,364.8,,13:25,364.8,SL,-1.111,366.2,363.39,GOOGL,SL50,warmup
2026-06-08,short,09:55,362.5,365.5,,13:30,365.5,SL,-1.085,366.2,363.39,GOOGL,SL75,warmup
2026-06-09,short,10:15,366.48,367.85,,10:25,367.85,SL,-1.188,371.9,366.5,GOOGL,SL25,warmup
2026-06-09,short,10:15,366.48,369.2,,15:55,363.96,Tagesschluss,0.902,371.9,366.5,GOOGL,SL50,warmup
2026-06-09,short,10:15,366.48,370.55,,15:55,363.96,Tagesschluss,0.603,371.9,366.5,GOOGL,SL75,warmup
2026-06-10,long,09:40,365.59,364.32,,09:45,364.32,SL,-1.201,365.07,362.05,GOOGL,SL25,warmup
2026-06-10,long,09:40,365.59,363.56,,09:45,363.56,SL,-1.126,365.07,362.05,GOOGL,SL50,warmup
2026-06-10,long,09:40,365.59,362.8,,10:55,362.8,SL,-1.091,365.07,362.05,GOOGL,SL75,warmup
2026-06-11,short,09:35,350.38,353.39,,13:40,353.39,SL,-1.082,357.42,352.05,GOOGL,SL25,warmup
2026-06-11,short,09:35,350.38,354.74,,14:55,354.74,SL,-1.057,357.42,352.05,GOOGL,SL50,warmup
2026-06-11,short,09:35,350.38,356.08,,15:00,356.08,SL,-1.044,357.42,352.05,GOOGL,SL75,warmup
2026-06-12,short,09:35,359.26,361.08,,10:10,361.08,SL,-1.139,364.34,359.99,GOOGL,SL25,warmup
2026-06-12,short,09:35,359.26,362.16,,10:15,362.16,SL,-1.087,364.34,359.99,GOOGL,SL50,warmup
2026-06-12,short,09:35,359.26,363.25,,11:00,363.25,SL,-1.064,364.34,359.99,GOOGL,SL75,warmup
2026-06-15,long,11:25,372.37,371.0,,12:25,371.0,SL,-1.19,372.11,367.68,GOOGL,SL25,warmup
2026-06-15,long,11:25,372.37,369.89,,15:20,369.89,SL,-1.105,372.11,367.68,GOOGL,SL50,warmup
2026-06-15,long,11:25,372.37,368.79,,15:50,368.79,SL,-1.072,372.11,367.68,GOOGL,SL75,warmup
2026-06-16,short,09:35,368.36,369.56,,10:05,369.56,SL,-1.214,371.25,369.0,GOOGL,SL25,warmup
2026-06-16,short,09:35,368.36,370.12,,10:05,370.12,SL,-1.146,371.25,369.0,GOOGL,SL50,warmup
2026-06-16,short,09:35,368.36,370.69,,10:10,370.69,SL,-1.111,371.25,369.0,GOOGL,SL75,warmup
2026-06-16,short,09:45,368.2,370.12,364.35,10:05,370.12,SL,-1.134,371.25,369.0,GOOGL,Video,warmup
2026-06-16,short,09:45,368.2,371.25,356.0,10:15,371.25,SL,-1.085,371.25,369.0,GOOGL,RetestMax,warmup
2026-06-16,short,09:45,368.2,371.25,356.0,10:15,371.25,SL,-1.085,371.25,369.0,GOOGL,Retest3K,warmup
2026-06-17,short,09:40,367.76,369.67,,15:55,363.69,Tagesschluss,2.095,372.33,368.78,GOOGL,SL25,warmup
2026-06-17,short,09:40,367.76,370.55,,15:55,363.69,Tagesschluss,1.43,372.33,368.78,GOOGL,SL50,warmup
2026-06-17,short,09:40,367.76,371.44,,15:55,363.69,Tagesschluss,1.085,372.33,368.78,GOOGL,SL75,warmup
2026-06-18,short,09:35,360.18,364.66,,11:35,364.66,SL,-1.057,367.66,363.66,GOOGL,SL25,warmup
2026-06-18,short,09:35,360.18,365.66,,11:50,365.66,SL,-1.047,367.66,363.66,GOOGL,SL50,warmup
2026-06-18,short,09:35,360.18,366.66,,11:50,366.66,SL,-1.04,367.66,363.66,GOOGL,SL75,warmup
2026-06-18,short,10:25,361.9,365.66,354.38,11:50,365.66,SL,-1.068,367.66,363.66,GOOGL,Video,warmup
2026-06-18,short,10:25,361.9,367.66,338.86,13:25,367.66,SL,-1.045,367.66,363.66,GOOGL,RetestMax,warmup
2026-06-22,short,09:40,354.14,355.4,,15:55,349.49,Tagesschluss,3.602,358.87,354.25,GOOGL,SL25,warmup
2026-06-22,short,09:40,354.14,356.56,,15:55,349.49,Tagesschluss,1.886,358.87,354.25,GOOGL,SL50,warmup
2026-06-22,short,09:40,354.14,357.71,,15:55,349.49,Tagesschluss,1.278,358.87,354.25,GOOGL,SL75,warmup
2026-06-23,long,09:35,346.11,343.51,,15:55,346.12,Tagesschluss,-0.023,344.61,340.2,GOOGL,SL25,warmup
2026-06-23,long,09:35,346.11,342.4,,15:55,346.12,Tagesschluss,-0.016,344.61,340.2,GOOGL,SL50,warmup
2026-06-23,long,09:35,346.11,341.3,,15:55,346.12,Tagesschluss,-0.012,344.61,340.2,GOOGL,SL75,warmup
2026-06-24,short,09:45,347.66,348.79,,09:50,348.79,SL,-1.216,351.73,347.81,GOOGL,SL25,warmup
2026-06-24,short,09:45,347.66,349.77,,09:55,349.77,SL,-1.116,351.73,347.81,GOOGL,SL50,warmup
2026-06-24,short,09:45,347.66,350.75,,10:05,350.75,SL,-1.079,351.73,347.81,GOOGL,SL75,warmup
2026-06-25,long,10:05,341.29,339.58,,10:10,339.58,SL,-1.139,340.75,336.08,GOOGL,SL25,warmup
2026-06-25,long,10:05,341.29,338.41,,15:55,343.56,Tagesschluss,0.766,340.75,336.08,GOOGL,SL50,warmup
2026-06-25,long,10:05,341.29,337.25,,15:55,343.56,Tagesschluss,0.545,340.75,336.08,GOOGL,SL75,warmup
2026-06-26,short,09:45,336.92,339.36,,10:10,339.36,SL,-1.097,342.74,338.23,GOOGL,SL25,warmup
2026-06-26,short,09:45,336.92,340.49,,10:40,340.49,SL,-1.067,342.74,338.23,GOOGL,SL50,warmup
2026-06-26,short,09:45,336.92,341.61,,11:00,341.61,SL,-1.051,342.74,338.23,GOOGL,SL75,warmup
2026-06-29,long,10:05,348.74,346.55,,15:55,353.47,Tagesschluss,2.124,348.49,340.73,GOOGL,SL25,warmup
2026-06-29,long,10:05,348.74,344.61,,15:55,353.47,Tagesschluss,1.126,348.49,340.73,GOOGL,SL50,warmup
2026-06-29,long,10:05,348.74,342.67,,15:55,353.47,Tagesschluss,0.766,348.49,340.73,GOOGL,SL75,warmup
2026-06-30,long,10:55,354.87,353.86,,15:55,357.08,Tagesschluss,2.11,354.85,350.89,GOOGL,SL25,warmup
2026-06-30,long,10:55,354.87,352.87,,15:55,357.08,Tagesschluss,1.068,354.85,350.89,GOOGL,SL50,warmup
2026-06-30,long,10:55,354.87,351.88,,15:55,357.08,Tagesschluss,0.715,354.85,350.89,GOOGL,SL75,warmup
2026-07-01,long,09:35,361.0,359.55,,09:40,359.55,SL,-1.174,360.18,357.66,GOOGL,SL25,warmup
2026-07-01,long,09:35,361.0,358.92,,09:45,358.92,SL,-1.121,360.18,357.66,GOOGL,SL50,warmup
2026-07-01,long,09:35,361.0,358.29,,09:45,358.29,SL,-1.093,360.18,357.66,GOOGL,SL75,warmup
2026-07-02,long,09:50,363.97,361.94,,10:00,361.94,SL,-1.125,363.02,358.69,GOOGL,SL25,warmup
2026-07-02,long,09:50,363.97,360.85,,10:50,360.85,SL,-1.081,363.02,358.69,GOOGL,SL50,warmup
2026-07-02,long,09:50,363.97,359.77,,11:00,359.77,SL,-1.06,363.02,358.69,GOOGL,SL75,warmup
2026-04-09,long,09:45,632.09,629.46,,09:50,629.46,SL,-1.168,631.24,624.13,META,SL25,warmup
2026-04-09,long,09:45,632.09,627.68,,09:50,627.68,SL,-1.1,631.24,624.13,META,SL50,warmup
2026-04-09,long,09:45,632.09,625.91,,09:55,625.91,SL,-1.071,631.24,624.13,META,SL75,warmup
2026-04-10,short,09:45,632.23,633.83,,10:15,633.83,SL,-1.278,637.33,632.66,META,SL25,warmup
2026-04-10,short,09:45,632.23,634.99,,10:20,634.99,SL,-1.161,637.33,632.66,META,SL50,warmup
2026-04-10,short,09:45,632.23,636.16,,10:25,636.16,SL,-1.113,637.33,632.66,META,SL75,warmup
2026-04-10,short,09:55,630.4,634.99,621.22,10:20,634.99,SL,-1.097,637.33,632.66,META,Video,warmup
2026-04-10,short,09:55,630.4,637.33,602.69,15:55,629.89,Tagesschluss,0.056,637.33,632.66,META,RetestMax,warmup
2026-04-13,short,09:40,626.07,628.22,,09:45,628.22,SL,-1.204,630.33,627.51,META,SL25,warmup
2026-04-13,short,09:40,626.07,628.92,,09:45,628.92,SL,-1.154,630.33,627.51,META,SL50,warmup
2026-04-13,short,09:40,626.07,629.63,,09:50,629.63,SL,-1.124,630.33,627.51,META,SL75,warmup
2026-04-14,long,09:35,646.32,644.19,,15:55,662.55,Tagesschluss,7.567,645.8,639.37,META,SL25,warmup
2026-04-14,long,09:35,646.32,642.59,,15:55,662.55,Tagesschluss,4.311,645.8,639.37,META,SL50,warmup
2026-04-14,long,09:35,646.32,640.98,,15:55,662.55,Tagesschluss,3.014,645.8,639.37,META,SL75,warmup
2026-04-14,long,09:45,648.03,642.59,658.92,11:15,658.92,TP,1.976,645.8,639.37,META,Video,warmup
2026-04-14,long,09:45,648.03,639.37,682.67,15:55,662.55,Tagesschluss,1.662,645.8,639.37,META,RetestMax,warmup
2026-04-14,long,09:45,648.03,639.37,682.67,15:55,662.55,Tagesschluss,1.662,645.8,639.37,META,Retest3K,warmup
2026-04-15,short,09:40,664.35,667.64,,09:45,667.64,SL,-1.142,671.0,666.52,META,SL25,warmup
2026-04-15,short,09:40,664.35,668.76,,09:50,668.76,SL,-1.106,671.0,666.52,META,SL50,warmup
2026-04-15,short,09:40,664.35,669.88,,09:55,669.88,SL,-1.085,671.0,666.52,META,SL75,warmup
2026-04-16,short,10:00,669.39,671.75,,10:05,671.75,SL,-1.199,676.68,670.11,META,SL25,warmup
2026-04-16,short,10:00,669.39,673.4,,10:40,673.4,SL,-1.118,676.68,670.11,META,SL50,warmup
2026-04-16,short,10:00,669.39,675.04,,11:25,675.04,SL,-1.084,676.68,670.11,META,SL75,warmup
2026-04-17,long,09:40,685.01,679.29,,15:55,688.73,Tagesschluss,0.627,680.68,675.13,META,SL25,warmup
2026-04-17,long,09:40,685.01,677.9,,15:55,688.73,Tagesschluss,0.504,680.68,675.13,META,SL50,warmup
2026-04-17,long,09:40,685.01,676.52,,15:55,688.73,Tagesschluss,0.422,680.68,675.13,META,SL75,warmup
2026-04-20,short,09:35,674.54,680.27,,15:55,670.95,Tagesschluss,0.603,683.33,679.25,META,SL25,warmup
2026-04-20,short,09:35,674.54,681.29,,15:55,670.95,Tagesschluss,0.512,683.33,679.25,META,SL50,warmup
2026-04-20,short,09:35,674.54,682.31,,15:55,670.95,Tagesschluss,0.445,683.33,679.25,META,SL75,warmup
2026-04-21,long,09:40,674.08,671.35,,11:00,671.35,SL,-1.172,672.55,667.75,META,SL25,warmup
2026-04-21,long,09:40,674.08,670.15,,11:05,670.15,SL,-1.119,672.55,667.75,META,SL50,warmup
2026-04-21,long,09:40,674.08,668.95,,13:15,668.95,SL,-1.091,672.55,667.75,META,SL75,warmup
2026-04-23,long,09:35,665.67,662.93,,09:50,662.93,SL,-1.169,663.98,659.77,META,SL25,warmup
2026-04-23,long,09:35,665.67,661.87,,09:50,661.87,SL,-1.122,663.98,659.77,META,SL50,warmup
2026-04-23,long,09:35,665.67,660.82,,09:50,660.82,SL,-1.096,663.98,659.77,META,SL75,warmup
2026-04-24,long,09:35,660.53,658.7,,15:55,674.89,Tagesschluss,7.775,660.32,653.84,META,SL25,warmup
2026-04-24,long,09:35,660.53,657.08,,15:55,674.89,Tagesschluss,4.124,660.32,653.84,META,SL50,warmup
2026-04-24,long,09:35,660.53,655.46,,15:55,674.89,Tagesschluss,2.806,660.32,653.84,META,SL75,warmup
2026-04-24,long,09:45,662.01,657.08,671.87,11:25,671.87,TP,1.973,660.32,653.84,META,Video,warmup
2026-04-24,long,09:45,662.01,653.84,694.69,15:55,674.89,Tagesschluss,1.56,660.32,653.84,META,RetestMax,warmup
2026-04-24,long,09:45,662.01,653.84,694.69,15:55,674.89,Tagesschluss,1.56,660.32,653.84,META,Retest3K,warmup
2026-04-27,long,10:35,677.82,675.85,,11:25,675.85,SL,-1.241,677.52,670.84,META,SL25,warmup
2026-04-27,long,10:35,677.82,674.18,,11:35,674.18,SL,-1.13,677.52,670.84,META,SL50,warmup
2026-04-27,long,10:35,677.82,672.51,,15:55,678.46,Tagesschluss,0.096,677.52,670.84,META,SL75,warmup
2026-04-27,long,10:45,678.15,674.18,686.09,11:35,674.18,SL,-1.119,677.52,670.84,META,Video,warmup
2026-04-27,long,10:45,678.15,670.84,707.39,15:55,678.46,Tagesschluss,0.024,677.52,670.84,META,RetestMax,warmup
2026-04-28,long,09:45,676.68,673.55,,09:55,673.55,SL,-1.151,674.78,669.89,META,SL25,warmup
2026-04-28,long,09:45,676.68,672.33,,09:55,672.33,SL,-1.108,674.78,669.89,META,SL50,warmup
2026-04-28,long,09:45,676.68,671.11,,10:35,671.11,SL,-1.084,674.78,669.89,META,SL75,warmup
2026-04-29,long,09:50,669.74,667.91,,11:55,667.91,SL,-1.255,669.0,664.63,META,SL25,warmup
2026-04-29,long,09:50,669.74,666.82,,12:35,666.82,SL,-1.16,669.0,664.63,META,SL50,warmup
2026-04-29,long,09:50,669.74,665.72,,15:55,669.94,Tagesschluss,0.016,669.0,664.63,META,SL75,warmup
2026-04-29,long,10:00,670.0,666.82,676.37,12:35,666.82,SL,-1.147,669.0,664.63,META,Video,warmup
2026-04-29,long,10:00,670.0,664.63,691.48,15:55,669.94,Tagesschluss,-0.036,669.0,664.63,META,RetestMax,warmup
2026-04-30,short,10:15,600.23,606.69,,10:50,606.69,SL,-1.066,620.76,602.0,META,SL25,warmup
2026-04-30,short,10:15,600.23,611.38,,12:20,611.38,SL,-1.038,620.76,602.0,META,SL50,warmup
2026-04-30,short,10:15,600.23,616.07,,14:00,616.07,SL,-1.027,620.76,602.0,META,SL75,warmup
2026-05-01,short,10:30,608.18,612.81,,11:10,612.81,SL,-1.093,618.84,610.8,META,SL25,warmup
2026-05-01,short,10:30,608.18,614.82,,11:15,614.82,SL,-1.065,618.84,610.8,META,SL50,warmup
2026-05-01,short,10:30,608.18,616.83,,15:55,608.74,Tagesschluss,-0.079,618.84,610.8,META,SL75,warmup
2026-05-04,short,09:55,604.29,605.35,,10:10,605.35,SL,-1.399,608.3,604.37,META,SL25,warmup
2026-05-04,short,09:55,604.29,606.33,,10:15,606.33,SL,-1.207,608.3,604.37,META,SL50,warmup
2026-05-04,short,09:55,604.29,607.32,,10:20,607.32,SL,-1.14,608.3,604.37,META,SL75,warmup
2026-05-04,short,10:05,603.2,606.33,596.93,10:15,606.33,SL,-1.135,608.3,604.37,META,Video,warmup
2026-05-04,short,10:05,603.2,608.3,582.8,10:40,608.3,SL,-1.083,608.3,604.37,META,RetestMax,warmup
2026-05-05,short,09:35,606.85,609.66,,15:55,605.08,Tagesschluss,0.587,614.34,608.1,META,SL25,warmup
2026-05-05,short,09:35,606.85,611.22,,15:55,605.08,Tagesschluss,0.377,614.34,608.1,META,SL50,warmup
2026-05-05,short,09:35,606.85,612.78,,15:55,605.08,Tagesschluss,0.278,614.34,608.1,META,SL75,warmup
2026-05-05,short,09:45,606.19,611.22,596.13,15:55,605.08,Tagesschluss,0.197,614.34,608.1,META,Video,warmup
2026-05-05,short,09:45,606.19,614.34,573.59,15:55,605.08,Tagesschluss,0.121,614.34,608.1,META,RetestMax,warmup
2026-05-05,short,09:45,606.19,614.34,573.59,15:55,605.08,Tagesschluss,0.121,614.34,608.1,META,Retest3K,warmup
2026-05-06,short,09:40,599.38,601.48,,09:50,601.48,SL,-1.2,605.48,600.15,META,SL25,warmup
2026-05-06,short,09:40,599.38,602.82,,09:55,602.82,SL,-1.123,605.48,600.15,META,SL50,warmup
2026-05-06,short,09:40,599.38,604.15,,09:55,604.15,SL,-1.089,605.48,600.15,META,SL75,warmup
2026-05-07,long,09:35,622.67,619.97,,09:45,619.97,SL,-1.161,621.98,613.95,META,SL25,warmup
2026-05-07,long,09:35,622.67,617.96,,12:15,617.96,SL,-1.092,621.98,613.95,META,SL50,warmup
2026-05-07,long,09:35,622.67,615.96,,13:05,615.96,SL,-1.064,621.98,613.95,META,SL75,warmup
2026-05-08,long,09:45,616.1,615.09,,09:50,615.09,SL,-1.425,615.86,612.75,META,SL25,warmup
2026-05-08,long,09:45,616.1,614.31,,09:50,614.31,SL,-1.24,615.86,612.75,META,SL50,warmup
2026-05-08,long,09:45,616.1,613.53,,09:50,613.53,SL,-1.167,615.86,612.75,META,SL75,warmup
2026-05-11,short,09:40,600.9,602.05,,10:00,602.05,SL,-1.366,604.91,601.1,META,SL25,warmup
2026-05-11,short,09:40,600.9,603.0,,10:10,603.0,SL,-1.201,604.91,601.1,META,SL50,warmup
2026-05-11,short,09:40,600.9,603.96,,11:55,603.96,SL,-1.138,604.91,601.1,META,SL75,warmup
2026-05-12,long,09:35,596.38,595.25,,15:55,603.13,Tagesschluss,5.867,596.0,593.0,META,SL25,warmup
2026-05-12,long,09:35,596.38,594.5,,15:55,603.13,Tagesschluss,3.527,596.0,593.0,META,SL50,warmup
2026-05-12,long,09:35,596.38,593.75,,15:55,603.13,Tagesschluss,2.521,596.0,593.0,META,SL75,warmup
2026-05-13,long,09:35,600.78,599.56,,09:45,599.56,SL,-1.343,600.38,597.09,META,SL25,warmup
2026-05-13,long,09:35,600.78,598.74,,09:45,598.74,SL,-1.205,600.38,597.09,META,SL50,warmup
2026-05-13,long,09:35,600.78,597.91,,09:45,597.91,SL,-1.146,600.38,597.09,META,SL75,warmup
2026-05-14,long,10:00,622.48,617.88,,14:00,617.88,SL,-1.094,618.84,615.0,META,SL25,warmup
2026-05-14,long,10:00,622.48,616.92,,14:25,616.92,SL,-1.078,618.84,615.0,META,SL50,warmup
2026-05-14,long,10:00,622.48,615.96,,14:25,615.96,SL,-1.066,618.84,615.0,META,SL75,warmup
2026-05-15,long,10:50,615.05,613.27,,11:05,613.27,SL,-1.241,614.59,609.31,META,SL25,warmup
2026-05-15,long,10:50,615.05,611.95,,11:50,611.95,SL,-1.138,614.59,609.31,META,SL50,warmup
2026-05-15,long,10:50,615.05,610.63,,15:55,614.45,Tagesschluss,-0.164,614.59,609.31,META,SL75,warmup
2026-05-18,long,09:55,611.85,608.15,,10:30,608.15,SL,-1.115,609.64,603.69,META,SL25,warmup
2026-05-18,long,09:55,611.85,606.67,,10:35,606.67,SL,-1.082,609.64,603.69,META,SL50,warmup
2026-05-18,long,09:55,611.85,605.18,,15:55,611.33,Tagesschluss,-0.097,609.64,603.69,META,SL75,warmup
2026-05-19,short,09:40,606.07,607.43,,09:45,607.43,SL,-1.314,610.2,606.5,META,SL25,warmup
2026-05-19,short,09:40,606.07,608.35,,09:45,608.35,SL,-1.187,610.2,606.5,META,SL50,warmup
2026-05-19,short,09:40,606.07,609.28,,09:50,609.28,SL,-1.133,610.2,606.5,META,SL75,warmup
2026-05-20,short,10:05,598.02,600.15,,10:15,600.15,SL,-1.197,601.97,599.55,META,SL25,warmup
2026-05-20,short,10:05,598.02,600.76,,10:15,600.76,SL,-1.153,601.97,599.55,META,SL50,warmup
2026-05-20,short,10:05,598.02,601.36,,10:15,601.36,SL,-1.126,601.97,599.55,META,SL75,warmup
2026-05-21,short,09:50,598.36,599.12,,10:55,599.12,SL,-1.555,600.98,598.5,META,SL25,warmup
2026-05-21,short,09:50,598.36,599.74,,10:55,599.74,SL,-1.305,600.98,598.5,META,SL50,warmup
2026-05-21,short,09:50,598.36,600.36,,11:00,600.36,SL,-1.211,600.98,598.5,META,SL75,warmup
2026-05-21,short,10:00,595.22,599.74,586.18,10:55,599.74,SL,-1.093,600.98,598.5,META,Video,warmup
2026-05-21,short,10:00,595.22,600.98,572.18,11:10,600.98,SL,-1.073,600.98,598.5,META,RetestMax,warmup
2026-05-22,short,10:10,607.26,609.25,,10:35,609.25,SL,-1.214,614.76,607.41,META,SL25,warmup
2026-05-22,short,10:10,607.26,611.08,,11:00,611.08,SL,-1.112,614.76,607.41,META,SL50,warmup
2026-05-22,short,10:10,607.26,612.92,,15:55,610.37,Tagesschluss,-0.571,614.76,607.41,META,SL75,warmup
2026-05-26,short,09:35,608.11,610.58,,10:00,610.58,SL,-1.173,614.47,609.29,META,SL25,warmup
2026-05-26,short,09:35,608.11,611.88,,15:55,611.88,SL,-1.114,614.47,609.29,META,SL50,warmup
2026-05-26,short,09:35,608.11,613.17,,15:55,612.34,Tagesschluss,-0.859,614.47,609.29,META,SL75,warmup
2026-05-26,short,09:50,607.06,611.88,597.43,15:55,611.88,SL,-1.089,614.47,609.29,META,Video,warmup
2026-05-26,short,09:50,607.06,614.47,577.43,15:55,612.34,Tagesschluss,-0.729,614.47,609.29,META,RetestMax,warmup
2026-05-27,long,10:15,614.65,612.55,,10:50,612.55,SL,-1.205,613.66,609.25,META,SL25,warmup
2026-05-27,long,10:15,614.65,611.45,,12:00,611.45,SL,-1.134,613.66,609.25,META,SL50,warmup
2026-05-27,long,10:15,614.65,610.35,,13:05,610.35,SL,-1.099,613.66,609.25,META,SL75,warmup
2026-05-27,long,10:25,615.75,611.45,624.34,12:00,611.45,SL,-1.1,613.66,609.25,META,Video,warmup
2026-05-27,long,10:25,615.75,609.25,641.75,13:20,609.25,SL,-1.066,613.66,609.25,META,RetestMax,warmup
2026-05-28,short,09:35,630.97,634.84,,09:45,634.84,SL,-1.115,643.0,632.12,META,SL25,warmup
2026-05-28,short,09:35,630.97,637.56,,09:50,637.56,SL,-1.068,643.0,632.12,META,SL50,warmup
2026-05-28,short,09:35,630.97,640.28,,10:00,640.28,SL,-1.048,643.0,632.12,META,SL75,warmup
2026-05-29,short,09:50,627.53,629.8,,15:25,629.8,SL,-1.194,634.46,628.25,META,SL25,warmup
2026-05-29,short,09:50,627.53,631.36,,15:50,631.36,SL,-1.115,634.46,628.25,META,SL50,warmup
2026-05-29,short,09:50,627.53,632.91,,15:50,632.91,SL,-1.082,634.46,628.25,META,SL75,warmup
2026-06-01,short,09:40,618.3,622.78,,09:45,622.78,SL,-1.097,635.75,618.46,META,SL25,warmup
2026-06-01,short,09:40,618.3,627.1,,15:55,600.37,Tagesschluss,2.023,635.75,618.46,META,SL50,warmup
2026-06-01,short,09:40,618.3,631.43,,15:55,600.37,Tagesschluss,1.357,635.75,618.46,META,SL75,warmup
2026-06-02,short,09:35,598.51,601.58,,09:45,601.58,SL,-1.137,604.49,600.6,META,SL25,warmup
2026-06-02,short,09:35,598.51,602.55,,09:45,602.55,SL,-1.104,604.49,600.6,META,SL50,warmup
2026-06-02,short,09:35,598.51,603.52,,09:50,603.52,SL,-1.084,604.49,600.6,META,SL75,warmup
2026-06-03,long,10:00,617.29,610.36,,15:55,623.11,Tagesschluss,0.821,613.73,600.27,META,SL25,warmup
2026-06-03,long,10:00,617.29,607.0,,15:55,623.11,Tagesschluss,0.553,613.73,600.27,META,SL50,warmup
2026-06-03,long,10:00,617.29,603.64,,15:55,623.11,Tagesschluss,0.417,613.73,600.27,META,SL75,warmup
2026-06-03,long,10:40,616.12,607.0,634.36,15:55,623.11,Tagesschluss,0.753,613.73,600.27,META,Video,warmup
2026-06-03,long,10:40,616.12,600.27,679.52,15:55,623.11,Tagesschluss,0.433,613.73,600.27,META,RetestMax,warmup
2026-06-04,long,09:50,635.45,632.15,,12:35,632.15,SL,-1.134,635.33,622.6,META,SL25,warmup
2026-06-04,long,09:50,635.45,628.96,,12:55,628.96,SL,-1.068,635.33,622.6,META,SL50,warmup
2026-06-04,long,09:50,635.45,625.78,,14:30,625.78,SL,-1.045,635.33,622.6,META,SL75,warmup
2026-06-04,long,10:00,639.19,628.96,659.64,12:55,628.96,SL,-1.043,635.33,622.6,META,Video,warmup
2026-06-04,long,10:00,639.19,622.6,705.55,15:55,627.54,Tagesschluss,-0.71,635.33,622.6,META,RetestMax,warmup
2026-06-05,short,09:50,620.55,623.54,,15:55,592.64,Tagesschluss,9.309,629.04,621.7,META,SL25,warmup
2026-06-05,short,09:50,620.55,625.37,,15:55,592.64,Tagesschluss,5.765,629.04,621.7,META,SL50,warmup
2026-06-05,short,09:50,620.55,627.2,,15:55,592.64,Tagesschluss,4.176,629.04,621.7,META,SL75,warmup
2026-06-05,short,10:00,619.16,625.37,606.74,14:10,606.74,TP,1.98,629.04,621.7,META,Video,warmup
2026-06-05,short,10:00,619.16,629.04,579.64,15:55,592.64,Tagesschluss,2.672,629.04,621.7,META,RetestMax,warmup
2026-06-09,long,09:35,593.56,591.19,,10:45,591.19,SL,-1.175,592.35,587.72,META,SL25,warmup
2026-06-09,long,09:35,593.56,590.03,,11:25,590.03,SL,-1.117,592.35,587.72,META,SL50,warmup
2026-06-09,long,09:35,593.56,588.88,,11:25,588.88,SL,-1.088,592.35,587.72,META,SL75,warmup
2026-06-09,long,09:45,596.08,590.03,608.17,11:25,590.03,SL,-1.068,592.35,587.72,META,Video,warmup
2026-06-09,long,09:45,596.08,587.72,629.52,11:30,587.72,SL,-1.049,592.35,587.72,META,RetestMax,warmup
2026-06-09,long,09:45,596.08,587.72,629.52,11:30,587.72,SL,-1.049,592.35,587.72,META,Retest3K,warmup
2026-06-10,long,09:35,588.43,583.94,,10:25,583.94,SL,-1.091,585.5,579.27,META,SL25,warmup
2026-06-10,long,09:35,588.43,582.39,,10:30,582.39,SL,-1.068,585.5,579.27,META,SL50,warmup
2026-06-10,long,09:35,588.43,580.83,,10:55,580.83,SL,-1.054,585.5,579.27,META,SL75,warmup
2026-06-11,short,10:10,559.96,562.86,,10:35,562.86,SL,-1.136,567.99,561.15,META,SL25,warmup
2026-06-11,short,10:10,559.96,564.57,,12:15,564.57,SL,-1.086,567.99,561.15,META,SL50,warmup
2026-06-11,short,10:10,559.96,566.28,,13:30,566.28,SL,-1.063,567.99,561.15,META,SL75,warmup
2026-06-12,short,09:40,566.23,571.68,,11:00,571.68,SL,-1.073,576.07,570.21,META,SL25,warmup
2026-06-12,short,09:40,566.23,573.14,,11:20,573.14,SL,-1.058,576.07,570.21,META,SL50,warmup
2026-06-12,short,09:40,566.23,574.61,,11:20,574.61,SL,-1.048,576.07,570.21,META,SL75,warmup
2026-06-15,long,09:40,588.89,585.9,,15:55,593.49,Tagesschluss,1.499,588.1,579.3,META,SL25,warmup
2026-06-15,long,09:40,588.89,583.7,,15:55,593.49,Tagesschluss,0.863,588.1,579.3,META,SL50,warmup
2026-06-15,long,09:40,588.89,581.5,,15:55,593.49,Tagesschluss,0.606,588.1,579.3,META,SL75,warmup
2026-06-15,long,09:55,590.53,583.7,604.19,15:55,593.49,Tagesschluss,0.416,588.1,579.3,META,Video,warmup
2026-06-15,long,09:55,590.53,579.3,635.46,15:55,593.49,Tagesschluss,0.253,588.1,579.3,META,RetestMax,warmup
2026-06-16,long,09:45,603.66,598.37,,10:15,598.37,SL,-1.079,600.02,593.42,META,SL25,warmup
2026-06-16,long,09:45,603.66,596.72,,10:20,596.72,SL,-1.06,600.02,593.42,META,SL50,warmup
2026-06-16,long,09:45,603.66,595.07,,10:20,595.07,SL,-1.049,600.02,593.42,META,SL75,warmup
2026-06-17,short,09:40,586.58,588.83,,15:55,567.48,Tagesschluss,8.423,593.81,587.17,META,SL25,warmup
2026-06-17,short,09:40,586.58,590.49,,15:55,567.48,Tagesschluss,4.851,593.81,587.17,META,SL50,warmup
2026-06-17,short,09:40,586.58,592.15,,15:55,567.48,Tagesschluss,3.407,593.81,587.17,META,SL75,warmup
2026-06-18,short,09:35,567.67,571.65,,10:05,571.65,SL,-1.1,576.6,570.0,META,SL25,warmup
2026-06-18,short,09:35,567.67,573.3,,10:15,573.3,SL,-1.071,576.6,570.0,META,SL50,warmup
2026-06-18,short,09:35,567.67,574.95,,11:45,574.95,SL,-1.055,576.6,570.0,META,SL75,warmup
2026-06-22,long,09:40,573.68,571.45,,10:15,571.45,SL,-1.179,572.77,567.5,META,SL25,warmup
2026-06-22,long,09:40,573.68,570.14,,10:15,570.14,SL,-1.113,572.77,567.5,META,SL50,warmup
2026-06-22,long,09:40,573.68,568.82,,10:20,568.82,SL,-1.082,572.77,567.5,META,SL75,warmup
2026-06-23,long,09:35,569.54,565.05,,11:00,565.05,SL,-1.088,566.39,561.03,META,SL25,warmup
2026-06-23,long,09:35,569.54,563.71,,11:15,563.71,SL,-1.068,566.39,561.03,META,SL50,warmup
2026-06-23,long,09:35,569.54,562.37,,11:20,562.37,SL,-1.055,566.39,561.03,META,SL75,warmup
2026-06-24,long,09:35,566.69,563.14,,09:45,563.14,SL,-1.111,565.03,557.47,META,SL25,warmup
2026-06-24,long,09:35,566.69,561.25,,09:45,561.25,SL,-1.072,565.03,557.47,META,SL50,warmup
2026-06-24,long,09:35,566.69,559.36,,12:55,559.36,SL,-1.054,565.03,557.47,META,SL75,warmup
2026-06-25,short,09:35,541.22,547.35,,09:55,547.35,SL,-1.062,555.55,544.61,META,SL25,warmup
2026-06-25,short,09:35,541.22,550.08,,10:00,550.08,SL,-1.043,555.55,544.61,META,SL50,warmup
2026-06-25,short,09:35,541.22,552.82,,10:25,552.82,SL,-1.033,555.55,544.61,META,SL75,warmup
2026-06-26,long,10:05,546.62,544.15,,15:55,549.35,Tagesschluss,1.061,545.4,540.4,META,SL25,warmup
2026-06-26,long,10:05,546.62,542.9,,15:55,549.35,Tagesschluss,0.704,545.4,540.4,META,SL50,warmup
2026-06-26,long,10:05,546.62,541.65,,15:55,549.35,Tagesschluss,0.527,545.4,540.4,META,SL75,warmup
2026-06-29,long,09:45,568.54,565.21,,10:00,565.21,SL,-1.119,567.61,558.0,META,SL25,warmup
2026-06-29,long,09:45,568.54,562.8,,11:10,562.8,SL,-1.069,567.61,558.0,META,SL50,warmup
2026-06-29,long,09:45,568.54,560.4,,15:55,562.33,Tagesschluss,-0.777,567.61,558.0,META,SL75,warmup
2026-06-30,short,10:10,554.9,556.72,,10:25,556.72,SL,-1.214,561.51,555.12,META,SL25,warmup
2026-06-30,short,10:10,554.9,558.32,,12:45,558.32,SL,-1.114,561.51,555.12,META,SL50,warmup
2026-06-30,short,10:10,554.9,559.91,,13:20,559.91,SL,-1.078,561.51,555.12,META,SL75,warmup
2026-07-01,long,09:35,608.33,604.71,,09:40,604.71,SL,-1.117,607.91,595.1,META,SL25,warmup
2026-07-01,long,09:35,608.33,601.5,,09:40,601.5,SL,-1.062,607.91,595.1,META,SL50,warmup
2026-07-01,long,09:35,608.33,598.3,,09:45,598.3,SL,-1.042,607.91,595.1,META,SL75,warmup
2026-07-02,short,09:40,595.5,601.77,,15:55,582.65,Tagesschluss,2.032,610.0,599.02,META,SL25,warmup
2026-07-02,short,09:40,595.5,604.51,,15:55,582.65,Tagesschluss,1.413,610.0,599.02,META,SL50,warmup
2026-07-02,short,09:40,595.5,607.26,,15:55,582.65,Tagesschluss,1.083,610.0,599.02,META,SL75,warmup
2026-04-09,long,09:35,355.92,353.38,,09:50,353.38,SL,-1.097,354.0,351.5,AVGO,SL25,warmup
2026-04-09,long,09:35,355.92,352.75,,10:10,352.75,SL,-1.078,354.0,351.5,AVGO,SL50,warmup
2026-04-09,long,09:35,355.92,352.12,,15:55,354.91,Tagesschluss,-0.286,354.0,351.5,AVGO,SL75,warmup
2026-04-09,long,10:00,355.6,352.75,361.3,10:10,352.75,SL,-1.087,354.0,351.5,AVGO,Video,warmup
2026-04-09,long,10:00,355.6,351.5,372.0,15:55,354.91,Tagesschluss,-0.186,354.0,351.5,AVGO,RetestMax,warmup
2026-04-10,long,09:45,373.55,368.61,,10:00,368.61,SL,-1.052,371.21,360.82,AVGO,SL25,warmup
2026-04-10,long,09:45,373.55,366.01,,15:55,371.56,Tagesschluss,-0.274,371.21,360.82,AVGO,SL50,warmup
2026-04-10,long,09:45,373.55,363.42,,15:55,371.56,Tagesschluss,-0.203,371.21,360.82,AVGO,SL75,warmup
2026-04-13,long,10:40,374.92,373.26,,11:50,373.26,SL,-1.158,374.4,369.86,AVGO,SL25,warmup
2026-04-13,long,10:40,374.92,372.13,,12:00,372.13,SL,-1.094,374.4,369.86,AVGO,SL50,warmup
2026-04-13,long,10:40,374.92,370.99,,15:55,379.66,Tagesschluss,1.191,374.4,369.86,AVGO,SL75,warmup
2026-04-13,long,10:50,375.4,372.13,381.94,12:00,372.13,SL,-1.08,374.4,369.86,AVGO,Video,warmup
2026-04-13,long,10:50,375.4,369.86,397.56,15:55,379.66,Tagesschluss,0.755,374.4,369.86,AVGO,RetestMax,warmup
2026-04-14,long,09:50,381.91,380.47,,09:55,380.47,SL,-1.184,381.79,376.5,AVGO,SL25,warmup
2026-04-14,long,09:50,381.91,379.15,,09:55,379.15,SL,-1.096,381.79,376.5,AVGO,SL50,warmup
2026-04-14,long,09:50,381.91,377.82,,10:25,377.82,SL,-1.065,381.79,376.5,AVGO,SL75,warmup
2026-04-15,long,09:45,394.73,391.64,,11:25,391.64,SL,-1.089,393.66,385.57,AVGO,SL25,warmup
2026-04-15,long,09:45,394.73,389.61,,12:45,389.61,SL,-1.053,393.66,385.57,AVGO,SL50,warmup
2026-04-15,long,09:45,394.73,387.59,,15:55,396.61,Tagesschluss,0.251,393.66,385.57,AVGO,SL75,warmup
2026-04-15,long,09:55,395.76,389.61,408.04,12:45,389.61,SL,-1.045,393.66,385.57,AVGO,Video,warmup
2026-04-15,long,09:55,395.76,385.57,436.49,15:55,396.61,Tagesschluss,0.076,393.66,385.57,AVGO,RetestMax,warmup
2026-04-16,long,09:40,398.36,396.32,,09:50,396.32,SL,-1.136,397.65,392.35,AVGO,SL25,warmup
2026-04-16,long,09:40,398.36,395.0,,09:50,395.0,SL,-1.082,397.65,392.35,AVGO,SL50,warmup
2026-04-16,long,09:40,398.36,393.67,,15:55,398.36,Tagesschluss,-0.017,397.65,392.35,AVGO,SL75,warmup
2026-04-17,long,09:40,403.17,402.15,,09:45,402.15,SL,-1.277,402.93,399.82,AVGO,SL25,warmup
2026-04-17,long,09:40,403.17,401.38,,10:25,401.38,SL,-1.157,402.93,399.82,AVGO,SL50,warmup
2026-04-17,long,09:40,403.17,400.6,,15:55,406.45,Tagesschluss,1.244,402.93,399.82,AVGO,SL75,warmup
2026-04-17,long,09:50,403.49,401.38,407.72,10:25,401.38,SL,-1.133,402.93,399.82,AVGO,Video,warmup
2026-04-17,long,09:50,403.49,399.82,418.17,15:55,406.45,Tagesschluss,0.784,402.93,399.82,AVGO,RetestMax,warmup
2026-04-20,short,10:00,400.1,402.95,,15:55,399.84,Tagesschluss,0.064,406.36,401.81,AVGO,SL25,warmup
2026-04-20,short,10:00,400.1,404.08,,15:55,399.84,Tagesschluss,0.046,406.36,401.81,AVGO,SL50,warmup
2026-04-20,short,10:00,400.1,405.22,,15:55,399.84,Tagesschluss,0.036,406.36,401.81,AVGO,SL75,warmup
2026-04-21,short,09:40,396.4,397.47,,09:55,397.47,SL,-1.26,399.96,396.64,AVGO,SL25,warmup
2026-04-21,short,09:40,396.4,398.3,,10:00,398.3,SL,-1.147,399.96,396.64,AVGO,SL50,warmup
2026-04-21,short,09:40,396.4,399.13,,10:30,399.13,SL,-1.102,399.96,396.64,AVGO,SL75,warmup
2026-04-21,short,09:50,395.47,398.3,389.81,10:00,398.3,SL,-1.098,399.96,396.64,AVGO,Video,warmup
2026-04-21,short,09:50,395.47,399.96,377.51,10:45,399.96,SL,-1.062,399.96,396.64,AVGO,RetestMax,warmup
2026-04-22,long,10:05,409.1,408.03,,15:55,422.6,Tagesschluss,12.568,408.99,405.16,AVGO,SL25,warmup
2026-04-22,long,10:05,409.1,407.07,,15:55,422.6,Tagesschluss,6.626,408.99,405.16,AVGO,SL50,warmup
2026-04-22,long,10:05,409.1,406.12,,15:55,422.6,Tagesschluss,4.499,408.99,405.16,AVGO,SL75,warmup
2026-04-22,long,10:15,409.49,407.07,414.32,11:15,414.32,TP,1.966,408.99,405.16,AVGO,Video,warmup
2026-04-22,long,10:15,409.49,405.16,426.81,15:55,422.6,Tagesschluss,3.009,408.99,405.16,AVGO,RetestMax,warmup
2026-04-23,long,09:35,423.59,421.96,,13:15,421.96,SL,-1.181,422.82,419.39,AVGO,SL25,warmup
2026-04-23,long,09:35,423.59,421.1,,13:25,421.1,SL,-1.119,422.82,419.39,AVGO,SL50,warmup
2026-04-23,long,09:35,423.59,420.25,,13:40,420.25,SL,-1.088,422.82,419.39,AVGO,SL75,warmup
2026-04-23,long,09:45,427.4,421.1,439.99,13:25,421.1,SL,-1.047,422.82,419.39,AVGO,Video,warmup
2026-04-23,long,09:45,427.4,419.39,459.44,13:40,419.39,SL,-1.037,422.82,419.39,AVGO,RetestMax,warmup
2026-04-23,long,09:45,427.4,419.39,459.44,13:40,419.39,SL,-1.037,422.82,419.39,AVGO,Retest3K,warmup
2026-04-24,short,09:35,420.06,423.07,,15:15,423.07,SL,-1.098,425.0,422.43,AVGO,SL25,warmup
2026-04-24,short,09:35,420.06,423.71,,15:55,422.75,Tagesschluss,-0.759,425.0,422.43,AVGO,SL50,warmup
2026-04-24,short,09:35,420.06,424.36,,15:55,422.75,Tagesschluss,-0.646,425.0,422.43,AVGO,SL75,warmup
2026-04-27,short,10:00,418.76,419.92,,15:55,418.32,Tagesschluss,0.302,422.61,419.02,AVGO,SL25,warmup
2026-04-27,short,10:00,418.76,420.82,,15:55,418.32,Tagesschluss,0.17,422.61,419.02,AVGO,SL50,warmup
2026-04-27,short,10:00,418.76,421.72,,15:55,418.32,Tagesschluss,0.119,422.61,419.02,AVGO,SL75,warmup
2026-04-27,short,10:10,417.82,420.82,411.83,15:55,418.32,Tagesschluss,-0.195,422.61,419.02,AVGO,Video,warmup
2026-04-27,short,10:10,417.82,422.61,398.64,15:55,418.32,Tagesschluss,-0.122,422.61,419.02,AVGO,RetestMax,warmup
2026-04-28,long,09:35,402.91,400.96,,10:35,400.96,SL,-1.144,402.25,397.1,AVGO,SL25,warmup
2026-04-28,long,09:35,402.91,399.68,,10:45,399.68,SL,-1.087,402.25,397.1,AVGO,SL50,warmup
2026-04-28,long,09:35,402.91,398.39,,10:50,398.39,SL,-1.062,402.25,397.1,AVGO,SL75,warmup
2026-04-30,short,09:50,412.29,414.11,,10:00,414.11,SL,-1.158,417.46,413.0,AVGO,SL25,warmup
2026-04-30,short,09:50,412.29,415.23,,13:30,415.23,SL,-1.099,417.46,413.0,AVGO,SL50,warmup
2026-04-30,short,09:50,412.29,416.34,,13:45,416.34,SL,-1.072,417.46,413.0,AVGO,SL75,warmup
2026-05-01,long,09:35,421.34,416.89,,10:35,416.89,SL,-1.066,418.1,413.28,AVGO,SL25,warmup
2026-05-01,long,09:35,421.34,415.69,,15:55,421.28,Tagesschluss,-0.026,418.1,413.28,AVGO,SL50,warmup
2026-05-01,long,09:35,421.34,414.48,,15:55,421.28,Tagesschluss,-0.021,418.1,413.28,AVGO,SL75,warmup
2026-05-04,long,09:35,420.35,418.9,,10:15,418.9,SL,-1.203,419.55,416.94,AVGO,SL25,warmup
2026-05-04,long,09:35,420.35,418.24,,10:20,418.24,SL,-1.14,419.55,416.94,AVGO,SL50,warmup
2026-05-04,long,09:35,420.35,417.59,,10:25,417.59,SL,-1.106,419.55,416.94,AVGO,SL75,warmup
2026-05-05,long,09:40,423.8,422.73,,10:00,422.73,SL,-1.275,423.74,419.7,AVGO,SL25,warmup
2026-05-05,long,09:40,423.8,421.72,,10:10,421.72,SL,-1.142,423.74,419.7,AVGO,SL50,warmup
2026-05-05,long,09:40,423.8,420.71,,10:10,420.71,SL,-1.095,423.74,419.7,AVGO,SL75,warmup
2026-05-06,short,09:35,431.55,434.32,,15:55,425.28,Tagesschluss,2.233,437.68,433.2,AVGO,SL25,warmup
2026-05-06,short,09:35,431.55,435.44,,15:55,425.28,Tagesschluss,1.59,437.68,433.2,AVGO,SL50,warmup
2026-05-06,short,09:35,431.55,436.56,,15:55,425.28,Tagesschluss,1.234,437.68,433.2,AVGO,SL75,warmup
2026-05-07,short,09:40,415.19,419.3,,10:05,419.3,SL,-1.071,422.92,418.09,AVGO,SL25,warmup
2026-05-07,short,09:40,415.19,420.51,,10:15,420.51,SL,-1.055,422.92,418.09,AVGO,SL50,warmup
2026-05-07,short,09:40,415.19,421.71,,10:20,421.71,SL,-1.045,422.92,418.09,AVGO,SL75,warmup
2026-05-08,long,09:35,421.5,418.33,,15:55,429.9,Tagesschluss,2.626,419.78,414.0,AVGO,SL25,warmup
2026-05-08,long,09:35,421.5,416.89,,15:55,429.9,Tagesschluss,1.803,419.78,414.0,AVGO,SL50,warmup
2026-05-08,long,09:35,421.5,415.44,,15:55,429.9,Tagesschluss,1.373,419.78,414.0,AVGO,SL75,warmup
2026-05-08,long,09:55,421.61,416.89,431.05,12:40,431.05,TP,1.982,419.78,414.0,AVGO,Video,warmup
2026-05-08,long,09:55,421.61,414.0,452.05,15:55,429.9,Tagesschluss,1.078,419.78,414.0,AVGO,RetestMax,warmup
2026-05-11,long,09:35,430.91,429.58,,10:00,429.58,SL,-1.226,430.8,425.92,AVGO,SL25,warmup
2026-05-11,long,09:35,430.91,428.36,,10:15,428.36,SL,-1.118,430.8,425.92,AVGO,SL50,warmup
2026-05-11,long,09:35,430.91,427.14,,10:20,427.14,SL,-1.079,430.8,425.92,AVGO,SL75,warmup
2026-05-11,long,09:45,433.32,428.36,443.24,10:15,428.36,SL,-1.061,430.8,425.92,AVGO,Video,warmup
2026-05-11,long,09:45,433.32,425.92,462.94,10:30,425.92,SL,-1.04,430.8,425.92,AVGO,RetestMax,warmup
2026-05-11,long,09:45,433.32,425.92,462.94,10:30,425.92,SL,-1.04,430.8,425.92,AVGO,Retest3K,warmup
2026-05-12,long,09:35,424.97,422.26,,10:30,422.26,SL,-1.109,423.43,418.76,AVGO,SL25,warmup
2026-05-12,long,09:35,424.97,421.1,,10:30,421.1,SL,-1.076,423.43,418.76,AVGO,SL50,warmup
2026-05-12,long,09:35,424.97,419.93,,10:50,419.93,SL,-1.058,423.43,418.76,AVGO,SL75,warmup
2026-05-13,short,09:40,409.61,411.55,,10:20,411.55,SL,-1.148,416.21,410.0,AVGO,SL25,warmup
2026-05-13,short,09:40,409.61,413.1,,10:45,413.1,SL,-1.083,416.21,410.0,AVGO,SL50,warmup
2026-05-13,short,09:40,409.61,414.66,,10:55,414.66,SL,-1.057,416.21,410.0,AVGO,SL75,warmup
2026-05-14,long,09:35,432.2,426.14,,15:55,439.46,Tagesschluss,1.184,429.66,415.59,AVGO,SL25,warmup
2026-05-14,long,09:35,432.2,422.62,,15:55,439.46,Tagesschluss,0.749,429.66,415.59,AVGO,SL50,warmup
2026-05-14,long,09:35,432.2,419.11,,15:55,439.46,Tagesschluss,0.548,429.66,415.59,AVGO,SL75,warmup
2026-05-15,short,09:55,424.09,426.34,,10:05,426.34,SL,-1.133,432.72,424.21,AVGO,SL25,warmup
2026-05-15,short,09:55,424.09,428.46,,10:10,428.46,SL,-1.068,432.72,424.21,AVGO,SL50,warmup
2026-05-15,short,09:55,424.09,430.59,,12:45,430.59,SL,-1.046,432.72,424.21,AVGO,SL75,warmup
2026-05-18,short,09:40,417.3,418.66,,09:50,418.66,SL,-1.216,422.0,417.55,AVGO,SL25,warmup
2026-05-18,short,09:40,417.3,419.77,,09:50,419.77,SL,-1.119,422.0,417.55,AVGO,SL50,warmup
2026-05-18,short,09:40,417.3,420.89,,09:55,420.89,SL,-1.082,422.0,417.55,AVGO,SL75,warmup
2026-05-19,short,10:05,408.14,410.52,,10:35,410.52,SL,-1.121,415.88,408.74,AVGO,SL25,warmup
2026-05-19,short,10:05,408.14,412.31,,12:00,412.31,SL,-1.069,415.88,408.74,AVGO,SL50,warmup
2026-05-19,short,10:05,408.14,414.1,,12:30,414.1,SL,-1.049,415.88,408.74,AVGO,SL75,warmup
2026-05-19,short,10:15,407.38,412.31,397.52,12:00,412.31,SL,-1.058,415.88,408.74,AVGO,Video,warmup
2026-05-19,short,10:15,407.38,415.88,373.38,13:15,415.88,SL,-1.034,415.88,408.74,AVGO,RetestMax,warmup
2026-05-20,short,09:50,412.27,413.98,,09:55,413.98,SL,-1.169,417.52,412.8,AVGO,SL25,warmup
2026-05-20,short,09:50,412.27,415.16,,10:00,415.16,SL,-1.1,417.52,412.8,AVGO,SL50,warmup
2026-05-20,short,09:50,412.27,416.34,,10:10,416.34,SL,-1.072,417.52,412.8,AVGO,SL75,warmup
2026-05-21,long,09:50,421.05,418.4,,10:15,418.4,SL,-1.111,420.16,413.1,AVGO,SL25,warmup
2026-05-21,long,09:50,421.05,416.63,,10:20,416.63,SL,-1.066,420.16,413.1,AVGO,SL50,warmup
2026-05-21,long,09:50,421.05,414.87,,10:30,414.87,SL,-1.047,420.16,413.1,AVGO,SL75,warmup
2026-05-21,long,10:00,421.54,416.63,431.36,10:20,416.63,SL,-1.059,420.16,413.1,AVGO,Video,warmup
2026-05-21,long,10:00,421.54,413.1,455.3,11:00,413.1,SL,-1.034,420.16,413.1,AVGO,RetestMax,warmup
2026-05-22,short,09:50,416.24,417.37,,15:55,414.12,Tagesschluss,1.807,419.76,416.57,AVGO,SL25,warmup
2026-05-22,short,09:50,416.24,418.17,,15:55,414.12,Tagesschluss,1.058,419.76,416.57,AVGO,SL50,warmup
2026-05-22,short,09:50,416.24,418.96,,15:55,414.12,Tagesschluss,0.748,419.76,416.57,AVGO,SL75,warmup
2026-05-26,long,09:45,428.78,425.15,,11:20,425.15,SL,-1.082,427.87,417.0,AVGO,SL25,warmup
2026-05-26,long,09:45,428.78,422.43,,11:55,422.43,SL,-1.047,427.87,417.0,AVGO,SL50,warmup
2026-05-26,long,09:45,428.78,419.72,,15:55,421.77,Tagesschluss,-0.783,427.87,417.0,AVGO,SL75,warmup
2026-05-26,long,10:05,429.77,422.43,444.44,11:55,422.43,SL,-1.04,427.87,417.0,AVGO,Video,warmup
2026-05-26,long,10:05,429.77,417.0,480.85,15:55,421.77,Tagesschluss,-0.633,427.87,417.0,AVGO,RetestMax,warmup
2026-05-27,short,09:45,424.82,426.95,,09:50,426.95,SL,-1.14,432.8,425.0,AVGO,SL25,warmup
2026-05-27,short,09:45,424.82,428.9,,09:50,428.9,SL,-1.073,432.8,425.0,AVGO,SL50,warmup
2026-05-27,short,09:45,424.82,430.85,,15:55,421.94,Tagesschluss,0.463,432.8,425.0,AVGO,SL75,warmup
2026-05-28,short,09:35,414.49,417.64,,09:45,417.64,SL,-1.093,424.5,415.35,AVGO,SL25,warmup
2026-05-28,short,09:35,414.49,419.92,,09:50,419.92,SL,-1.054,424.5,415.35,AVGO,SL50,warmup
2026-05-28,short,09:35,414.49,422.21,,10:15,422.21,SL,-1.038,424.5,415.35,AVGO,SL75,warmup
2026-05-29,long,09:35,440.99,437.51,,10:35,437.51,SL,-1.088,439.52,431.5,AVGO,SL25,warmup
2026-05-29,long,09:35,440.99,435.51,,10:40,435.51,SL,-1.056,439.52,431.5,AVGO,SL50,warmup
2026-05-29,long,09:35,440.99,433.5,,15:55,447.21,Tagesschluss,0.819,439.52,431.5,AVGO,SL75,warmup
2026-06-01,long,09:35,454.39,448.64,,09:45,448.64,SL,-1.055,450.77,442.24,AVGO,SL25,warmup
2026-06-01,long,09:35,454.39,446.5,,10:00,446.5,SL,-1.04,450.77,442.24,AVGO,SL50,warmup
2026-06-01,long,09:35,454.39,444.37,,15:55,459.96,Tagesschluss,0.547,450.77,442.24,AVGO,SL75,warmup
2026-06-02,short,09:35,480.46,482.58,,09:40,482.58,SL,-1.159,488.82,480.5,AVGO,SL25,warmup
2026-06-02,short,09:35,480.46,484.66,,09:50,484.66,SL,-1.081,488.82,480.5,AVGO,SL50,warmup
2026-06-02,short,09:35,480.46,486.74,,15:55,481.54,Tagesschluss,-0.187,488.82,480.5,AVGO,SL75,warmup
2026-06-03,short,09:35,477.95,485.8,,10:25,485.8,SL,-1.043,495.0,482.74,AVGO,SL25,warmup
2026-06-03,short,09:35,477.95,488.87,,11:15,488.87,SL,-1.031,495.0,482.74,AVGO,SL50,warmup
2026-06-03,short,09:35,477.95,491.93,,15:55,478.07,Tagesschluss,-0.015,495.0,482.74,AVGO,SL75,warmup
2026-06-04,short,09:40,403.71,408.25,,10:10,408.25,SL,-1.063,415.19,405.94,AVGO,SL25,warmup
2026-06-04,short,09:40,403.71,410.56,,10:40,410.56,SL,-1.042,415.19,405.94,AVGO,SL50,warmup
2026-06-04,short,09:40,403.71,412.88,,11:15,412.88,SL,-1.031,415.19,405.94,AVGO,SL75,warmup
2026-06-05,short,09:35,401.89,405.28,,15:55,385.73,Tagesschluss,4.744,410.5,403.54,AVGO,SL25,warmup
2026-06-05,short,09:35,401.89,407.02,,15:55,385.73,Tagesschluss,3.135,410.5,403.54,AVGO,SL50,warmup
2026-06-05,short,09:35,401.89,408.76,,15:55,385.73,Tagesschluss,2.341,410.5,403.54,AVGO,SL75,warmup
2026-06-05,short,09:55,400.62,407.02,387.82,14:45,387.82,TP,1.988,410.5,403.54,AVGO,Video,warmup
2026-06-05,short,09:55,400.62,410.5,361.1,15:55,385.73,Tagesschluss,1.499,410.5,403.54,AVGO,RetestMax,warmup
2026-06-08,short,09:55,392.19,397.18,,10:35,397.18,SL,-1.056,402.84,395.3,AVGO,SL25,warmup
2026-06-08,short,09:55,392.19,399.07,,10:45,399.07,SL,-1.041,402.84,395.3,AVGO,SL50,warmup
2026-06-08,short,09:55,392.19,400.95,,15:55,396.7,Tagesschluss,-0.524,402.84,395.3,AVGO,SL75,warmup
2026-06-09,long,09:40,405.01,401.84,,09:50,401.84,SL,-1.089,403.0,398.35,AVGO,SL25,warmup
2026-06-09,long,09:40,405.01,400.68,,09:55,400.68,SL,-1.065,403.0,398.35,AVGO,SL50,warmup
2026-06-09,long,09:40,405.01,399.52,,09:55,399.52,SL,-1.051,403.0,398.35,AVGO,SL75,warmup
2026-06-10,short,09:50,374.29,378.6,,10:25,378.6,SL,-1.061,385.81,376.2,AVGO,SL25,warmup
2026-06-10,short,09:50,374.29,381.01,,15:55,371.56,Tagesschluss,0.395,385.81,376.2,AVGO,SL50,warmup
2026-06-10,short,09:50,374.29,383.41,,15:55,371.56,Tagesschluss,0.291,385.81,376.2,AVGO,SL75,warmup
2026-06-11,long,09:35,377.13,374.56,,10:55,374.56,SL,-1.102,375.89,370.55,AVGO,SL25,warmup
2026-06-11,long,09:35,377.13,373.22,,11:00,373.22,SL,-1.067,375.89,370.55,AVGO,SL50,warmup
2026-06-11,long,09:35,377.13,371.88,,15:55,385.14,Tagesschluss,1.513,375.89,370.55,AVGO,SL75,warmup
2026-06-11,long,09:45,378.78,373.22,389.9,11:00,373.22,SL,-1.047,375.89,370.55,AVGO,Video,warmup
2026-06-11,long,09:45,378.78,370.55,411.7,15:55,385.14,Tagesschluss,0.764,375.89,370.55,AVGO,RetestMax,warmup
2026-06-11,long,09:45,378.78,370.55,411.7,15:55,385.14,Tagesschluss,0.764,375.89,370.55,AVGO,Retest3K,warmup
2026-06-12,long,09:35,384.2,382.54,,09:40,382.54,SL,-1.162,384.0,378.18,AVGO,SL25,warmup
2026-06-12,long,09:35,384.2,381.09,,09:40,381.09,SL,-1.086,384.0,378.18,AVGO,SL50,warmup
2026-06-12,long,09:35,384.2,379.63,,09:40,379.63,SL,-1.058,384.0,378.18,AVGO,SL75,warmup
2026-06-15,short,09:55,390.54,392.05,,10:10,392.05,SL,-1.182,396.2,390.66,AVGO,SL25,warmup
2026-06-15,short,09:55,390.54,393.43,,11:35,393.43,SL,-1.095,396.2,390.66,AVGO,SL50,warmup
2026-06-15,short,09:55,390.54,394.82,,14:05,394.82,SL,-1.064,396.2,390.66,AVGO,SL75,warmup
2026-06-15,short,10:05,390.18,393.43,383.69,11:35,393.43,SL,-1.085,396.2,390.66,AVGO,Video,warmup
2026-06-15,short,10:05,390.18,396.2,366.12,15:55,394.13,Tagesschluss,-0.669,396.2,390.66,AVGO,RetestMax,warmup
2026-06-16,short,09:35,386.83,388.55,,09:40,388.55,SL,-1.158,391.79,387.47,AVGO,SL25,warmup
2026-06-16,short,09:35,386.83,389.63,,09:50,389.63,SL,-1.097,391.79,387.47,AVGO,SL50,warmup
2026-06-16,short,09:35,386.83,390.71,,15:55,376.84,Tagesschluss,2.56,391.79,387.47,AVGO,SL75,warmup
2026-06-17,short,09:35,383.04,386.05,,09:40,386.05,SL,-1.09,388.93,385.1,AVGO,SL25,warmup
2026-06-17,short,09:35,383.04,387.01,,09:40,387.01,SL,-1.068,388.93,385.1,AVGO,SL50,warmup
2026-06-17,short,09:35,383.04,387.97,,09:40,387.97,SL,-1.055,388.93,385.1,AVGO,SL75,warmup
2026-06-18,short,09:40,406.62,408.24,,09:50,408.24,SL,-1.176,412.48,406.83,AVGO,SL25,warmup
2026-06-18,short,09:40,406.62,409.65,,09:50,409.65,SL,-1.094,412.48,406.83,AVGO,SL50,warmup
2026-06-18,short,09:40,406.62,411.07,,10:25,411.07,SL,-1.065,412.48,406.83,AVGO,SL75,warmup
2026-06-22,short,09:35,403.15,406.06,,15:55,392.04,Tagesschluss,3.787,414.56,403.23,AVGO,SL25,warmup
2026-06-22,short,09:35,403.15,408.9,,15:55,392.04,Tagesschluss,1.92,414.56,403.23,AVGO,SL50,warmup
2026-06-22,short,09:35,403.15,411.73,,15:55,392.04,Tagesschluss,1.286,414.56,403.23,AVGO,SL75,warmup
2026-06-22,short,09:45,400.95,408.9,385.07,15:55,392.04,Tagesschluss,1.113,414.56,403.23,AVGO,Video,warmup
2026-06-22,short,09:45,400.95,414.56,346.53,15:55,392.04,Tagesschluss,0.649,414.56,403.23,AVGO,RetestMax,warmup
2026-06-22,short,09:45,400.95,414.56,346.53,15:55,392.04,Tagesschluss,0.649,414.56,403.23,AVGO,Retest3K,warmup
2026-06-23,long,09:35,384.25,381.63,,11:00,381.63,SL,-1.102,383.29,376.66,AVGO,SL25,warmup
2026-06-23,long,09:35,384.25,379.97,,11:10,379.97,SL,-1.062,383.29,376.66,AVGO,SL50,warmup
2026-06-23,long,09:35,384.25,378.32,,15:55,380.36,Tagesschluss,-0.669,383.29,376.66,AVGO,SL75,warmup
2026-06-23,long,09:45,384.75,379.97,394.3,11:10,379.97,SL,-1.056,383.29,376.66,AVGO,Video,warmup
2026-06-23,long,09:45,384.75,376.66,417.1,15:55,380.36,Tagesschluss,-0.552,383.29,376.66,AVGO,RetestMax,warmup
2026-06-23,long,09:45,384.75,376.66,417.1,15:55,380.36,Tagesschluss,-0.552,383.29,376.66,AVGO,Retest3K,warmup
2026-06-24,short,09:40,382.2,384.69,,09:50,384.69,SL,-1.108,388.74,383.33,AVGO,SL25,warmup
2026-06-24,short,09:40,382.2,386.04,,11:00,386.04,SL,-1.07,388.74,383.33,AVGO,SL50,warmup
2026-06-24,short,09:40,382.2,387.39,,15:55,382.1,Tagesschluss,0.004,388.74,383.33,AVGO,SL75,warmup
2026-06-25,short,09:40,381.97,384.54,,10:50,384.54,SL,-1.105,388.8,383.12,AVGO,SL25,warmup
2026-06-25,short,09:40,381.97,385.96,,12:15,385.96,SL,-1.068,388.8,383.12,AVGO,SL50,warmup
2026-06-25,short,09:40,381.97,387.38,,15:55,379.33,Tagesschluss,0.474,388.8,383.12,AVGO,SL75,warmup
2026-06-25,short,09:50,374.85,385.96,352.63,12:15,385.96,SL,-1.024,388.8,383.12,AVGO,Video,warmup
2026-06-25,short,09:50,374.85,388.8,319.05,15:55,379.33,Tagesschluss,-0.327,388.8,383.12,AVGO,RetestMax,warmup
2026-06-26,short,09:35,367.01,368.58,,09:55,368.58,SL,-1.164,372.26,367.35,AVGO,SL25,warmup
2026-06-26,short,09:35,367.01,369.81,,10:00,369.81,SL,-1.093,372.26,367.35,AVGO,SL50,warmup
2026-06-26,short,09:35,367.01,371.03,,10:20,371.03,SL,-1.064,372.26,367.35,AVGO,SL75,warmup
2026-06-26,short,09:45,365.6,369.81,357.2,10:00,369.81,SL,-1.062,372.26,367.35,AVGO,Video,warmup
2026-06-26,short,09:45,365.6,372.26,338.98,11:40,372.26,SL,-1.039,372.26,367.35,AVGO,RetestMax,warmup
2026-06-26,short,09:45,365.6,372.26,338.98,11:40,372.26,SL,-1.039,372.26,367.35,AVGO,Retest3K,warmup
2026-06-29,short,09:55,369.39,371.94,,13:00,371.94,SL,-1.102,374.6,371.06,AVGO,SL25,warmup
2026-06-29,short,09:55,369.39,372.83,,13:10,372.83,SL,-1.076,374.6,371.06,AVGO,SL50,warmup
2026-06-29,short,09:55,369.39,373.71,,13:10,373.71,SL,-1.06,374.6,371.06,AVGO,SL75,warmup
2026-06-29,short,11:20,369.0,372.83,361.34,13:10,372.83,SL,-1.068,374.6,371.06,AVGO,Video,warmup
2026-06-29,short,11:20,369.0,374.6,346.6,13:15,374.6,SL,-1.047,374.6,371.06,AVGO,RetestMax,warmup
2026-06-30,long,09:40,377.55,374.49,,10:00,374.49,SL,-1.086,375.75,370.7,AVGO,SL25,warmup
2026-06-30,long,09:40,377.55,373.23,,15:55,377.07,Tagesschluss,-0.128,375.75,370.7,AVGO,SL50,warmup
2026-06-30,long,09:40,377.55,371.96,,15:55,377.07,Tagesschluss,-0.099,375.75,370.7,AVGO,SL75,warmup
2026-07-01,short,09:35,368.85,370.71,,09:40,370.71,SL,-1.139,373.55,369.76,AVGO,SL25,warmup
2026-07-01,short,09:35,368.85,371.65,,09:45,371.65,SL,-1.093,373.55,369.76,AVGO,SL50,warmup
2026-07-01,short,09:35,368.85,372.6,,10:00,372.6,SL,-1.069,373.55,369.76,AVGO,SL75,warmup
2026-07-02,long,09:40,369.68,368.12,,10:40,368.12,SL,-1.165,369.46,364.1,AVGO,SL25,warmup
2026-07-02,long,09:40,369.68,366.78,,10:40,366.78,SL,-1.089,369.46,364.1,AVGO,SL50,warmup
2026-07-02,long,09:40,369.68,365.44,,11:05,365.44,SL,-1.06,369.46,364.1,AVGO,SL75,warmup
2026-07-02,long,09:50,371.64,366.78,381.36,10:40,366.78,SL,-1.053,369.46,364.1,AVGO,Video,warmup
2026-07-02,long,09:50,371.64,364.1,401.8,11:15,364.1,SL,-1.034,369.46,364.1,AVGO,RetestMax,warmup
2026-04-09,long,09:40,344.81,343.6,,09:45,343.6,SL,-1.198,344.12,342.04,TSLA,SL25,warmup
2026-04-09,long,09:40,344.81,343.08,,09:45,343.08,SL,-1.139,344.12,342.04,TSLA,SL50,warmup
2026-04-09,long,09:40,344.81,342.56,,09:45,342.56,SL,-1.106,344.12,342.04,TSLA,SL75,warmup
2026-04-10,short,11:35,344.78,346.3,,13:55,346.3,SL,-1.159,350.36,344.95,TSLA,SL25,warmup
2026-04-10,short,11:35,344.78,347.65,,15:40,347.65,SL,-1.085,350.36,344.95,TSLA,SL50,warmup
2026-04-10,short,11:35,344.78,349.01,,15:55,348.89,Tagesschluss,-0.99,350.36,344.95,TSLA,SL75,warmup
2026-04-10,short,11:45,343.7,347.65,335.79,15:40,347.65,SL,-1.061,350.36,344.95,TSLA,Video,warmup
2026-04-10,short,11:45,343.7,350.36,317.06,15:55,348.89,Tagesschluss,-0.79,350.36,344.95,TSLA,RetestMax,warmup
2026-04-13,long,09:45,352.02,350.13,,11:15,350.13,SL,-1.13,350.59,348.76,TSLA,SL25,warmup
2026-04-13,long,09:45,352.02,349.68,,15:55,352.4,Tagesschluss,0.137,350.59,348.76,TSLA,SL50,warmup
2026-04-13,long,09:45,352.02,349.22,,15:55,352.4,Tagesschluss,0.114,350.59,348.76,TSLA,SL75,warmup
2026-04-13,long,10:30,352.38,349.68,357.79,15:55,352.4,Tagesschluss,-0.017,350.59,348.76,TSLA,Video,warmup
2026-04-13,long,10:30,352.38,348.76,366.86,15:55,352.4,Tagesschluss,-0.013,350.59,348.76,TSLA,RetestMax,warmup
2026-04-14,long,10:20,362.55,359.67,,15:55,364.16,Tagesschluss,0.533,361.3,354.77,TSLA,SL25,warmup
2026-04-14,long,10:20,362.55,358.03,,15:55,364.16,Tagesschluss,0.34,361.3,354.77,TSLA,SL50,warmup
2026-04-14,long,10:20,362.55,356.4,,15:55,364.16,Tagesschluss,0.25,361.3,354.77,TSLA,SL75,warmup
2026-04-15,long,09:40,367.2,365.75,,15:55,392.03,Tagesschluss,17.131,366.84,362.5,TSLA,SL25,warmup
2026-04-15,long,09:40,367.2,364.67,,15:55,392.03,Tagesschluss,9.784,366.84,362.5,TSLA,SL50,warmup
2026-04-15,long,09:40,367.2,363.58,,15:55,392.03,Tagesschluss,6.848,366.84,362.5,TSLA,SL75,warmup
2026-04-15,long,09:50,369.99,364.67,380.63,10:55,380.63,TP,1.986,366.84,362.5,TSLA,Video,warmup
2026-04-15,long,09:50,369.99,362.5,399.95,15:55,392.03,Tagesschluss,2.932,366.84,362.5,TSLA,RetestMax,warmup
2026-04-16,short,09:35,386.14,390.06,,11:35,390.06,SL,-1.069,394.0,388.75,TSLA,SL25,warmup
2026-04-16,short,09:35,386.14,391.38,,15:55,388.79,Tagesschluss,-0.521,394.0,388.75,TSLA,SL50,warmup
2026-04-16,short,09:35,386.14,392.69,,15:55,388.79,Tagesschluss,-0.417,394.0,388.75,TSLA,SL75,warmup
2026-04-17,long,10:35,400.39,397.2,,15:55,400.66,Tagesschluss,0.06,399.05,391.65,TSLA,SL25,warmup
2026-04-17,long,10:35,400.39,395.35,,15:55,400.66,Tagesschluss,0.038,399.05,391.65,TSLA,SL50,warmup
2026-04-17,long,10:35,400.39,393.5,,15:55,400.66,Tagesschluss,0.028,399.05,391.65,TSLA,SL75,warmup
2026-04-20,short,09:35,399.8,402.67,,15:55,392.46,Tagesschluss,2.532,406.8,401.29,TSLA,SL25,warmup
2026-04-20,short,09:35,399.8,404.04,,15:55,392.46,Tagesschluss,1.71,406.8,401.29,TSLA,SL50,warmup
2026-04-20,short,09:35,399.8,405.42,,15:55,392.46,Tagesschluss,1.291,406.8,401.29,TSLA,SL75,warmup
2026-04-21,short,11:00,388.63,390.15,,11:10,390.15,SL,-1.179,393.38,389.08,TSLA,SL25,warmup
2026-04-21,short,11:00,388.63,391.23,,11:10,391.23,SL,-1.105,393.38,389.08,TSLA,SL50,warmup
2026-04-21,short,11:00,388.63,392.31,,11:15,392.31,SL,-1.075,393.38,389.08,TSLA,SL75,warmup
2026-04-22,long,09:40,390.58,388.75,,09:45,388.75,SL,-1.149,389.9,385.3,TSLA,SL25,warmup
2026-04-22,long,09:40,390.58,387.6,,15:00,387.6,SL,-1.091,389.9,385.3,TSLA,SL50,warmup
2026-04-22,long,09:40,390.58,386.45,,15:55,387.2,Tagesschluss,-0.837,389.9,385.3,TSLA,SL75,warmup
2026-04-23,long,09:35,383.9,377.49,,09:50,377.49,SL,-1.041,379.59,371.2,TSLA,SL25,warmup
2026-04-23,long,09:35,383.9,375.4,,09:55,375.4,SL,-1.031,379.59,371.2,TSLA,SL50,warmup
2026-04-23,long,09:35,383.9,373.3,,09:55,373.3,SL,-1.025,379.59,371.2,TSLA,SL75,warmup
2026-04-24,long,09:35,380.13,375.82,,09:55,375.82,SL,-1.061,377.52,370.73,TSLA,SL25,warmup
2026-04-24,long,09:35,380.13,374.13,,10:00,374.13,SL,-1.044,377.52,370.73,TSLA,SL50,warmup
2026-04-24,long,09:35,380.13,372.43,,10:05,372.43,SL,-1.034,377.52,370.73,TSLA,SL75,warmup
2026-04-27,short,09:45,366.93,368.35,,10:35,368.35,SL,-1.182,372.17,367.07,TSLA,SL25,warmup
2026-04-27,short,09:45,366.93,369.62,,12:05,369.62,SL,-1.096,372.17,367.07,TSLA,SL50,warmup
2026-04-27,short,09:45,366.93,370.9,,12:10,370.9,SL,-1.065,372.17,367.07,TSLA,SL75,warmup
2026-04-28,long,10:00,379.78,377.3,,10:25,377.3,SL,-1.106,378.88,372.54,TSLA,SL25,warmup
2026-04-28,long,10:00,379.78,375.71,,10:35,375.71,SL,-1.065,378.88,372.54,TSLA,SL50,warmup
2026-04-28,long,10:00,379.78,374.13,,10:50,374.13,SL,-1.046,378.88,372.54,TSLA,SL75,warmup
2026-04-29,short,09:35,373.01,374.23,,09:40,374.23,SL,-1.213,376.4,373.51,TSLA,SL25,warmup
2026-04-29,short,09:35,373.01,374.96,,09:45,374.96,SL,-1.134,376.4,373.51,TSLA,SL50,warmup
2026-04-29,short,09:35,373.01,375.68,,09:50,375.68,SL,-1.098,376.4,373.51,TSLA,SL75,warmup
2026-04-30,short,09:35,369.44,370.61,,09:40,370.61,SL,-1.221,372.99,369.82,TSLA,SL25,warmup
2026-04-30,short,09:35,369.44,371.41,,09:40,371.41,SL,-1.132,372.99,369.82,TSLA,SL50,warmup
2026-04-30,short,09:35,369.44,372.2,,09:45,372.2,SL,-1.094,372.99,369.82,TSLA,SL75,warmup
2026-05-01,short,09:40,381.37,383.2,,09:55,383.2,SL,-1.146,387.4,381.8,TSLA,SL25,warmup
2026-05-01,short,09:40,381.37,384.6,,10:05,384.6,SL,-1.083,387.4,381.8,TSLA,SL50,warmup
2026-05-01,short,09:40,381.37,386.0,,10:10,386.0,SL,-1.058,387.4,381.8,TSLA,SL75,warmup
2026-05-04,long,09:40,392.95,391.23,,09:50,391.23,SL,-1.159,392.36,387.84,TSLA,SL25,warmup
2026-05-04,long,09:40,392.95,390.1,,10:05,390.1,SL,-1.096,392.36,387.84,TSLA,SL50,warmup
2026-05-04,long,09:40,392.95,388.97,,10:25,388.97,SL,-1.068,392.36,387.84,TSLA,SL75,warmup
2026-05-04,long,10:00,394.0,390.1,401.8,10:05,390.1,SL,-1.07,392.36,387.84,TSLA,Video,warmup
2026-05-04,long,10:00,394.0,387.84,418.64,11:20,387.84,SL,-1.044,392.36,387.84,TSLA,RetestMax,warmup
2026-05-05,long,09:40,401.2,398.78,,09:45,398.78,SL,-1.115,400.4,393.91,TSLA,SL25,warmup
2026-05-05,long,09:40,401.2,397.15,,09:50,397.15,SL,-1.069,400.4,393.91,TSLA,SL50,warmup
2026-05-05,long,09:40,401.2,395.53,,10:15,395.53,SL,-1.049,400.4,393.91,TSLA,SL75,warmup
2026-05-06,long,09:35,388.37,387.01,,15:55,398.52,Tagesschluss,7.419,388.01,384.02,TSLA,SL25,warmup
2026-05-06,long,09:35,388.37,386.02,,15:55,398.52,Tagesschluss,4.277,388.01,384.02,TSLA,SL50,warmup
2026-05-06,long,09:35,388.37,385.02,,15:55,398.52,Tagesschluss,3.004,388.01,384.02,TSLA,SL75,warmup
2026-05-06,long,09:45,390.0,386.02,397.97,12:25,397.97,TP,1.98,388.01,384.02,TSLA,Video,warmup
2026-05-06,long,09:45,390.0,384.02,413.92,15:55,398.52,Tagesschluss,1.412,388.01,384.02,TSLA,RetestMax,warmup
2026-05-06,long,09:45,390.0,384.02,413.92,15:55,398.52,Tagesschluss,1.412,388.01,384.02,TSLA,Retest3K,warmup
2026-05-07,long,09:55,413.49,411.04,,10:05,411.04,SL,-1.118,412.42,406.91,TSLA,SL25,warmup
2026-05-07,long,09:55,413.49,409.67,,10:05,409.67,SL,-1.075,412.42,406.91,TSLA,SL50,warmup
2026-05-07,long,09:55,413.49,408.29,,11:25,408.29,SL,-1.055,412.42,406.91,TSLA,SL75,warmup
2026-05-08,long,09:45,423.73,420.89,,15:55,428.32,Tagesschluss,1.589,422.39,416.39,TSLA,SL25,warmup
2026-05-08,long,09:45,423.73,419.39,,15:55,428.32,Tagesschluss,1.039,422.39,416.39,TSLA,SL50,warmup
2026-05-08,long,09:45,423.73,417.89,,15:55,428.32,Tagesschluss,0.772,422.39,416.39,TSLA,SL75,warmup
2026-05-11,short,09:35,420.11,422.56,,09:45,422.56,SL,-1.121,425.7,421.51,TSLA,SL25,warmup
2026-05-11,short,09:35,420.11,423.61,,11:00,423.61,SL,-1.085,425.7,421.51,TSLA,SL50,warmup
2026-05-11,short,09:35,420.11,424.65,,11:00,424.65,SL,-1.065,425.7,421.51,TSLA,SL75,warmup
2026-05-12,long,09:40,445.45,443.51,,09:45,443.51,SL,-1.161,444.85,439.5,TSLA,SL25,warmup
2026-05-12,long,09:40,445.45,442.18,,09:45,442.18,SL,-1.095,444.85,439.5,TSLA,SL50,warmup
2026-05-12,long,09:40,445.45,440.84,,09:45,440.84,SL,-1.067,444.85,439.5,TSLA,SL75,warmup
2026-05-13,short,09:40,434.72,436.2,,10:05,436.2,SL,-1.206,439.8,435.0,TSLA,SL25,warmup
2026-05-13,short,09:40,434.72,437.4,,10:05,437.4,SL,-1.114,439.8,435.0,TSLA,SL50,warmup
2026-05-13,short,09:40,434.72,438.6,,10:10,438.6,SL,-1.079,439.8,435.0,TSLA,SL75,warmup
2026-05-14,short,09:50,442.82,444.11,,10:00,444.11,SL,-1.241,446.8,443.21,TSLA,SL25,warmup
2026-05-14,short,09:50,442.82,445.0,,10:00,445.0,SL,-1.142,446.8,443.21,TSLA,SL50,warmup
2026-05-14,short,09:50,442.82,445.9,,10:00,445.9,SL,-1.101,446.8,443.21,TSLA,SL75,warmup
2026-05-15,short,09:35,427.33,429.84,,09:55,429.84,SL,-1.12,434.66,428.23,TSLA,SL25,warmup
2026-05-15,short,09:35,427.33,431.45,,15:55,422.13,Tagesschluss,1.243,434.66,428.23,TSLA,SL50,warmup
2026-05-15,short,09:35,427.33,433.05,,15:55,422.13,Tagesschluss,0.894,434.66,428.23,TSLA,SL75,warmup
2026-05-15,short,09:45,426.07,431.45,415.32,15:55,422.13,Tagesschluss,0.717,434.66,428.23,TSLA,Video,warmup
2026-05-15,short,09:45,426.07,434.66,391.71,15:55,422.13,Tagesschluss,0.449,434.66,428.23,TSLA,RetestMax,warmup
2026-05-15,short,09:45,426.07,434.66,391.71,15:55,422.13,Tagesschluss,0.449,434.66,428.23,TSLA,Retest3K,warmup
2026-05-18,short,09:35,415.05,418.26,,10:15,418.26,SL,-1.091,421.13,417.3,TSLA,SL25,warmup
2026-05-18,short,09:35,415.05,419.21,,15:55,410.07,Tagesschluss,1.176,421.13,417.3,TSLA,SL50,warmup
2026-05-18,short,09:35,415.05,420.17,,15:55,410.07,Tagesschluss,0.956,421.13,417.3,TSLA,SL75,warmup
2026-05-19,short,09:40,401.03,402.14,,09:50,402.14,SL,-1.253,404.58,401.33,TSLA,SL25,warmup
2026-05-19,short,09:40,401.03,402.95,,13:05,402.95,SL,-1.146,404.58,401.33,TSLA,SL50,warmup
2026-05-19,short,09:40,401.03,403.77,,13:30,403.77,SL,-1.103,404.58,401.33,TSLA,SL75,warmup
2026-05-20,long,10:50,411.79,410.35,,11:10,410.35,SL,-1.2,411.5,406.88,TSLA,SL25,warmup
2026-05-20,long,10:50,411.79,409.19,,15:55,417.27,Tagesschluss,2.082,411.5,406.88,TSLA,SL50,warmup
2026-05-20,long,10:50,411.79,408.04,,15:55,417.27,Tagesschluss,1.441,411.5,406.88,TSLA,SL75,warmup
2026-05-21,short,09:45,419.61,421.98,,13:15,421.98,SL,-1.124,426.13,420.6,TSLA,SL25,warmup
2026-05-21,short,09:45,419.61,423.36,,13:55,423.36,SL,-1.079,426.13,420.6,TSLA,SL50,warmup
2026-05-21,short,09:45,419.61,424.75,,15:55,417.75,Tagesschluss,0.344,426.13,420.6,TSLA,SL75,warmup
2026-05-22,short,09:40,421.58,423.67,,10:05,423.67,SL,-1.142,427.19,422.5,TSLA,SL25,warmup
2026-05-22,short,09:40,421.58,424.85,,10:15,424.85,SL,-1.091,427.19,422.5,TSLA,SL50,warmup
2026-05-22,short,09:40,421.58,426.02,,10:20,426.02,SL,-1.067,427.19,422.5,TSLA,SL75,warmup
2026-05-26,short,09:35,428.83,430.92,,09:50,430.92,SL,-1.144,433.67,430.0,TSLA,SL25,warmup
2026-05-26,short,09:35,428.83,431.84,,09:50,431.84,SL,-1.1,433.67,430.0,TSLA,SL50,warmup
2026-05-26,short,09:35,428.83,432.75,,10:50,432.75,SL,-1.077,433.67,430.0,TSLA,SL75,warmup
2026-05-27,short,09:40,439.39,441.74,,10:00,441.74,SL,-1.132,444.7,440.75,TSLA,SL25,warmup
2026-05-27,short,09:40,439.39,442.73,,10:40,442.73,SL,-1.093,444.7,440.75,TSLA,SL50,warmup
2026-05-27,short,09:40,439.39,443.71,,10:40,443.71,SL,-1.072,444.7,440.75,TSLA,SL75,warmup
2026-05-27,short,10:20,437.69,442.73,427.62,10:40,442.73,SL,-1.061,444.7,440.75,TSLA,Video,warmup
2026-05-27,short,10:20,437.69,444.7,409.65,10:50,444.7,SL,-1.044,444.7,440.75,TSLA,RetestMax,warmup
2026-05-28,long,10:10,441.54,439.79,,10:20,439.79,SL,-1.176,440.96,436.3,TSLA,SL25,warmup
2026-05-28,long,10:10,441.54,438.63,,15:55,442.1,Tagesschluss,0.162,440.96,436.3,TSLA,SL50,warmup
2026-05-28,long,10:10,441.54,437.46,,15:55,442.1,Tagesschluss,0.116,440.96,436.3,TSLA,SL75,warmup
2026-05-29,short,10:05,434.75,437.68,,12:10,437.68,SL,-1.104,440.68,436.68,TSLA,SL25,warmup
2026-05-29,short,10:05,434.75,438.68,,12:15,438.68,SL,-1.078,440.68,436.68,TSLA,SL50,warmup
2026-05-29,short,10:05,434.75,439.68,,12:20,439.68,SL,-1.062,440.68,436.68,TSLA,SL75,warmup
2026-06-01,short,09:55,422.96,425.03,,15:55,415.71,Tagesschluss,3.47,429.3,423.6,TSLA,SL25,warmup
2026-06-01,short,09:55,422.96,426.45,,15:55,415.71,Tagesschluss,2.053,429.3,423.6,TSLA,SL50,warmup
2026-06-01,short,09:55,422.96,427.87,,15:55,415.71,Tagesschluss,1.458,429.3,423.6,TSLA,SL75,warmup
2026-06-02,long,10:15,420.35,418.03,,15:55,423.74,Tagesschluss,1.422,419.49,413.65,TSLA,SL25,warmup
2026-06-02,long,10:15,420.35,416.57,,15:55,423.74,Tagesschluss,0.873,419.49,413.65,TSLA,SL50,warmup
2026-06-02,long,10:15,420.35,415.11,,15:55,423.74,Tagesschluss,0.63,419.49,413.65,TSLA,SL75,warmup
2026-06-03,long,09:40,422.2,419.56,,13:15,419.56,SL,-1.111,420.75,416.0,TSLA,SL25,warmup
2026-06-03,long,09:40,422.2,418.38,,15:55,423.73,Tagesschluss,0.378,420.75,416.0,TSLA,SL50,warmup
2026-06-03,long,09:40,422.2,417.19,,15:55,423.73,Tagesschluss,0.288,420.75,416.0,TSLA,SL75,warmup
2026-06-04,long,09:35,424.88,422.99,,09:40,422.99,SL,-1.157,424.64,418.04,TSLA,SL25,warmup
2026-06-04,long,09:35,424.88,421.34,,10:00,421.34,SL,-1.083,424.64,418.04,TSLA,SL50,warmup
2026-06-04,long,09:35,424.88,419.69,,10:40,419.69,SL,-1.057,424.64,418.04,TSLA,SL75,warmup
2026-06-05,short,09:35,417.25,420.62,,15:55,390.97,Tagesschluss,7.768,424.68,419.27,TSLA,SL25,warmup
2026-06-05,short,09:35,417.25,421.98,,15:55,390.97,Tagesschluss,5.545,424.68,419.27,TSLA,SL50,warmup
2026-06-05,short,09:35,417.25,423.33,,15:55,390.97,Tagesschluss,4.311,424.68,419.27,TSLA,SL75,warmup
2026-06-08,long,09:50,401.32,398.73,,15:55,409.01,Tagesschluss,2.941,400.07,394.72,TSLA,SL25,warmup
2026-06-08,long,09:50,401.32,397.4,,15:55,409.01,Tagesschluss,1.939,400.07,394.72,TSLA,SL50,warmup
2026-06-08,long,09:50,401.32,396.06,,15:55,409.01,Tagesschluss,1.446,400.07,394.72,TSLA,SL75,warmup
2026-06-08,long,10:00,402.4,397.4,412.41,14:30,412.41,TP,1.984,400.07,394.72,TSLA,Video,warmup
2026-06-08,long,10:00,402.4,394.72,433.12,15:55,409.01,Tagesschluss,0.85,400.07,394.72,TSLA,RetestMax,warmup
2026-06-09,short,10:05,409.77,412.22,,15:55,396.57,Tagesschluss,5.342,416.45,410.81,TSLA,SL25,warmup
2026-06-09,short,10:05,409.77,413.63,,15:55,396.57,Tagesschluss,3.393,416.45,410.81,TSLA,SL50,warmup
2026-06-09,short,10:05,409.77,415.04,,15:55,396.57,Tagesschluss,2.486,416.45,410.81,TSLA,SL75,warmup
2026-06-10,long,09:35,396.1,393.65,,09:40,393.65,SL,-1.112,394.5,391.09,TSLA,SL25,warmup
2026-06-10,long,09:35,396.1,392.8,,09:50,392.8,SL,-1.083,394.5,391.09,TSLA,SL50,warmup
2026-06-10,long,09:35,396.1,391.94,,09:55,391.94,SL,-1.066,394.5,391.09,TSLA,SL75,warmup
2026-06-11,long,10:25,388.67,386.57,,10:30,386.57,SL,-1.129,388.39,381.1,TSLA,SL25,warmup
2026-06-11,long,10:25,388.67,384.75,,10:55,384.75,SL,-1.069,388.39,381.1,TSLA,SL50,warmup
2026-06-11,long,10:25,388.67,382.92,,15:55,399.0,Tagesschluss,1.784,388.39,381.1,TSLA,SL75,warmup
2026-06-12,short,09:40,396.14,398.29,,10:20,398.29,SL,-1.13,403.41,396.58,TSLA,SL25,warmup
2026-06-12,short,09:40,396.14,399.99,,11:25,399.99,SL,-1.073,403.41,396.58,TSLA,SL50,warmup
2026-06-12,short,09:40,396.14,401.7,,13:05,401.7,SL,-1.05,403.41,396.58,TSLA,SL75,warmup
2026-06-15,short,09:35,408.85,411.35,,09:40,411.35,SL,-1.115,416.0,409.8,TSLA,SL25,warmup
2026-06-15,short,09:35,408.85,412.9,,09:45,412.9,SL,-1.071,416.0,409.8,TSLA,SL50,warmup
2026-06-15,short,09:35,408.85,414.45,,15:55,411.22,Tagesschluss,-0.438,416.0,409.8,TSLA,SL75,warmup
2026-06-16,long,09:40,408.36,403.47,,10:20,403.47,SL,-1.058,404.44,400.54,TSLA,SL25,warmup
2026-06-16,long,09:40,408.36,402.49,,10:25,402.49,SL,-1.048,404.44,400.54,TSLA,SL50,warmup
2026-06-16,long,09:40,408.36,401.52,,10:30,401.52,SL,-1.041,404.44,400.54,TSLA,SL75,warmup
2026-06-17,short,09:55,398.55,400.45,,10:10,400.45,SL,-1.147,403.54,399.42,TSLA,SL25,warmup
2026-06-17,short,09:55,398.55,401.48,,10:15,401.48,SL,-1.096,403.54,399.42,TSLA,SL50,warmup
2026-06-17,short,09:55,398.55,402.51,,10:25,402.51,SL,-1.071,403.54,399.42,TSLA,SL75,warmup
2026-06-18,short,09:35,390.61,393.28,,12:20,393.28,SL,-1.103,399.0,391.38,TSLA,SL25,warmup
2026-06-18,short,09:35,390.61,395.19,,13:05,395.19,SL,-1.06,399.0,391.38,TSLA,SL50,warmup
2026-06-18,short,09:35,390.61,397.09,,13:35,397.09,SL,-1.043,399.0,391.38,TSLA,SL75,warmup
2026-06-18,short,09:45,388.14,395.19,374.03,13:05,395.19,SL,-1.039,399.0,391.38,TSLA,Video,warmup
2026-06-18,short,09:45,388.14,399.0,344.68,15:45,399.0,SL,-1.026,399.0,391.38,TSLA,RetestMax,warmup
2026-06-18,short,09:45,388.14,399.0,344.68,15:45,399.0,SL,-1.026,399.0,391.38,TSLA,Retest3K,warmup
2026-06-22,long,09:35,401.68,398.24,,15:55,405.04,Tagesschluss,0.954,399.5,394.47,TSLA,SL25,warmup
2026-06-22,long,09:35,401.68,396.99,,15:55,405.04,Tagesschluss,0.698,399.5,394.47,TSLA,SL50,warmup
2026-06-22,long,09:35,401.68,395.73,,15:55,405.04,Tagesschluss,0.551,399.5,394.47,TSLA,SL75,warmup
2026-06-22,long,09:45,403.15,396.99,415.48,15:55,405.04,Tagesschluss,0.293,399.5,394.47,TSLA,Video,warmup
2026-06-22,long,09:45,403.15,394.47,437.87,15:55,405.04,Tagesschluss,0.208,399.5,394.47,TSLA,RetestMax,warmup
2026-06-22,long,09:45,403.15,394.47,437.87,15:55,405.04,Tagesschluss,0.208,399.5,394.47,TSLA,Retest3K,warmup
2026-06-23,short,09:40,388.04,389.58,,09:45,389.58,SL,-1.176,392.59,388.58,TSLA,SL25,warmup
2026-06-23,short,09:40,388.04,390.58,,15:55,381.57,Tagesschluss,2.506,392.59,388.58,TSLA,SL50,warmup
2026-06-23,short,09:40,388.04,391.59,,15:55,381.57,Tagesschluss,1.798,392.59,388.58,TSLA,SL75,warmup
2026-06-24,long,09:35,384.09,382.1,,09:45,382.1,SL,-1.135,383.27,378.6,TSLA,SL25,warmup
2026-06-24,long,09:35,384.09,380.93,,09:45,380.93,SL,-1.085,383.27,378.6,TSLA,SL50,warmup
2026-06-24,long,09:35,384.09,379.77,,10:00,379.77,SL,-1.062,383.27,378.6,TSLA,SL75,warmup
2026-06-25,short,09:50,372.16,374.18,,10:00,374.18,SL,-1.13,379.12,372.53,TSLA,SL25,warmup
2026-06-25,short,09:50,372.16,375.82,,10:00,375.82,SL,-1.072,379.12,372.53,TSLA,SL50,warmup
2026-06-25,short,09:50,372.16,377.47,,10:10,377.47,SL,-1.05,379.12,372.53,TSLA,SL75,warmup
2026-06-26,long,09:40,373.31,370.95,,15:55,379.19,Tagesschluss,2.457,371.73,368.6,TSLA,SL25,warmup
2026-06-26,long,09:40,373.31,370.17,,15:55,379.19,Tagesschluss,1.846,371.73,368.6,TSLA,SL50,warmup
2026-06-26,long,09:40,373.31,369.38,,15:55,379.19,Tagesschluss,1.478,371.73,368.6,TSLA,SL75,warmup
2026-06-26,long,09:50,373.34,370.17,379.69,11:05,379.69,TP,1.976,371.73,368.6,TSLA,Video,warmup
2026-06-26,long,09:50,373.34,368.6,392.3,15:55,379.19,Tagesschluss,1.218,371.73,368.6,TSLA,RetestMax,warmup
2026-06-29,long,09:35,387.68,384.67,,15:55,411.79,Tagesschluss,7.97,386.45,379.3,TSLA,SL25,warmup
2026-06-29,long,09:35,387.68,382.88,,15:55,411.79,Tagesschluss,5.003,386.45,379.3,TSLA,SL50,warmup
2026-06-29,long,09:35,387.68,381.09,,15:55,411.79,Tagesschluss,3.646,386.45,379.3,TSLA,SL75,warmup
2026-06-29,long,09:45,391.99,382.88,410.22,13:35,410.22,TP,1.991,386.45,379.3,TSLA,Video,warmup
2026-06-29,long,09:45,391.99,379.3,442.75,15:55,411.79,Tagesschluss,1.554,386.45,379.3,TSLA,RetestMax,warmup
2026-06-29,long,09:45,391.99,379.3,442.75,15:55,411.79,Tagesschluss,1.554,386.45,379.3,TSLA,Retest3K,warmup
2026-06-30,long,09:35,411.43,409.47,,09:40,409.47,SL,-1.147,410.63,406.0,TSLA,SL25,warmup
2026-06-30,long,09:35,411.43,408.31,,15:55,420.32,Tagesschluss,2.829,410.63,406.0,TSLA,SL50,warmup
2026-06-30,long,09:35,411.43,407.16,,15:55,420.32,Tagesschluss,2.063,410.63,406.0,TSLA,SL75,warmup
2026-07-01,long,10:05,426.68,423.76,,14:40,423.76,SL,-1.102,425.23,419.33,TSLA,SL25,warmup
2026-07-01,long,10:05,426.68,422.28,,15:55,425.37,Tagesschluss,-0.317,425.23,419.33,TSLA,SL50,warmup
2026-07-01,long,10:05,426.68,420.81,,15:55,425.37,Tagesschluss,-0.237,425.23,419.33,TSLA,SL75,warmup
2026-07-01,long,10:35,427.42,422.28,437.68,15:55,425.37,Tagesschluss,-0.415,425.23,419.33,TSLA,Video,warmup
2026-07-01,long,10:35,427.42,419.33,459.75,15:55,425.37,Tagesschluss,-0.263,425.23,419.33,TSLA,RetestMax,warmup
2026-07-02,short,09:35,418.75,426.89,,15:55,392.82,Tagesschluss,3.176,432.35,425.07,TSLA,SL25,warmup
2026-07-02,short,09:35,418.75,428.71,,15:55,392.82,Tagesschluss,2.595,432.35,425.07,TSLA,SL50,warmup
2026-07-02,short,09:35,418.75,430.53,,15:55,392.82,Tagesschluss,2.194,432.35,425.07,TSLA,SL75,warmup
2026-04-09,long,09:45,480.7,479.41,,15:55,485.18,Tagesschluss,3.385,480.11,477.29,BRK-B,SL25,warmup
2026-04-09,long,09:45,480.7,478.7,,15:55,485.18,Tagesschluss,2.192,480.11,477.29,BRK-B,SL50,warmup
2026-04-09,long,09:45,480.7,478.0,,15:55,485.18,Tagesschluss,1.621,480.11,477.29,BRK-B,SL75,warmup
2026-04-10,long,10:05,484.62,483.89,,10:15,483.89,SL,-1.467,484.5,482.08,BRK-B,SL25,warmup
2026-04-10,long,10:05,484.62,483.29,,10:25,483.29,SL,-1.254,484.5,482.08,BRK-B,SL50,warmup
2026-04-10,long,10:05,484.62,482.68,,10:30,482.68,SL,-1.175,484.5,482.08,BRK-B,SL75,warmup
2026-04-13,long,10:20,480.04,479.21,,11:20,479.21,SL,-1.405,479.7,477.75,BRK-B,SL25,warmup
2026-04-13,long,10:20,480.04,478.73,,11:30,478.73,SL,-1.255,479.7,477.75,BRK-B,SL50,warmup
2026-04-13,long,10:20,480.04,478.24,,15:55,480.2,Tagesschluss,0.035,479.7,477.75,BRK-B,SL75,warmup
2026-04-13,long,10:30,480.26,478.73,483.33,11:30,478.73,SL,-1.218,479.7,477.75,BRK-B,Video,warmup
2026-04-13,long,10:30,480.26,477.75,490.3,15:55,480.2,Tagesschluss,-0.062,479.7,477.75,BRK-B,RetestMax,warmup
2026-04-14,short,09:45,477.33,478.22,,09:55,478.22,SL,-1.378,480.33,477.51,BRK-B,SL25,warmup
2026-04-14,short,09:45,477.33,478.92,,09:55,478.92,SL,-1.211,480.33,477.51,BRK-B,SL50,warmup
2026-04-14,short,09:45,477.33,479.62,,10:00,479.62,SL,-1.146,480.33,477.51,BRK-B,SL75,warmup
2026-04-15,short,09:45,475.33,476.88,,13:00,476.88,SL,-1.215,478.77,476.25,BRK-B,SL25,warmup
2026-04-15,short,09:45,475.33,477.51,,13:45,477.51,SL,-1.153,478.77,476.25,BRK-B,SL50,warmup
2026-04-15,short,09:45,475.33,478.14,,15:55,474.08,Tagesschluss,0.411,478.77,476.25,BRK-B,SL75,warmup
2026-04-16,long,09:50,476.03,475.0,,10:00,475.0,SL,-1.322,475.35,473.94,BRK-B,SL25,warmup
2026-04-16,long,09:50,476.03,474.65,,10:05,474.65,SL,-1.24,475.35,473.94,BRK-B,SL50,warmup
2026-04-16,long,09:50,476.03,474.29,,10:05,474.29,SL,-1.191,475.35,473.94,BRK-B,SL75,warmup
2026-04-17,long,10:00,477.98,477.24,,10:10,477.24,SL,-1.452,477.94,475.12,BRK-B,SL25,warmup
2026-04-17,long,10:00,477.98,476.53,,14:00,476.53,SL,-1.231,477.94,475.12,BRK-B,SL50,warmup
2026-04-17,long,10:00,477.98,475.82,,15:25,475.82,SL,-1.155,477.94,475.12,BRK-B,SL75,warmup
2026-04-20,long,09:35,475.73,474.89,,09:40,474.89,SL,-1.397,475.2,473.95,BRK-B,SL25,warmup
2026-04-20,long,09:35,475.73,474.58,,09:50,474.58,SL,-1.289,475.2,473.95,BRK-B,SL50,warmup
2026-04-20,long,09:35,475.73,474.26,,09:55,474.26,SL,-1.227,475.2,473.95,BRK-B,SL75,warmup
2026-04-21,short,10:35,471.9,472.62,,15:55,468.47,Tagesschluss,4.617,474.19,472.1,BRK-B,SL25,warmup
2026-04-21,short,10:35,471.9,473.15,,15:55,468.47,Tagesschluss,2.679,474.19,472.1,BRK-B,SL50,warmup
2026-04-21,short,10:35,471.9,473.67,,15:55,468.47,Tagesschluss,1.887,474.19,472.1,BRK-B,SL75,warmup
2026-04-21,short,11:00,471.77,473.15,469.01,14:00,469.01,TP,1.932,474.19,472.1,BRK-B,Video,warmup
2026-04-21,short,11:00,471.77,474.19,462.07,15:55,468.47,Tagesschluss,1.32,474.19,472.1,BRK-B,RetestMax,warmup
2026-04-22,long,09:55,470.57,469.97,,10:05,469.97,SL,-1.553,470.44,468.56,BRK-B,SL25,warmup
2026-04-22,long,09:55,470.57,469.5,,10:30,469.5,SL,-1.309,470.44,468.56,BRK-B,SL50,warmup
2026-04-22,long,09:55,470.57,469.03,,10:35,469.03,SL,-1.214,470.44,468.56,BRK-B,SL75,warmup
2026-04-23,long,09:50,470.7,469.66,,10:45,469.66,SL,-1.316,470.64,466.72,BRK-B,SL25,warmup
2026-04-23,long,09:50,470.7,468.68,,11:10,468.68,SL,-1.163,470.64,466.72,BRK-B,SL50,warmup
2026-04-23,long,09:50,470.7,467.7,,15:55,470.77,Tagesschluss,-0.008,470.64,466.72,BRK-B,SL75,warmup
2026-04-23,long,10:00,471.49,468.68,477.11,11:10,468.68,SL,-1.117,470.64,466.72,BRK-B,Video,warmup
2026-04-23,long,10:00,471.49,466.72,490.57,15:55,470.77,Tagesschluss,-0.171,470.64,466.72,BRK-B,RetestMax,warmup
2026-04-24,long,10:20,469.84,468.82,,11:05,468.82,SL,-1.321,469.52,466.71,BRK-B,SL25,warmup
2026-04-24,long,10:20,469.84,468.11,,12:35,468.11,SL,-1.19,469.52,466.71,BRK-B,SL50,warmup
2026-04-24,long,10:20,469.84,467.41,,15:55,469.31,Tagesschluss,-0.257,469.52,466.71,BRK-B,SL75,warmup
2026-04-24,long,10:30,469.93,468.11,473.56,12:35,468.11,SL,-1.181,469.52,466.71,BRK-B,Video,warmup
2026-04-24,long,10:30,469.93,466.71,482.81,15:55,469.31,Tagesschluss,-0.222,469.52,466.71,BRK-B,RetestMax,warmup
2026-04-27,long,09:35,471.9,470.81,,15:55,472.94,Tagesschluss,0.869,471.3,469.35,BRK-B,SL25,warmup
2026-04-27,long,09:35,471.9,470.32,,15:55,472.94,Tagesschluss,0.6,471.3,469.35,BRK-B,SL50,warmup
2026-04-27,long,09:35,471.9,469.84,,15:55,472.94,Tagesschluss,0.458,471.3,469.35,BRK-B,SL75,warmup
2026-04-28,short,09:40,476.35,477.01,,09:45,477.01,SL,-1.508,478.5,476.51,BRK-B,SL25,warmup
2026-04-28,short,09:40,476.35,477.51,,09:50,477.51,SL,-1.289,478.5,476.51,BRK-B,SL50,warmup
2026-04-28,short,09:40,476.35,478.0,,10:35,478.0,SL,-1.202,478.5,476.51,BRK-B,SL75,warmup
2026-04-29,short,09:45,476.35,476.7,,09:50,476.7,SL,-1.95,477.5,476.43,BRK-B,SL25,warmup
2026-04-29,short,09:45,476.35,476.97,,10:00,476.97,SL,-1.541,477.5,476.43,BRK-B,SL50,warmup
2026-04-29,short,09:45,476.35,477.23,,10:00,477.23,SL,-1.378,477.5,476.43,BRK-B,SL75,warmup
2026-04-30,long,09:40,473.92,473.16,,15:55,473.96,Tagesschluss,-0.066,473.91,470.89,BRK-B,SL25,warmup
2026-04-30,long,09:40,473.92,472.4,,15:55,473.96,Tagesschluss,-0.033,473.91,470.89,BRK-B,SL50,warmup
2026-04-30,long,09:40,473.92,471.65,,15:55,473.96,Tagesschluss,-0.022,473.91,470.89,BRK-B,SL75,warmup
2026-04-30,long,09:50,474.75,472.4,479.45,15:55,473.96,Tagesschluss,-0.377,473.91,470.89,BRK-B,Video,warmup
2026-04-30,long,09:50,474.75,470.89,490.19,15:55,473.96,Tagesschluss,-0.229,473.91,470.89,BRK-B,RetestMax,warmup
2026-05-01,long,09:50,475.86,475.33,,12:25,475.33,SL,-1.634,475.69,474.25,BRK-B,SL25,warmup
2026-05-01,long,09:50,475.86,474.97,,12:30,474.97,SL,-1.376,475.69,474.25,BRK-B,SL50,warmup
2026-05-01,long,09:50,475.86,474.61,,12:35,474.61,SL,-1.267,475.69,474.25,BRK-B,SL75,warmup
2026-05-01,long,10:00,477.1,474.97,481.36,12:30,474.97,SL,-1.156,475.69,474.25,BRK-B,Video,warmup
2026-05-01,long,10:00,477.1,474.25,488.5,12:40,474.25,SL,-1.117,475.69,474.25,BRK-B,RetestMax,warmup
2026-05-04,long,09:55,474.63,472.54,,12:50,472.54,SL,-1.159,473.03,471.08,BRK-B,SL25,warmup
2026-05-04,long,09:55,474.63,472.05,,12:55,472.05,SL,-1.128,473.03,471.08,BRK-B,SL50,warmup
2026-05-04,long,09:55,474.63,471.57,,12:55,471.57,SL,-1.108,473.03,471.08,BRK-B,SL75,warmup
2026-05-05,short,09:40,466.89,467.82,,09:50,467.82,SL,-1.353,468.59,467.56,BRK-B,SL25,warmup
2026-05-05,short,09:40,466.89,468.07,,09:50,468.07,SL,-1.276,468.59,467.56,BRK-B,SL50,warmup
2026-05-05,short,09:40,466.89,468.33,,09:55,468.33,SL,-1.227,468.59,467.56,BRK-B,SL75,warmup
2026-05-06,long,09:35,469.3,466.29,,15:55,469.89,Tagesschluss,0.165,466.5,465.64,BRK-B,SL25,warmup
2026-05-06,long,09:35,469.3,466.07,,15:55,469.89,Tagesschluss,0.154,466.5,465.64,BRK-B,SL50,warmup
2026-05-06,long,09:35,469.3,465.86,,15:55,469.89,Tagesschluss,0.144,466.5,465.64,BRK-B,SL75,warmup
2026-05-07,long,09:40,473.87,471.58,,10:25,471.58,SL,-1.144,472.45,468.97,BRK-B,SL25,warmup
2026-05-07,long,09:40,473.87,470.71,,15:55,475.1,Tagesschluss,0.359,472.45,468.97,BRK-B,SL50,warmup
2026-05-07,long,09:40,473.87,469.84,,15:55,475.1,Tagesschluss,0.282,472.45,468.97,BRK-B,SL75,warmup
2026-05-08,long,10:20,477.29,476.45,,11:05,476.45,SL,-1.402,476.99,474.85,BRK-B,SL25,warmup
2026-05-08,long,10:20,477.29,475.92,,15:50,475.92,SL,-1.244,476.99,474.85,BRK-B,SL50,warmup
2026-05-08,long,10:20,477.29,475.39,,15:55,475.39,SL,-1.175,476.99,474.85,BRK-B,SL75,warmup
2026-05-11,long,09:50,479.11,477.84,,12:00,477.84,SL,-1.264,478.49,475.9,BRK-B,SL25,warmup
2026-05-11,long,09:50,479.11,477.19,,12:05,477.19,SL,-1.175,478.49,475.9,BRK-B,SL50,warmup
2026-05-11,long,09:50,479.11,476.55,,15:55,479.59,Tagesschluss,0.15,478.49,475.9,BRK-B,SL75,warmup
2026-05-11,long,10:00,480.17,477.19,486.12,12:05,477.19,SL,-1.112,478.49,475.9,BRK-B,Video,warmup
2026-05-11,long,10:00,480.17,475.9,497.25,15:55,479.59,Tagesschluss,-0.158,478.49,475.9,BRK-B,RetestMax,warmup
2026-05-12,short,09:35,480.16,481.19,,09:55,481.19,SL,-1.325,482.83,480.65,BRK-B,SL25,warmup
2026-05-12,short,09:35,480.16,481.74,,09:55,481.74,SL,-1.213,482.83,480.65,BRK-B,SL50,warmup
2026-05-12,short,09:35,480.16,482.28,,10:25,482.28,SL,-1.159,482.83,480.65,BRK-B,SL75,warmup
2026-05-12,short,09:45,479.04,481.74,473.64,09:55,481.74,SL,-1.125,482.83,480.65,BRK-B,Video,warmup
2026-05-12,short,09:45,479.04,482.83,463.88,10:30,482.83,SL,-1.089,482.83,480.65,BRK-B,RetestMax,warmup
2026-05-12,short,09:45,479.04,482.83,463.88,10:30,482.83,SL,-1.089,482.83,480.65,BRK-B,Retest3K,warmup
2026-05-13,long,09:35,484.53,482.25,,11:15,482.25,SL,-1.148,482.73,480.81,BRK-B,SL25,warmup
2026-05-13,long,09:35,484.53,481.77,,11:20,481.77,SL,-1.122,482.73,480.81,BRK-B,SL50,warmup
2026-05-13,long,09:35,484.53,481.29,,15:55,485.38,Tagesschluss,0.232,482.73,480.81,BRK-B,SL75,warmup
2026-05-14,short,09:40,484.04,485.61,,15:55,484.27,Tagesschluss,-0.208,487.1,485.11,BRK-B,SL25,warmup
2026-05-14,short,09:40,484.04,486.1,,15:55,484.27,Tagesschluss,-0.158,487.1,485.11,BRK-B,SL50,warmup
2026-05-14,short,09:40,484.04,486.6,,15:55,484.27,Tagesschluss,-0.127,487.1,485.11,BRK-B,SL75,warmup
2026-05-15,long,09:55,487.36,486.33,,10:05,486.33,SL,-1.33,487.07,484.1,BRK-B,SL25,warmup
2026-05-15,long,09:55,487.36,485.59,,10:50,485.59,SL,-1.192,487.07,484.1,BRK-B,SL50,warmup
2026-05-15,long,09:55,487.36,484.84,,10:55,484.84,SL,-1.135,487.07,484.1,BRK-B,SL75,warmup
2026-05-18,long,09:40,482.91,482.24,,10:05,482.24,SL,-1.505,482.65,481.01,BRK-B,SL25,warmup
2026-05-18,long,09:40,482.91,481.83,,10:05,481.83,SL,-1.313,482.65,481.01,BRK-B,SL50,warmup
2026-05-18,long,09:40,482.91,481.42,,10:15,481.42,SL,-1.226,482.65,481.01,BRK-B,SL75,warmup
2026-05-18,long,09:50,483.8,481.83,487.74,10:05,481.83,SL,-1.171,482.65,481.01,BRK-B,Video,warmup
2026-05-18,long,09:50,483.8,481.01,494.96,10:15,481.01,SL,-1.121,482.65,481.01,BRK-B,RetestMax,warmup
2026-05-19,long,11:05,487.98,487.05,,11:10,487.05,SL,-1.366,487.75,484.96,BRK-B,SL25,warmup
2026-05-19,long,11:05,487.98,486.35,,11:15,486.35,SL,-1.209,487.75,484.96,BRK-B,SL50,warmup
2026-05-19,long,11:05,487.98,485.66,,12:30,485.66,SL,-1.146,487.75,484.96,BRK-B,SL75,warmup
2026-05-20,short,10:05,478.91,480.18,,11:00,480.18,SL,-1.264,482.59,479.38,BRK-B,SL25,warmup
2026-05-20,short,10:05,478.91,480.99,,15:20,480.99,SL,-1.162,482.59,479.38,BRK-B,SL50,warmup
2026-05-20,short,10:05,478.91,481.79,,15:55,480.88,Tagesschluss,-0.718,482.59,479.38,BRK-B,SL75,warmup
2026-05-20,short,10:30,478.19,480.99,472.6,15:20,480.99,SL,-1.12,482.59,479.38,BRK-B,Video,warmup
2026-05-20,short,10:30,478.19,482.59,460.59,15:55,480.88,Tagesschluss,-0.633,482.59,479.38,BRK-B,RetestMax,warmup
2026-05-21,short,09:40,475.71,477.17,,09:45,477.17,SL,-1.229,480.0,476.22,BRK-B,SL25,warmup
2026-05-21,short,09:40,475.71,478.11,,10:00,478.11,SL,-1.139,480.0,476.22,BRK-B,SL50,warmup
2026-05-21,short,09:40,475.71,479.06,,10:15,479.06,SL,-1.1,480.0,476.22,BRK-B,SL75,warmup
2026-05-22,long,09:50,483.03,481.99,,15:55,486.3,Tagesschluss,3.044,482.82,479.49,BRK-B,SL25,warmup
2026-05-22,long,09:50,483.03,481.15,,15:55,486.3,Tagesschluss,1.692,482.82,479.49,BRK-B,SL50,warmup
2026-05-22,long,09:50,483.03,480.32,,15:55,486.3,Tagesschluss,1.172,482.82,479.49,BRK-B,SL75,warmup
2026-05-22,long,10:00,483.38,481.15,487.84,15:55,486.3,Tagesschluss,1.266,482.82,479.49,BRK-B,Video,warmup
2026-05-22,long,10:00,483.38,479.49,498.96,15:55,486.3,Tagesschluss,0.724,482.82,479.49,BRK-B,RetestMax,warmup
2026-05-26,long,09:35,487.56,485.68,,09:50,485.68,SL,-1.181,486.13,484.33,BRK-B,SL25,warmup
2026-05-26,long,09:35,487.56,485.23,,09:50,485.23,SL,-1.146,486.13,484.33,BRK-B,SL50,warmup
2026-05-26,long,09:35,487.56,484.78,,09:55,484.78,SL,-1.122,486.13,484.33,BRK-B,SL75,warmup
2026-05-27,long,09:40,484.64,482.93,,10:50,482.93,SL,-1.198,483.27,481.92,BRK-B,SL25,warmup
2026-05-27,long,09:40,484.64,482.6,,10:50,482.6,SL,-1.165,483.27,481.92,BRK-B,SL50,warmup
2026-05-27,long,09:40,484.64,482.26,,10:50,482.26,SL,-1.142,483.27,481.92,BRK-B,SL75,warmup
2026-05-28,long,09:40,480.71,479.06,,11:20,479.06,SL,-1.204,479.5,477.75,BRK-B,SL25,warmup
2026-05-28,long,09:40,480.71,478.62,,11:35,478.62,SL,-1.161,479.5,477.75,BRK-B,SL50,warmup
2026-05-28,long,09:40,480.71,478.19,,13:35,478.19,SL,-1.133,479.5,477.75,BRK-B,SL75,warmup
2026-05-28,long,10:10,480.26,478.62,483.53,11:35,478.62,SL,-1.205,479.5,477.75,BRK-B,Video,warmup
2026-05-28,long,10:10,480.26,477.75,490.3,13:40,477.75,SL,-1.133,479.5,477.75,BRK-B,RetestMax,warmup
2026-05-29,short,09:35,475.07,476.03,,15:30,476.03,SL,-1.345,477.29,475.61,BRK-B,SL25,warmup
2026-05-29,short,09:35,475.07,476.45,,15:55,474.46,Tagesschluss,0.368,477.29,475.61,BRK-B,SL50,warmup
2026-05-29,short,09:35,475.07,476.87,,15:55,474.46,Tagesschluss,0.283,477.29,475.61,BRK-B,SL75,warmup
2026-05-29,short,10:50,474.44,476.45,470.42,15:55,474.46,Tagesschluss,-0.057,477.29,475.61,BRK-B,Video,warmup
2026-05-29,short,10:50,474.44,477.29,463.04,15:55,474.46,Tagesschluss,-0.04,477.29,475.61,BRK-B,RetestMax,warmup
2026-06-01,short,09:35,471.71,472.3,,09:45,472.3,SL,-1.563,473.39,471.94,BRK-B,SL25,warmup
2026-06-01,short,09:35,471.71,472.67,,09:55,472.67,SL,-1.348,473.39,471.94,BRK-B,SL50,warmup
2026-06-01,short,09:35,471.71,473.03,,15:55,470.31,Tagesschluss,0.999,473.39,471.94,BRK-B,SL75,warmup
2026-06-02,long,09:35,472.86,471.32,,09:45,471.32,SL,-1.214,471.8,469.87,BRK-B,SL25,warmup
2026-06-02,long,09:35,472.86,470.83,,09:50,470.83,SL,-1.163,471.8,469.87,BRK-B,SL50,warmup
2026-06-02,long,09:35,472.86,470.35,,09:50,470.35,SL,-1.131,471.8,469.87,BRK-B,SL75,warmup
2026-06-03,long,09:35,471.63,471.23,,09:40,471.23,SL,-1.82,471.5,470.41,BRK-B,SL25,warmup
2026-06-03,long,09:35,471.63,470.96,,15:55,475.65,Tagesschluss,5.815,471.5,470.41,BRK-B,SL50,warmup
2026-06-03,long,09:35,471.63,470.68,,15:55,475.65,Tagesschluss,4.143,471.5,470.41,BRK-B,SL75,warmup
2026-06-03,long,09:45,472.34,470.96,475.11,09:55,475.11,TP,1.932,471.5,470.41,BRK-B,Video,warmup
2026-06-03,long,09:45,472.34,470.41,480.06,13:10,480.06,TP,3.951,471.5,470.41,BRK-B,RetestMax,warmup
2026-06-03,long,09:45,472.34,470.41,480.06,13:10,480.06,TP,3.951,471.5,470.41,BRK-B,Retest3K,warmup
2026-06-04,short,09:35,478.17,481.09,,15:55,478.68,Tagesschluss,-0.208,482.94,480.47,BRK-B,SL25,warmup
2026-06-04,short,09:35,478.17,481.71,,15:55,478.68,Tagesschluss,-0.171,482.94,480.47,BRK-B,SL50,warmup
2026-06-04,short,09:35,478.17,482.32,,15:55,478.68,Tagesschluss,-0.146,482.94,480.47,BRK-B,SL75,warmup
2026-06-04,short,10:10,479.2,481.71,474.19,15:55,478.68,Tagesschluss,0.169,482.94,480.47,BRK-B,Video,warmup
2026-06-04,short,10:10,479.2,482.94,464.24,15:55,478.68,Tagesschluss,0.113,482.94,480.47,BRK-B,RetestMax,warmup
2026-06-05,long,09:35,484.07,482.49,,15:55,488.11,Tagesschluss,2.488,483.53,479.35,BRK-B,SL25,warmup
2026-06-05,long,09:35,484.07,481.44,,15:55,488.11,Tagesschluss,1.499,483.53,479.35,BRK-B,SL50,warmup
2026-06-05,long,09:35,484.07,480.4,,15:55,488.11,Tagesschluss,1.073,483.53,479.35,BRK-B,SL75,warmup
2026-06-08,long,09:45,488.6,487.09,,11:35,487.09,SL,-1.226,487.81,484.92,BRK-B,SL25,warmup
2026-06-08,long,09:45,488.6,486.36,,15:25,486.36,SL,-1.153,487.81,484.92,BRK-B,SL50,warmup
2026-06-08,long,09:45,488.6,485.64,,15:55,486.84,Tagesschluss,-0.627,487.81,484.92,BRK-B,SL75,warmup
2026-06-08,long,09:55,489.54,486.36,495.88,15:25,486.36,SL,-1.107,487.81,484.92,BRK-B,Video,warmup
2026-06-08,long,09:55,489.54,484.92,508.0,15:55,486.84,Tagesschluss,-0.605,487.81,484.92,BRK-B,RetestMax,warmup
2026-06-09,long,10:05,488.75,487.97,,10:50,487.97,SL,-1.44,488.6,486.1,BRK-B,SL25,warmup
2026-06-09,long,10:05,488.75,487.35,,13:05,487.35,SL,-1.243,488.6,486.1,BRK-B,SL50,warmup
2026-06-09,long,10:05,488.75,486.72,,13:10,486.72,SL,-1.168,488.6,486.1,BRK-B,SL75,warmup
2026-06-09,long,10:15,489.5,487.35,493.8,13:05,487.35,SL,-1.159,488.6,486.1,BRK-B,Video,warmup
2026-06-09,long,10:15,489.5,486.1,503.12,13:15,486.1,SL,-1.1,488.6,486.1,BRK-B,RetestMax,warmup
2026-06-10,short,09:45,483.5,485.58,,09:50,485.58,SL,-1.164,488.5,484.6,BRK-B,SL25,warmup
2026-06-10,short,09:45,483.5,486.55,,10:00,486.55,SL,-1.112,488.5,484.6,BRK-B,SL50,warmup
2026-06-10,short,09:45,483.5,487.53,,10:15,487.53,SL,-1.085,488.5,484.6,BRK-B,SL75,warmup
2026-06-11,short,09:40,482.29,483.27,,10:40,483.27,SL,-1.343,484.61,482.83,BRK-B,SL25,warmup
2026-06-11,short,09:40,482.29,483.72,,10:45,483.72,SL,-1.237,484.61,482.83,BRK-B,SL50,warmup
2026-06-11,short,09:40,482.29,484.16,,13:40,484.16,SL,-1.181,484.61,482.83,BRK-B,SL75,warmup
2026-06-11,short,10:20,481.73,483.72,477.75,10:45,483.72,SL,-1.17,484.61,482.83,BRK-B,Video,warmup
2026-06-11,short,10:20,481.73,484.61,470.21,13:40,484.61,SL,-1.118,484.61,482.83,BRK-B,RetestMax,warmup
2026-06-12,long,09:35,488.98,488.24,,09:40,488.24,SL,-1.465,488.93,486.19,BRK-B,SL25,warmup
2026-06-12,long,09:35,488.98,487.56,,09:45,487.56,SL,-1.24,488.93,486.19,BRK-B,SL50,warmup
2026-06-12,long,09:35,488.98,486.88,,09:50,486.88,SL,-1.162,488.93,486.19,BRK-B,SL75,warmup
2026-06-15,long,09:45,490.36,489.07,,15:55,495.54,Tagesschluss,3.954,489.58,487.56,BRK-B,SL25,warmup
2026-06-15,long,09:45,490.36,488.57,,15:55,495.54,Tagesschluss,2.839,489.58,487.56,BRK-B,SL50,warmup
2026-06-15,long,09:45,490.36,488.06,,15:55,495.54,Tagesschluss,2.214,489.58,487.56,BRK-B,SL75,warmup
2026-06-16,short,09:35,496.42,497.59,,11:20,497.59,SL,-1.298,499.79,496.86,BRK-B,SL25,warmup
2026-06-16,short,09:35,496.42,498.32,,11:35,498.32,SL,-1.183,499.79,496.86,BRK-B,SL50,warmup
2026-06-16,short,09:35,496.42,499.06,,11:50,499.06,SL,-1.133,499.79,496.86,BRK-B,SL75,warmup
2026-06-16,short,10:40,495.79,498.32,490.72,11:35,498.32,SL,-1.138,499.79,496.86,BRK-B,Video,warmup
2026-06-16,short,10:40,495.79,499.79,479.79,15:55,495.08,Tagesschluss,0.153,499.79,496.86,BRK-B,RetestMax,warmup
2026-06-17,short,09:40,491.0,492.54,,09:50,492.54,SL,-1.223,494.77,491.8,BRK-B,SL25,warmup
2026-06-17,short,09:40,491.0,493.28,,15:55,491.25,Tagesschluss,-0.152,494.77,491.8,BRK-B,SL50,warmup
2026-06-17,short,09:40,491.0,494.03,,15:55,491.25,Tagesschluss,-0.115,494.77,491.8,BRK-B,SL75,warmup
2026-06-18,short,09:35,491.08,492.15,,09:40,492.15,SL,-1.322,493.42,491.72,BRK-B,SL25,warmup
2026-06-18,short,09:35,491.08,492.57,,09:40,492.57,SL,-1.231,493.42,491.72,BRK-B,SL50,warmup
2026-06-18,short,09:35,491.08,493.0,,09:40,493.0,SL,-1.18,493.42,491.72,BRK-B,SL75,warmup
2026-06-22,long,09:35,490.6,489.95,,09:40,489.95,SL,-1.527,490.37,488.68,BRK-B,SL25,warmup
2026-06-22,long,09:35,490.6,489.53,,10:00,489.53,SL,-1.32,490.37,488.68,BRK-B,SL50,warmup
2026-06-22,long,09:35,490.6,489.11,,11:20,489.11,SL,-1.229,490.37,488.68,BRK-B,SL75,warmup
2026-06-22,long,09:45,491.13,489.53,494.33,10:00,489.53,SL,-1.214,490.37,488.68,BRK-B,Video,warmup
2026-06-22,long,09:45,491.13,488.68,500.91,11:25,488.68,SL,-1.14,490.37,488.68,BRK-B,RetestMax,warmup
2026-06-22,long,09:45,491.13,488.68,500.91,11:25,488.68,SL,-1.14,490.37,488.68,BRK-B,Retest3K,warmup
2026-06-23,long,10:20,493.49,492.22,,15:30,492.22,SL,-1.272,492.87,490.28,BRK-B,SL25,warmup
2026-06-23,long,10:20,493.49,491.57,,15:55,492.8,Tagesschluss,-0.412,492.87,490.28,BRK-B,SL50,warmup
2026-06-23,long,10:20,493.49,490.93,,15:55,492.8,Tagesschluss,-0.308,492.87,490.28,BRK-B,SL75,warmup
2026-06-23,long,10:40,493.68,491.57,497.89,15:55,492.8,Tagesschluss,-0.465,492.87,490.28,BRK-B,Video,warmup
2026-06-23,long,10:40,493.68,490.28,507.29,15:55,492.8,Tagesschluss,-0.288,492.87,490.28,BRK-B,RetestMax,warmup
2026-06-24,long,09:35,494.38,493.03,,09:45,493.03,SL,-1.257,493.55,491.5,BRK-B,SL25,warmup
2026-06-24,long,09:35,494.38,492.52,,15:55,494.93,Tagesschluss,0.243,493.55,491.5,BRK-B,SL50,warmup
2026-06-24,long,09:35,494.38,492.01,,15:55,494.93,Tagesschluss,0.191,493.55,491.5,BRK-B,SL75,warmup
2026-06-24,long,09:55,494.77,492.52,499.26,15:55,494.93,Tagesschluss,0.027,493.55,491.5,BRK-B,Video,warmup
2026-06-24,long,09:55,494.77,491.5,507.84,15:55,494.93,Tagesschluss,0.019,493.55,491.5,BRK-B,RetestMax,warmup
2026-06-25,short,09:35,491.99,493.2,,10:00,493.2,SL,-1.285,496.0,492.27,BRK-B,SL25,warmup
2026-06-25,short,09:35,491.99,494.13,,10:15,494.13,SL,-1.161,496.0,492.27,BRK-B,SL50,warmup
2026-06-25,short,09:35,491.99,495.06,,10:15,495.06,SL,-1.113,496.0,492.27,BRK-B,SL75,warmup
2026-06-25,short,09:50,490.77,494.13,484.03,10:15,494.13,SL,-1.103,496.0,492.27,BRK-B,Video,warmup
2026-06-25,short,09:50,490.77,496.0,469.84,15:55,487.84,Tagesschluss,0.54,496.0,492.27,BRK-B,RetestMax,warmup
2026-06-26,short,09:40,489.83,490.83,,09:45,490.83,SL,-1.343,492.6,490.24,BRK-B,SL25,warmup
2026-06-26,short,09:40,489.83,491.42,,09:45,491.42,SL,-1.216,492.6,490.24,BRK-B,SL50,warmup
2026-06-26,short,09:40,489.83,492.01,,09:50,492.01,SL,-1.158,492.6,490.24,BRK-B,SL75,warmup
2026-06-29,long,09:45,497.99,497.24,,11:00,497.24,SL,-1.463,497.79,495.58,BRK-B,SL25,warmup
2026-06-29,long,09:45,497.99,496.68,,12:00,496.68,SL,-1.267,497.79,495.58,BRK-B,SL50,warmup
2026-06-29,long,09:45,497.99,496.13,,12:05,496.13,SL,-1.187,497.79,495.58,BRK-B,SL75,warmup
2026-06-29,long,09:55,498.44,496.68,501.95,12:00,496.68,SL,-1.198,497.79,495.58,BRK-B,Video,warmup
2026-06-29,long,09:55,498.44,495.58,509.88,15:40,495.58,SL,-1.121,497.79,495.58,BRK-B,RetestMax,warmup
2026-06-30,long,09:50,496.99,496.42,,10:10,496.42,SL,-1.61,496.9,494.99,BRK-B,SL25,warmup
2026-06-30,long,09:50,496.99,495.94,,15:55,500.18,Tagesschluss,2.954,496.9,494.99,BRK-B,SL50,warmup
2026-06-30,long,09:50,496.99,495.47,,15:55,500.18,Tagesschluss,2.029,496.9,494.99,BRK-B,SL75,warmup
2026-06-30,long,10:00,497.48,495.94,500.55,15:55,500.18,Tagesschluss,1.693,496.9,494.99,BRK-B,Video,warmup
2026-06-30,long,10:00,497.48,494.99,507.44,15:55,500.18,Tagesschluss,1.044,496.9,494.99,BRK-B,RetestMax,warmup
2026-07-01,long,11:45,503.51,502.01,,14:20,502.01,SL,-1.235,502.85,499.51,BRK-B,SL25,warmup
2026-07-01,long,11:45,503.51,501.18,,15:50,501.18,SL,-1.15,502.85,499.51,BRK-B,SL50,warmup
2026-07-01,long,11:45,503.51,500.34,,15:55,500.34,SL,-1.111,502.85,499.51,BRK-B,SL75,warmup
2026-07-01,long,11:55,503.53,501.18,508.24,15:50,501.18,SL,-1.149,502.85,499.51,BRK-B,Video,warmup
2026-07-01,long,11:55,503.53,499.51,519.62,15:55,500.0,Tagesschluss,-0.903,502.85,499.51,BRK-B,RetestMax,warmup
2026-07-02,long,10:15,503.3,502.55,,15:55,507.41,Tagesschluss,5.328,503.23,500.5,BRK-B,SL25,warmup
2026-07-02,long,10:15,503.3,501.87,,15:55,507.41,Tagesschluss,2.794,503.23,500.5,BRK-B,SL50,warmup
2026-07-02,long,10:15,503.3,501.18,,15:55,507.41,Tagesschluss,1.893,503.23,500.5,BRK-B,SL75,warmup
2026-07-02,long,10:25,503.65,501.87,507.22,11:10,507.22,TP,1.943,503.23,500.5,BRK-B,Video,warmup
2026-07-02,long,10:25,503.65,500.5,516.25,15:55,507.41,Tagesschluss,1.162,503.23,500.5,BRK-B,RetestMax,warmup
2026-04-09,short,09:35,944.57,946.6,,09:55,946.6,SL,-1.327,951.39,945.0,LLY,SL25,warmup
2026-04-09,short,09:35,944.57,948.2,,10:00,948.2,SL,-1.183,951.39,945.0,LLY,SL50,warmup
2026-04-09,short,09:35,944.57,949.79,,10:00,949.79,SL,-1.127,951.39,945.0,LLY,SL75,warmup
2026-04-13,long,09:50,942.48,938.03,,10:20,938.03,SL,-1.148,939.97,932.2,LLY,SL25,warmup
2026-04-13,long,09:50,942.48,936.08,,10:50,936.08,SL,-1.103,939.97,932.2,LLY,SL50,warmup
2026-04-13,long,09:50,942.48,934.14,,11:00,934.14,SL,-1.079,939.97,932.2,LLY,SL75,warmup
2026-04-13,long,10:10,941.96,936.08,953.71,10:50,936.08,SL,-1.112,939.97,932.2,LLY,Video,warmup
2026-04-13,long,10:10,941.96,932.2,981.0,11:15,932.2,SL,-1.067,939.97,932.2,LLY,RetestMax,warmup
2026-04-14,long,09:35,934.99,928.22,,13:50,928.22,SL,-1.096,931.41,918.64,LLY,SL25,warmup
2026-04-14,long,09:35,934.99,925.02,,13:50,925.02,SL,-1.065,931.41,918.64,LLY,SL50,warmup
2026-04-14,long,09:35,934.99,921.83,,14:40,921.83,SL,-1.049,931.41,918.64,LLY,SL75,warmup
2026-04-14,long,09:55,933.61,925.02,950.77,13:50,925.02,SL,-1.076,931.41,918.64,LLY,Video,warmup
2026-04-14,long,09:55,933.61,918.64,993.48,14:45,918.64,SL,-1.043,931.41,918.64,LLY,RetestMax,warmup
2026-04-15,short,10:35,918.5,923.4,,15:55,904.85,Tagesschluss,2.749,930.0,921.2,LLY,SL25,warmup
2026-04-15,short,10:35,918.5,925.6,,15:55,904.85,Tagesschluss,1.897,930.0,921.2,LLY,SL50,warmup
2026-04-15,short,10:35,918.5,927.8,,15:55,904.85,Tagesschluss,1.448,930.0,921.2,LLY,SL75,warmup
2026-04-16,short,10:35,906.68,910.62,,11:10,910.62,SL,-1.161,920.0,907.5,LLY,SL25,warmup
2026-04-16,short,10:35,906.68,913.75,,15:55,903.43,Tagesschluss,0.434,920.0,907.5,LLY,SL50,warmup
2026-04-16,short,10:35,906.68,916.88,,15:55,903.43,Tagesschluss,0.301,920.0,907.5,LLY,SL75,warmup
2026-04-20,short,09:40,919.02,923.57,,09:55,923.57,SL,-1.142,929.0,921.76,LLY,SL25,warmup
2026-04-20,short,09:40,919.02,925.38,,10:25,925.38,SL,-1.102,929.0,921.76,LLY,SL50,warmup
2026-04-20,short,09:40,919.02,927.19,,10:30,927.19,SL,-1.079,929.0,921.76,LLY,SL75,warmup
2026-04-21,short,09:35,887.59,897.43,,10:10,897.43,SL,-1.064,913.05,892.23,LLY,SL25,warmup
2026-04-21,short,09:35,887.59,902.64,,12:20,902.64,SL,-1.042,913.05,892.23,LLY,SL50,warmup
2026-04-21,short,09:35,887.59,907.84,,15:15,907.84,SL,-1.031,913.05,892.23,LLY,SL75,warmup
2026-04-22,long,09:40,916.28,909.93,,15:55,921.28,Tagesschluss,0.759,912.49,902.23,LLY,SL25,warmup
2026-04-22,long,09:40,916.28,907.36,,15:55,921.28,Tagesschluss,0.541,912.49,902.23,LLY,SL50,warmup
2026-04-22,long,09:40,916.28,904.8,,15:55,921.28,Tagesschluss,0.42,912.49,902.23,LLY,SL75,warmup
2026-04-23,short,10:00,922.66,924.87,,15:55,917.22,Tagesschluss,2.371,930.0,923.16,LLY,SL25,warmup
2026-04-23,short,10:00,922.66,926.58,,15:55,917.22,Tagesschluss,1.338,930.0,923.16,LLY,SL50,warmup
2026-04-23,short,10:00,922.66,928.29,,15:55,917.22,Tagesschluss,0.932,930.0,923.16,LLY,SL75,warmup
2026-04-23,short,10:25,921.35,926.58,910.9,15:55,917.22,Tagesschluss,0.756,930.0,923.16,LLY,Video,warmup
2026-04-23,short,10:25,921.35,930.0,886.77,15:55,917.22,Tagesschluss,0.457,930.0,923.16,LLY,RetestMax,warmup
2026-04-24,short,09:35,888.97,894.6,,15:55,884.27,Tagesschluss,0.803,900.42,892.66,LLY,SL25,warmup
2026-04-24,short,09:35,888.97,896.54,,15:55,884.27,Tagesschluss,0.597,900.42,892.66,LLY,SL50,warmup
2026-04-24,short,09:35,888.97,898.48,,15:55,884.27,Tagesschluss,0.476,900.42,892.66,LLY,SL75,warmup
2026-04-27,long,09:35,889.0,881.55,,10:20,881.55,SL,-1.083,884.67,872.2,LLY,SL25,warmup
2026-04-27,long,09:35,889.0,878.43,,10:25,878.43,SL,-1.058,884.67,872.2,LLY,SL50,warmup
2026-04-27,long,09:35,889.0,875.32,,15:20,875.32,SL,-1.045,884.67,872.2,LLY,SL75,warmup
2026-04-28,short,12:00,867.97,871.95,,15:20,871.95,SL,-1.153,878.15,869.88,LLY,SL25,warmup
2026-04-28,short,12:00,867.97,874.02,,15:40,874.02,SL,-1.101,878.15,869.88,LLY,SL50,warmup
2026-04-28,short,12:00,867.97,876.08,,15:55,874.43,Tagesschluss,-0.818,878.15,869.88,LLY,SL75,warmup
2026-04-29,short,10:15,858.2,862.26,,15:55,851.32,Tagesschluss,1.654,869.02,860.0,LLY,SL25,warmup
2026-04-29,short,10:15,858.2,864.51,,15:55,851.32,Tagesschluss,1.063,869.02,860.0,LLY,SL50,warmup
2026-04-29,short,10:15,858.2,866.77,,15:55,851.32,Tagesschluss,0.783,869.02,860.0,LLY,SL75,warmup
2026-04-30,long,09:55,915.03,909.2,,15:55,934.31,Tagesschluss,3.279,913.33,896.8,LLY,SL25,warmup
2026-04-30,long,09:55,915.03,905.07,,15:55,934.31,Tagesschluss,1.918,913.33,896.8,LLY,SL50,warmup
2026-04-30,long,09:55,915.03,900.93,,15:55,934.31,Tagesschluss,1.355,913.33,896.8,LLY,SL75,warmup
2026-05-01,long,09:50,982.47,971.73,,10:10,971.73,SL,-1.063,981.04,943.8,LLY,SL25,warmup
2026-05-01,long,09:50,982.47,962.42,,11:50,962.42,SL,-1.034,981.04,943.8,LLY,SL50,warmup
2026-05-01,long,09:50,982.47,953.11,,15:55,963.71,Tagesschluss,-0.646,981.04,943.8,LLY,SL75,warmup
2026-05-05,long,09:45,975.25,972.35,,09:50,972.35,SL,-1.235,975.0,964.41,LLY,SL25,warmup
2026-05-05,long,09:45,975.25,969.7,,15:55,988.46,Tagesschluss,2.347,975.0,964.41,LLY,SL50,warmup
2026-05-05,long,09:45,975.25,967.06,,15:55,988.46,Tagesschluss,1.588,975.0,964.41,LLY,SL75,warmup
2026-05-06,long,09:35,992.88,989.72,,09:40,989.72,SL,-1.22,991.73,983.7,LLY,SL25,warmup
2026-05-06,long,09:35,992.88,987.71,,09:50,987.71,SL,-1.134,991.73,983.7,LLY,SL50,warmup
2026-05-06,long,09:35,992.88,985.71,,09:55,985.71,SL,-1.096,991.73,983.7,LLY,SL75,warmup
2026-05-07,short,09:35,981.83,983.75,,15:55,975.72,Tagesschluss,3.087,989.0,982.0,LLY,SL25,warmup
2026-05-07,short,09:35,981.83,985.5,,15:55,975.72,Tagesschluss,1.614,989.0,982.0,LLY,SL50,warmup
2026-05-07,short,09:35,981.83,987.25,,15:55,975.72,Tagesschluss,1.092,989.0,982.0,LLY,SL75,warmup
2026-05-07,short,09:45,979.5,985.5,967.5,12:05,967.5,TP,1.968,989.0,982.0,LLY,Video,warmup
2026-05-07,short,09:45,979.5,989.0,941.5,15:55,975.72,Tagesschluss,0.377,989.0,982.0,LLY,RetestMax,warmup
2026-05-07,short,09:45,979.5,989.0,941.5,15:55,975.72,Tagesschluss,0.377,989.0,982.0,LLY,Retest3K,warmup
2026-05-08,short,09:35,967.65,971.82,,15:55,948.37,Tagesschluss,4.58,980.0,969.09,LLY,SL25,warmup
2026-05-08,short,09:35,967.65,974.55,,15:55,948.37,Tagesschluss,2.768,980.0,969.09,LLY,SL50,warmup
2026-05-08,short,09:35,967.65,977.27,,15:55,948.37,Tagesschluss,1.984,980.0,969.09,LLY,SL75,warmup
2026-05-11,long,09:35,966.68,954.57,,15:55,967.14,Tagesschluss,0.022,958.34,943.26,LLY,SL25,warmup
2026-05-11,long,09:35,966.68,950.8,,15:55,967.14,Tagesschluss,0.017,958.34,943.26,LLY,SL50,warmup
2026-05-11,long,09:35,966.68,947.03,,15:55,967.14,Tagesschluss,0.014,958.34,943.26,LLY,SL75,warmup
2026-05-12,short,09:35,971.17,973.3,,09:40,973.3,SL,-1.321,977.94,971.75,LLY,SL25,warmup
2026-05-12,short,09:35,971.17,974.85,,09:40,974.85,SL,-1.186,977.94,971.75,LLY,SL50,warmup
2026-05-12,short,09:35,971.17,976.39,,09:40,976.39,SL,-1.131,977.94,971.75,LLY,SL75,warmup
2026-05-13,long,09:35,1000.41,996.61,,11:05,996.61,SL,-1.183,998.14,992.0,LLY,SL25,warmup
2026-05-13,long,09:35,1000.41,995.07,,15:55,1015.94,Tagesschluss,2.871,998.14,992.0,LLY,SL50,warmup
2026-05-13,long,09:35,1000.41,993.54,,15:55,1015.94,Tagesschluss,2.23,998.14,992.0,LLY,SL75,warmup
2026-05-14,short,09:35,1003.31,1008.57,,10:05,1008.57,SL,-1.134,1018.17,1005.37,LLY,SL25,warmup
2026-05-14,short,09:35,1003.31,1011.77,,15:55,1007.79,Tagesschluss,-0.554,1018.17,1005.37,LLY,SL50,warmup
2026-05-14,short,09:35,1003.31,1014.97,,15:55,1007.79,Tagesschluss,-0.402,1018.17,1005.37,LLY,SL75,warmup
2026-05-18,short,10:10,982.31,989.73,,10:25,989.73,SL,-1.093,1003.0,985.31,LLY,SL25,warmup
2026-05-18,short,10:10,982.31,994.16,,15:55,988.19,Tagesschluss,-0.513,1003.0,985.31,LLY,SL50,warmup
2026-05-18,short,10:10,982.31,998.58,,15:55,988.19,Tagesschluss,-0.374,1003.0,985.31,LLY,SL75,warmup
2026-05-19,long,09:40,997.37,991.35,,15:55,1021.41,Tagesschluss,3.96,993.6,984.6,LLY,SL25,warmup
2026-05-19,long,09:40,997.37,989.1,,15:55,1021.41,Tagesschluss,2.882,993.6,984.6,LLY,SL50,warmup
2026-05-19,long,09:40,997.37,986.85,,15:55,1021.41,Tagesschluss,2.266,993.6,984.6,LLY,SL75,warmup
2026-05-20,short,10:05,1021.64,1026.72,,10:30,1026.72,SL,-1.141,1037.88,1023.0,LLY,SL25,warmup
2026-05-20,short,10:05,1021.64,1030.44,,15:55,1018.47,Tagesschluss,0.337,1037.88,1023.0,LLY,SL50,warmup
2026-05-20,short,10:05,1021.64,1034.16,,15:55,1018.47,Tagesschluss,0.237,1037.88,1023.0,LLY,SL75,warmup
2026-05-20,short,10:20,1020.65,1030.44,1001.07,15:55,1018.47,Tagesschluss,0.202,1037.88,1023.0,LLY,Video,warmup
2026-05-20,short,10:20,1020.65,1037.88,951.73,15:55,1018.47,Tagesschluss,0.115,1037.88,1023.0,LLY,RetestMax,warmup
2026-05-21,long,09:50,1033.25,1028.64,,10:10,1028.64,SL,-1.156,1030.86,1022.0,LLY,SL25,warmup
2026-05-21,long,09:50,1033.25,1026.43,,10:10,1026.43,SL,-1.105,1030.86,1022.0,LLY,SL50,warmup
2026-05-21,long,09:50,1033.25,1024.21,,15:55,1041.68,Tagesschluss,0.91,1030.86,1022.0,LLY,SL75,warmup
2026-05-22,long,09:35,1066.55,1054.52,,09:50,1054.52,SL,-1.061,1057.0,1047.07,LLY,SL25,warmup
2026-05-22,long,09:35,1066.55,1052.03,,15:55,1065.65,Tagesschluss,-0.077,1057.0,1047.07,LLY,SL50,warmup
2026-05-22,long,09:35,1066.55,1049.55,,15:55,1065.65,Tagesschluss,-0.065,1057.0,1047.07,LLY,SL75,warmup
2026-05-26,short,09:45,1062.18,1068.56,,10:35,1068.56,SL,-1.117,1082.0,1064.08,LLY,SL25,warmup
2026-05-26,short,09:45,1062.18,1073.04,,10:45,1073.04,SL,-1.069,1082.0,1064.08,LLY,SL50,warmup
2026-05-26,short,09:45,1062.18,1077.52,,11:05,1077.52,SL,-1.049,1082.0,1064.08,LLY,SL75,warmup
2026-05-27,long,09:40,1080.55,1075.61,,15:55,1083.73,Tagesschluss,0.601,1077.51,1069.9,LLY,SL25,warmup
2026-05-27,long,09:40,1080.55,1073.7,,15:55,1083.73,Tagesschluss,0.434,1077.51,1069.9,LLY,SL50,warmup
2026-05-27,long,09:40,1080.55,1071.8,,15:55,1083.73,Tagesschluss,0.34,1077.51,1069.9,LLY,SL75,warmup
2026-05-28,long,09:35,1108.19,1103.77,,15:55,1127.46,Tagesschluss,4.311,1107.69,1092.01,LLY,SL25,warmup
2026-05-28,long,09:35,1108.19,1099.85,,15:55,1127.46,Tagesschluss,2.285,1107.69,1092.01,LLY,SL50,warmup
2026-05-28,long,09:35,1108.19,1095.93,,15:55,1127.46,Tagesschluss,1.554,1107.69,1092.01,LLY,SL75,warmup
2026-05-28,long,09:55,1115.41,1099.85,1146.54,10:35,1146.54,TP,1.985,1107.69,1092.01,LLY,Video,warmup
2026-05-28,long,09:55,1115.41,1092.01,1209.01,15:55,1127.46,Tagesschluss,0.505,1107.69,1092.01,LLY,RetestMax,warmup
2026-05-29,short,09:35,1115.59,1122.44,,15:55,1105.36,Tagesschluss,1.461,1132.66,1119.03,LLY,SL25,warmup
2026-05-29,short,09:35,1115.59,1125.85,,15:55,1105.36,Tagesschluss,0.975,1132.66,1119.03,LLY,SL50,warmup
2026-05-29,short,09:35,1115.59,1129.25,,15:55,1105.36,Tagesschluss,0.732,1132.66,1119.03,LLY,SL75,warmup
2026-06-01,short,09:35,1087.2,1097.05,,15:55,1082.0,Tagesschluss,0.506,1106.17,1094.01,LLY,SL25,warmup
2026-06-01,short,09:35,1087.2,1100.09,,15:55,1082.0,Tagesschluss,0.387,1106.17,1094.01,LLY,SL50,warmup
2026-06-01,short,09:35,1087.2,1103.13,,15:55,1082.0,Tagesschluss,0.313,1106.17,1094.01,LLY,SL75,warmup
2026-06-02,short,09:45,1060.24,1067.49,,10:15,1067.49,SL,-1.103,1078.22,1063.91,LLY,SL25,warmup
2026-06-02,short,09:45,1060.24,1071.07,,11:15,1071.07,SL,-1.069,1078.22,1063.91,LLY,SL50,warmup
2026-06-02,short,09:45,1060.24,1074.64,,15:55,1064.63,Tagesschluss,-0.319,1078.22,1063.91,LLY,SL75,warmup
2026-06-03,long,09:35,1070.95,1061.37,,15:55,1083.46,Tagesschluss,1.283,1063.99,1053.51,LLY,SL25,warmup
2026-06-03,long,09:35,1070.95,1058.75,,15:55,1083.46,Tagesschluss,1.008,1063.99,1053.51,LLY,SL50,warmup
2026-06-03,long,09:35,1070.95,1056.13,,15:55,1083.46,Tagesschluss,0.83,1063.99,1053.51,LLY,SL75,warmup
2026-06-04,long,09:40,1113.62,1109.78,,15:55,1125.38,Tagesschluss,3.004,1112.5,1101.62,LLY,SL25,warmup
2026-06-04,long,09:40,1113.62,1107.06,,15:55,1125.38,Tagesschluss,1.759,1112.5,1101.62,LLY,SL50,warmup
2026-06-04,long,09:40,1113.62,1104.34,,15:55,1125.38,Tagesschluss,1.243,1112.5,1101.62,LLY,SL75,warmup
2026-06-04,long,09:50,1121.21,1107.06,1149.51,15:55,1125.38,Tagesschluss,0.279,1112.5,1101.62,LLY,Video,warmup
2026-06-04,long,09:50,1121.21,1101.62,1199.57,15:55,1125.38,Tagesschluss,0.201,1112.5,1101.62,LLY,RetestMax,warmup
2026-06-05,long,10:30,1157.48,1151.05,,12:10,1151.05,SL,-1.126,1155.74,1137.0,LLY,SL25,warmup
2026-06-05,long,10:30,1157.48,1146.37,,13:10,1146.37,SL,-1.072,1155.74,1137.0,LLY,SL50,warmup
2026-06-05,long,10:30,1157.48,1141.68,,14:45,1141.68,SL,-1.051,1155.74,1137.0,LLY,SL75,warmup
2026-06-05,long,10:40,1158.68,1146.37,1183.31,13:10,1146.37,SL,-1.065,1155.74,1137.0,LLY,Video,warmup
2026-06-05,long,10:40,1158.68,1137.0,1245.42,15:00,1137.0,SL,-1.037,1155.74,1137.0,LLY,RetestMax,warmup
2026-06-08,long,10:00,1177.63,1167.63,,10:10,1167.63,SL,-1.082,1173.23,1150.85,LLY,SL25,warmup
2026-06-08,long,10:00,1177.63,1162.04,,10:40,1162.04,SL,-1.052,1173.23,1150.85,LLY,SL50,warmup
2026-06-08,long,10:00,1177.63,1156.44,,12:55,1156.44,SL,-1.038,1173.23,1150.85,LLY,SL75,warmup
2026-06-09,short,09:40,1162.41,1165.65,,11:00,1165.65,SL,-1.252,1174.59,1162.67,LLY,SL25,warmup
2026-06-09,short,09:40,1162.41,1168.63,,15:55,1143.86,Tagesschluss,2.944,1174.59,1162.67,LLY,SL50,warmup
2026-06-09,short,09:40,1162.41,1171.61,,15:55,1143.86,Tagesschluss,1.99,1174.59,1162.67,LLY,SL75,warmup
2026-06-09,short,09:55,1157.07,1168.63,1133.94,15:55,1143.86,Tagesschluss,1.123,1174.59,1162.67,LLY,Video,warmup
2026-06-09,short,09:55,1157.07,1174.59,1086.97,15:55,1143.86,Tagesschluss,0.741,1174.59,1162.67,LLY,RetestMax,warmup
2026-06-10,long,10:00,1155.09,1148.88,,10:10,1148.88,SL,-1.129,1152.5,1138.0,LLY,SL25,warmup
2026-06-10,long,10:00,1155.09,1145.25,,11:55,1145.25,SL,-1.082,1152.5,1138.0,LLY,SL50,warmup
2026-06-10,long,10:00,1155.09,1141.62,,12:00,1141.62,SL,-1.059,1152.5,1138.0,LLY,SL75,warmup
2026-06-11,short,09:35,1132.51,1138.82,,09:40,1138.82,SL,-1.126,1147.29,1136.0,LLY,SL25,warmup
2026-06-11,short,09:35,1132.51,1141.64,,09:40,1141.64,SL,-1.087,1147.29,1136.0,LLY,SL50,warmup
2026-06-11,short,09:35,1132.51,1144.46,,09:50,1144.46,SL,-1.067,1147.29,1136.0,LLY,SL75,warmup
2026-06-12,short,10:25,1149.63,1154.88,,10:50,1154.88,SL,-1.154,1169.53,1150.0,LLY,SL25,warmup
2026-06-12,short,10:25,1149.63,1159.77,,15:55,1133.0,Tagesschluss,1.618,1169.53,1150.0,LLY,SL50,warmup
2026-06-12,short,10:25,1149.63,1164.65,,15:55,1133.0,Tagesschluss,1.092,1169.53,1150.0,LLY,SL75,warmup
2026-06-15,long,11:15,1135.0,1129.12,,12:10,1129.12,SL,-1.134,1134.82,1112.01,LLY,SL25,warmup
2026-06-15,long,11:15,1135.0,1123.41,,14:40,1123.41,SL,-1.068,1134.82,1112.01,LLY,SL50,warmup
2026-06-15,long,11:15,1135.0,1117.71,,15:55,1130.66,Tagesschluss,-0.264,1134.82,1112.01,LLY,SL75,warmup
2026-06-16,short,09:40,1131.95,1137.64,,15:55,1123.11,Tagesschluss,1.515,1146.69,1134.62,LLY,SL25,warmup
2026-06-16,short,09:40,1131.95,1140.65,,15:55,1123.11,Tagesschluss,0.99,1146.69,1134.62,LLY,SL50,warmup
2026-06-16,short,09:40,1131.95,1143.67,,15:55,1123.11,Tagesschluss,0.735,1146.69,1134.62,LLY,SL75,warmup
2026-06-17,long,10:40,1118.4,1114.55,,11:00,1114.55,SL,-1.203,1117.76,1104.9,LLY,SL25,warmup
2026-06-17,long,10:40,1118.4,1111.33,,14:00,1111.33,SL,-1.11,1117.76,1104.9,LLY,SL50,warmup
2026-06-17,long,10:40,1118.4,1108.12,,15:35,1108.12,SL,-1.076,1117.76,1104.9,LLY,SL75,warmup
2026-06-18,short,09:35,1112.35,1117.01,,09:40,1117.01,SL,-1.168,1122.33,1115.24,LLY,SL25,warmup
2026-06-18,short,09:35,1112.35,1118.78,,15:55,1098.02,Tagesschluss,2.195,1122.33,1115.24,LLY,SL50,warmup
2026-06-18,short,09:35,1112.35,1120.56,,15:55,1098.02,Tagesschluss,1.721,1122.33,1115.24,LLY,SL75,warmup
2026-06-22,short,09:35,1105.62,1109.57,,11:55,1109.57,SL,-1.197,1119.45,1106.28,LLY,SL25,warmup
2026-06-22,short,09:35,1105.62,1112.86,,12:30,1112.86,SL,-1.107,1119.45,1106.28,LLY,SL50,warmup
2026-06-22,short,09:35,1105.62,1116.16,,15:55,1103.69,Tagesschluss,0.163,1119.45,1106.28,LLY,SL75,warmup
2026-06-22,short,09:45,1097.23,1112.86,1065.96,12:30,1112.86,SL,-1.05,1119.45,1106.28,LLY,Video,warmup
2026-06-22,short,09:45,1097.23,1119.45,1008.35,15:55,1103.69,Tagesschluss,-0.301,1119.45,1106.28,LLY,RetestMax,warmup
2026-06-22,short,09:45,1097.23,1119.45,1008.35,15:55,1103.69,Tagesschluss,-0.301,1119.45,1106.28,LLY,Retest3K,warmup
2026-06-23,short,10:35,1102.54,1107.76,,13:45,1107.76,SL,-1.149,1122.02,1103.0,LLY,SL25,warmup
2026-06-23,short,10:35,1102.54,1112.51,,15:10,1112.51,SL,-1.078,1122.02,1103.0,LLY,SL50,warmup
2026-06-23,short,10:35,1102.54,1117.27,,15:10,1117.27,SL,-1.053,1122.02,1103.0,LLY,SL75,warmup
2026-06-24,short,10:05,1118.56,1123.79,,15:55,1117.95,Tagesschluss,0.074,1135.14,1120.0,LLY,SL25,warmup
2026-06-24,short,10:05,1118.56,1127.57,,15:55,1117.95,Tagesschluss,0.043,1135.14,1120.0,LLY,SL50,warmup
2026-06-24,short,10:05,1118.56,1131.36,,15:55,1117.95,Tagesschluss,0.03,1135.14,1120.0,LLY,SL75,warmup
2026-06-25,short,09:50,1118.66,1122.61,,10:00,1122.61,SL,-1.199,1133.03,1119.13,LLY,SL25,warmup
2026-06-25,short,09:50,1118.66,1126.08,,10:00,1126.08,SL,-1.106,1133.03,1119.13,LLY,SL50,warmup
2026-06-25,short,09:50,1118.66,1129.56,,10:15,1129.56,SL,-1.072,1133.03,1119.13,LLY,SL75,warmup
2026-06-26,long,09:35,1158.57,1142.98,,15:55,1206.46,Tagesschluss,3.056,1147.98,1128.0,LLY,SL25,warmup
2026-06-26,long,09:35,1158.57,1137.99,,15:55,1206.46,Tagesschluss,2.315,1147.98,1128.0,LLY,SL50,warmup
2026-06-26,long,09:35,1158.57,1132.99,,15:55,1206.46,Tagesschluss,1.863,1147.98,1128.0,LLY,SL75,warmup
2026-06-29,long,09:35,1236.52,1231.0,,09:40,1231.0,SL,-1.156,1236.0,1216.0,LLY,SL25,warmup
2026-06-29,long,09:35,1236.52,1226.0,,09:40,1226.0,SL,-1.082,1236.0,1216.0,LLY,SL50,warmup
2026-06-29,long,09:35,1236.52,1221.0,,10:00,1221.0,SL,-1.055,1236.0,1216.0,LLY,SL75,warmup
2026-06-30,short,09:55,1208.39,1216.51,,11:20,1216.51,SL,-1.105,1230.05,1212.0,LLY,SL25,warmup
2026-06-30,short,09:55,1208.39,1221.03,,15:55,1199.38,Tagesschluss,0.694,1230.05,1212.0,LLY,SL50,warmup
2026-06-30,short,09:55,1208.39,1225.54,,15:55,1199.38,Tagesschluss,0.511,1230.05,1212.0,LLY,SL75,warmup
2026-06-30,short,10:05,1206.0,1221.03,1175.95,15:55,1199.38,Tagesschluss,0.425,1230.05,1212.0,LLY,Video,warmup
2026-06-30,short,10:05,1206.0,1230.05,1109.8,15:55,1199.38,Tagesschluss,0.265,1230.05,1212.0,LLY,RetestMax,warmup
2026-07-01,short,09:45,1191.5,1202.19,,15:55,1192.18,Tagesschluss,-0.086,1217.51,1197.08,LLY,SL25,warmup
2026-07-01,short,09:45,1191.5,1207.29,,15:55,1192.18,Tagesschluss,-0.058,1217.51,1197.08,LLY,SL50,warmup
2026-07-01,short,09:45,1191.5,1212.4,,15:55,1192.18,Tagesschluss,-0.044,1217.51,1197.08,LLY,SL75,warmup
2026-07-01,short,09:55,1190.26,1207.29,1156.18,15:55,1192.18,Tagesschluss,-0.127,1217.51,1197.08,LLY,Video,warmup
2026-07-01,short,09:55,1190.26,1217.51,1081.26,15:55,1192.18,Tagesschluss,-0.079,1217.51,1197.08,LLY,RetestMax,warmup
2026-07-02,long,09:35,1203.35,1191.93,,15:55,1210.48,Tagesschluss,0.603,1195.8,1180.3,LLY,SL25,warmup
2026-07-02,long,09:35,1203.35,1188.05,,15:55,1210.48,Tagesschluss,0.45,1195.8,1180.3,LLY,SL50,warmup
2026-07-02,long,09:35,1203.35,1184.18,,15:55,1210.48,Tagesschluss,0.359,1195.8,1180.3,LLY,SL75,warmup
2026-04-09,long,09:40,675.54,675.04,,09:45,675.04,SL,-1.959,675.25,674.43,SPY,SL25,warmup
2026-04-09,long,09:40,675.54,674.84,,09:50,674.84,SL,-1.677,675.25,674.43,SPY,SL50,warmup
2026-04-09,long,09:40,675.54,674.63,,10:15,674.63,SL,-1.523,675.25,674.43,SPY,SL75,warmup
2026-04-10,short,09:35,680.74,681.17,,10:10,681.17,SL,-2.102,681.93,680.92,SPY,SL25,warmup
2026-04-10,short,09:35,680.74,681.42,,10:20,681.42,SL,-1.696,681.93,680.92,SPY,SL50,warmup
2026-04-10,short,09:35,680.74,681.68,,10:30,681.68,SL,-1.509,681.93,680.92,SPY,SL75,warmup
2026-04-10,short,09:45,680.51,681.42,678.68,10:20,681.42,SL,-1.521,681.93,680.92,SPY,Video,warmup
2026-04-10,short,09:45,680.51,681.93,674.83,10:30,681.93,SL,-1.336,681.93,680.92,SPY,RetestMax,warmup
2026-04-10,short,09:45,680.51,681.93,674.83,10:30,681.93,SL,-1.336,681.93,680.92,SPY,Retest3K,warmup
2026-04-13,short,09:40,676.97,677.22,,09:45,677.22,SL,-2.859,677.93,676.99,SPY,SL25,warmup
2026-04-13,short,09:40,676.97,677.46,,09:45,677.46,SL,-1.968,677.93,676.99,SPY,SL50,warmup
2026-04-13,short,09:40,676.97,677.69,,09:45,677.69,SL,-1.654,677.93,676.99,SPY,SL75,warmup
2026-04-14,long,09:35,689.03,688.38,,15:55,694.4,Tagesschluss,8.041,688.62,687.66,SPY,SL25,warmup
2026-04-14,long,09:35,689.03,688.14,,15:55,694.4,Tagesschluss,5.872,688.62,687.66,SPY,SL50,warmup
2026-04-14,long,09:35,689.03,687.9,,15:55,694.4,Tagesschluss,4.625,688.62,687.66,SPY,SL75,warmup
2026-04-15,long,09:35,696.28,695.65,,09:40,695.65,SL,-1.773,695.84,695.08,SPY,SL25,warmup
2026-04-15,long,09:35,696.28,695.46,,09:40,695.46,SL,-1.594,695.84,695.08,SPY,SL50,warmup
2026-04-15,long,09:35,696.28,695.27,,09:40,695.27,SL,-1.482,695.84,695.08,SPY,SL75,warmup
2026-04-16,short,09:50,698.75,700.72,,11:05,700.72,SL,-1.25,701.3,700.52,SPY,SL25,warmup
2026-04-16,short,09:50,698.75,700.91,,11:05,700.91,SL,-1.227,701.3,700.52,SPY,SL50,warmup
2026-04-16,short,09:50,698.75,701.1,,11:05,701.1,SL,-1.208,701.3,700.52,SPY,SL75,warmup
2026-04-16,short,10:55,699.79,700.91,697.55,11:05,700.91,SL,-1.438,701.3,700.52,SPY,Video,warmup
2026-04-16,short,10:55,699.79,701.3,693.75,11:10,701.3,SL,-1.325,701.3,700.52,SPY,RetestMax,warmup
2026-04-17,long,09:50,707.72,706.85,,15:55,710.05,Tagesschluss,2.508,707.14,705.97,SPY,SL25,warmup
2026-04-17,long,09:50,707.72,706.55,,15:55,710.05,Tagesschluss,1.878,707.14,705.97,SPY,SL50,warmup
2026-04-17,long,09:50,707.72,706.26,,15:55,710.05,Tagesschluss,1.501,707.14,705.97,SPY,SL75,warmup
2026-04-20,long,09:50,709.35,709.08,,10:00,709.08,SL,-2.896,709.32,708.37,SPY,SL25,warmup
2026-04-20,long,09:50,709.35,708.85,,10:10,708.85,SL,-1.993,709.32,708.37,SPY,SL50,warmup
2026-04-20,long,09:50,709.35,708.61,,10:30,708.61,SL,-1.673,709.32,708.37,SPY,SL75,warmup
2026-04-21,short,09:35,709.04,709.4,,09:40,709.4,SL,-2.389,710.44,709.05,SPY,SL25,warmup
2026-04-21,short,09:35,709.04,709.74,,09:45,709.74,SL,-1.705,710.44,709.05,SPY,SL50,warmup
2026-04-21,short,09:35,709.04,710.09,,09:45,710.09,SL,-1.472,710.44,709.05,SPY,SL75,warmup
2026-04-22,long,09:55,709.39,709.11,,10:05,709.11,SL,-2.781,709.33,708.46,SPY,SL25,warmup
2026-04-22,long,09:55,709.39,708.89,,10:05,708.89,SL,-1.998,709.33,708.46,SPY,SL50,warmup
2026-04-22,long,09:55,709.39,708.67,,15:55,711.21,Tagesschluss,2.343,709.33,708.46,SPY,SL75,warmup
2026-04-22,long,10:10,709.92,708.89,711.97,12:30,708.89,SL,-1.483,709.33,708.46,SPY,Video,warmup
2026-04-22,long,10:10,709.92,708.46,715.78,15:55,711.21,Tagesschluss,0.784,709.33,708.46,SPY,RetestMax,warmup
2026-04-23,long,09:35,710.27,709.78,,09:40,709.78,SL,-2.019,709.97,709.22,SPY,SL25,warmup
2026-04-23,long,09:35,710.27,709.59,,10:00,709.59,SL,-1.736,709.97,709.22,SPY,SL50,warmup
2026-04-23,long,09:35,710.27,709.41,,10:00,709.41,SL,-1.576,709.97,709.22,SPY,SL75,warmup
2026-04-23,long,09:45,710.6,709.59,712.61,10:00,709.59,SL,-1.494,709.97,709.22,SPY,Video,warmup
2026-04-23,long,09:45,710.6,709.22,716.12,10:00,709.22,SL,-1.36,709.97,709.22,SPY,RetestMax,warmup
2026-04-23,long,09:45,710.6,709.22,716.12,10:00,709.22,SL,-1.36,709.97,709.22,SPY,Retest3K,warmup
2026-04-24,short,09:50,709.48,710.11,,10:00,710.11,SL,-1.795,711.16,709.76,SPY,SL25,warmup
2026-04-24,short,09:50,709.48,710.46,,10:10,710.46,SL,-1.51,711.16,709.76,SPY,SL50,warmup
2026-04-24,short,09:50,709.48,710.81,,10:35,710.81,SL,-1.375,711.16,709.76,SPY,SL75,warmup
2026-04-27,long,09:35,714.35,713.82,,09:40,713.82,SL,-1.941,714.14,712.87,SPY,SL25,warmup
2026-04-27,long,09:35,714.35,713.5,,09:45,713.5,SL,-1.589,714.14,712.87,SPY,SL50,warmup
2026-04-27,long,09:35,714.35,713.19,,09:45,713.19,SL,-1.429,714.14,712.87,SPY,SL75,warmup
2026-04-28,long,09:40,712.4,711.75,,09:50,711.75,SL,-1.767,712.07,710.79,SPY,SL25,warmup
2026-04-28,long,09:40,712.4,711.43,,09:55,711.43,SL,-1.513,712.07,710.79,SPY,SL50,warmup
2026-04-28,long,09:40,712.4,711.11,,09:55,711.11,SL,-1.386,712.07,710.79,SPY,SL75,warmup
2026-04-29,long,10:20,711.34,710.87,,11:05,710.87,SL,-2.064,711.19,709.92,SPY,SL25,warmup
2026-04-29,long,10:20,711.34,710.55,,11:10,710.55,SL,-1.634,711.19,709.92,SPY,SL50,warmup
2026-04-29,long,10:20,711.34,710.24,,11:10,710.24,SL,-1.451,711.19,709.92,SPY,SL75,warmup
2026-04-29,long,10:30,711.65,710.55,713.84,11:10,710.55,SL,-1.454,711.19,709.92,SPY,Video,warmup
2026-04-29,long,10:30,711.65,709.92,718.57,11:50,709.92,SL,-1.287,711.19,709.92,SPY,RetestMax,warmup
2026-04-30,short,09:35,711.84,713.28,,10:50,713.28,SL,-1.347,714.71,712.8,SPY,SL25,warmup
2026-04-30,short,09:35,711.84,713.76,,10:50,713.76,SL,-1.261,714.71,712.8,SPY,SL50,warmup
2026-04-30,short,09:35,711.84,714.23,,11:00,714.23,SL,-1.209,714.71,712.8,SPY,SL75,warmup
2026-05-01,long,09:40,722.52,721.95,,09:45,721.95,SL,-1.895,722.36,720.74,SPY,SL25,warmup
2026-05-01,long,09:40,722.52,721.55,,12:45,721.55,SL,-1.521,722.36,720.74,SPY,SL50,warmup
2026-05-01,long,09:40,722.52,721.14,,14:40,721.14,SL,-1.367,722.36,720.74,SPY,SL75,warmup
2026-05-04,long,09:45,720.41,719.99,,10:05,719.99,SL,-2.207,720.24,719.25,SPY,SL25,warmup
2026-05-04,long,09:45,720.41,719.74,,11:15,719.74,SL,-1.758,720.24,719.25,SPY,SL50,warmup
2026-05-04,long,09:45,720.41,719.5,,11:15,719.5,SL,-1.552,720.24,719.25,SPY,SL75,warmup
2026-05-04,long,09:55,720.65,719.74,722.46,11:15,719.74,SL,-1.557,720.24,719.25,SPY,Video,warmup
2026-05-04,long,09:55,720.65,719.25,726.25,11:15,719.25,SL,-1.36,720.24,719.25,SPY,RetestMax,warmup
2026-05-05,long,09:50,722.37,722.1,,10:15,722.1,SL,-2.864,722.3,721.49,SPY,SL25,warmup
2026-05-05,long,09:50,722.37,721.9,,10:15,721.9,SL,-2.07,722.3,721.49,SPY,SL50,warmup
2026-05-05,long,09:50,722.37,721.7,,15:55,723.74,Tagesschluss,1.819,722.3,721.49,SPY,SL75,warmup
2026-05-05,long,10:00,722.55,721.9,723.85,10:15,721.9,SL,-1.775,722.3,721.49,SPY,Video,warmup
2026-05-05,long,10:00,722.55,721.49,726.77,15:55,723.74,Tagesschluss,0.991,722.3,721.49,SPY,RetestMax,warmup
2026-05-06,long,09:50,729.66,728.84,,10:05,728.84,SL,-1.622,729.18,727.82,SPY,SL25,warmup
2026-05-06,long,09:50,729.66,728.5,,15:55,733.77,Tagesschluss,3.417,729.18,727.82,SPY,SL50,warmup
2026-05-06,long,09:50,729.66,728.16,,15:55,733.77,Tagesschluss,2.643,729.18,727.82,SPY,SL75,warmup
2026-05-06,long,10:00,729.8,728.5,732.4,10:50,732.4,TP,1.888,729.18,727.82,SPY,Video,warmup
2026-05-06,long,10:00,729.8,727.82,737.72,15:55,733.77,Tagesschluss,1.931,729.18,727.82,SPY,RetestMax,warmup
2026-05-07,short,09:40,734.23,734.63,,10:05,734.63,SL,-2.278,735.12,734.47,SPY,SL25,warmup
2026-05-07,short,09:40,734.23,734.79,,10:05,734.79,SL,-1.91,735.12,734.47,SPY,SL50,warmup
2026-05-07,short,09:40,734.23,734.96,,10:20,734.96,SL,-1.707,735.12,734.47,SPY,SL75,warmup
2026-05-07,short,09:50,733.58,734.79,731.15,10:05,734.79,SL,-1.423,735.12,734.47,SPY,Video,warmup
2026-05-07,short,09:50,733.58,735.12,727.42,10:35,735.12,SL,-1.334,735.12,734.47,SPY,RetestMax,warmup
2026-05-08,long,09:45,736.05,735.16,,15:55,737.53,Tagesschluss,1.502,735.32,734.69,SPY,SL25,warmup
2026-05-08,long,09:45,736.05,735.01,,15:55,737.53,Tagesschluss,1.275,735.32,734.69,SPY,SL50,warmup
2026-05-08,long,09:45,736.05,734.85,,15:55,737.53,Tagesschluss,1.108,735.32,734.69,SPY,SL75,warmup
2026-05-11,long,09:40,738.39,737.58,,15:55,739.2,Tagesschluss,0.813,737.95,736.45,SPY,SL25,warmup
2026-05-11,long,09:40,738.39,737.2,,15:55,739.2,Tagesschluss,0.557,737.95,736.45,SPY,SL50,warmup
2026-05-11,long,09:40,738.39,736.83,,15:55,739.2,Tagesschluss,0.423,737.95,736.45,SPY,SL75,warmup
2026-05-11,long,10:35,738.72,737.2,741.76,15:55,739.2,Tagesschluss,0.219,737.95,736.45,SPY,Video,warmup
2026-05-11,long,10:35,738.72,736.45,747.8,15:55,739.2,Tagesschluss,0.146,737.95,736.45,SPY,RetestMax,warmup
2026-05-12,short,09:35,736.09,736.42,,09:40,736.42,SL,-2.539,737.22,736.16,SPY,SL25,warmup
2026-05-12,short,09:35,736.09,736.69,,09:40,736.69,SL,-1.859,737.22,736.16,SPY,SL50,warmup
2026-05-12,short,09:35,736.09,736.95,,15:10,736.95,SL,-1.596,737.22,736.16,SPY,SL75,warmup
2026-05-13,short,09:35,736.79,737.55,,10:10,737.55,SL,-1.681,738.47,737.24,SPY,SL25,warmup
2026-05-13,short,09:35,736.79,737.85,,10:20,737.85,SL,-1.485,738.47,737.24,SPY,SL50,warmup
2026-05-13,short,09:35,736.79,738.16,,10:20,738.16,SL,-1.376,738.47,737.24,SPY,SL75,warmup
2026-05-13,short,09:45,736.54,737.85,733.91,10:20,737.85,SL,-1.393,738.47,737.24,SPY,Video,warmup
2026-05-13,short,09:45,736.54,738.47,728.82,10:20,738.47,SL,-1.268,738.47,737.24,SPY,RetestMax,warmup
2026-05-13,short,09:45,736.54,738.47,728.82,10:20,738.47,SL,-1.268,738.47,737.24,SPY,Retest3K,warmup
2026-05-14,long,09:35,745.31,744.64,,09:55,744.64,SL,-1.778,745.0,743.56,SPY,SL25,warmup
2026-05-14,long,09:35,745.31,744.28,,09:55,744.28,SL,-1.506,745.0,743.56,SPY,SL50,warmup
2026-05-14,long,09:35,745.31,743.92,,15:55,748.08,Tagesschluss,1.885,745.0,743.56,SPY,SL75,warmup
2026-05-14,long,09:45,745.63,744.28,748.33,09:55,744.28,SL,-1.386,745.0,743.56,SPY,Video,warmup
2026-05-14,long,09:45,745.63,743.56,753.91,15:55,748.08,Tagesschluss,1.111,745.0,743.56,SPY,RetestMax,warmup
2026-05-14,long,09:45,745.63,743.56,753.91,15:55,748.08,Tagesschluss,1.111,745.0,743.56,SPY,Retest3K,warmup
2026-05-15,short,09:35,739.16,739.96,,09:40,739.96,SL,-1.643,741.93,739.31,SPY,SL25,warmup
2026-05-15,short,09:35,739.16,740.62,,09:50,740.62,SL,-1.355,741.93,739.31,SPY,SL50,warmup
2026-05-15,short,09:35,739.16,741.27,,10:15,741.27,SL,-1.245,741.93,739.31,SPY,SL75,warmup
2026-05-15,short,09:45,738.62,740.62,734.62,09:50,740.62,SL,-1.259,741.93,739.31,SPY,Video,warmup
2026-05-15,short,09:45,738.62,741.93,725.38,10:15,741.93,SL,-1.157,741.93,739.31,SPY,RetestMax,warmup
2026-05-15,short,09:45,738.62,741.93,725.38,10:15,741.93,SL,-1.157,741.93,739.31,SPY,Retest3K,warmup
2026-05-18,short,09:40,738.04,738.89,,09:45,738.89,SL,-1.608,740.06,738.5,SPY,SL25,warmup
2026-05-18,short,09:40,738.04,739.28,,09:45,739.28,SL,-1.417,740.06,738.5,SPY,SL50,warmup
2026-05-18,short,09:40,738.04,739.67,,09:50,739.67,SL,-1.318,740.06,738.5,SPY,SL75,warmup
2026-05-19,long,09:35,735.4,735.02,,09:40,735.02,SL,-2.354,735.31,734.15,SPY,SL25,warmup
2026-05-19,long,09:35,735.4,734.73,,09:40,734.73,SL,-1.768,735.31,734.15,SPY,SL50,warmup
2026-05-19,long,09:35,735.4,734.44,,09:40,734.44,SL,-1.536,735.31,734.15,SPY,SL75,warmup
2026-05-20,short,09:35,734.89,735.32,,09:40,735.32,SL,-2.197,736.1,735.06,SPY,SL25,warmup
2026-05-20,short,09:35,734.89,735.58,,09:40,735.58,SL,-1.746,736.1,735.06,SPY,SL50,warmup
2026-05-20,short,09:35,734.89,735.84,,09:40,735.84,SL,-1.542,736.1,735.06,SPY,SL75,warmup
2026-05-21,short,09:45,737.58,737.89,,09:50,737.89,SL,-2.68,738.69,737.62,SPY,SL25,warmup
2026-05-21,short,09:45,737.58,738.15,,09:50,738.15,SL,-1.899,738.69,737.62,SPY,SL50,warmup
2026-05-21,short,09:45,737.58,738.42,,09:50,738.42,SL,-1.613,738.69,737.62,SPY,SL75,warmup
2026-05-22,long,09:35,747.79,746.93,,09:50,746.93,SL,-1.61,747.36,745.65,SPY,SL25,warmup
2026-05-22,long,09:35,747.79,746.51,,10:00,746.51,SL,-1.407,747.36,745.65,SPY,SL50,warmup
2026-05-22,long,09:35,747.79,746.08,,10:00,746.08,SL,-1.305,747.36,745.65,SPY,SL75,warmup
2026-05-26,long,09:40,750.63,750.17,,09:50,750.17,SL,-2.142,750.44,749.36,SPY,SL25,warmup
2026-05-26,long,09:40,750.63,749.9,,09:50,749.9,SL,-1.719,750.44,749.36,SPY,SL50,warmup
2026-05-26,long,09:40,750.63,749.63,,09:50,749.63,SL,-1.525,750.44,749.36,SPY,SL75,warmup
2026-05-27,short,09:40,749.47,750.59,,09:55,750.59,SL,-1.467,751.3,750.36,SPY,SL25,warmup
2026-05-27,short,09:40,749.47,750.83,,10:00,750.83,SL,-1.386,751.3,750.36,SPY,SL50,warmup
2026-05-27,short,09:40,749.47,751.06,,10:00,751.06,SL,-1.33,751.3,750.36,SPY,SL75,warmup
2026-05-28,short,09:35,749.4,749.71,,09:45,749.71,SL,-2.692,750.4,749.48,SPY,SL25,warmup
2026-05-28,short,09:35,749.4,749.94,,09:50,749.94,SL,-1.972,750.4,749.48,SPY,SL50,warmup
2026-05-28,short,09:35,749.4,750.17,,09:50,750.17,SL,-1.682,750.4,749.48,SPY,SL75,warmup
2026-05-29,long,09:35,756.72,756.09,,10:25,756.09,SL,-1.844,756.29,755.5,SPY,SL25,warmup
2026-05-29,long,09:35,756.72,755.89,,10:25,755.89,SL,-1.641,756.29,755.5,SPY,SL50,warmup
2026-05-29,long,09:35,756.72,755.7,,10:35,755.7,SL,-1.517,756.29,755.5,SPY,SL75,warmup
2026-05-29,long,09:45,757.49,755.89,760.68,10:25,755.89,SL,-1.332,756.29,755.5,SPY,Video,warmup
2026-05-29,long,09:45,757.49,755.5,765.45,10:40,755.5,SL,-1.266,756.29,755.5,SPY,RetestMax,warmup
2026-05-29,long,09:45,757.49,755.5,765.45,10:40,755.5,SL,-1.266,756.29,755.5,SPY,Retest3K,warmup
2026-06-01,long,09:35,756.25,755.75,,09:55,755.75,SL,-2.053,756.1,754.69,SPY,SL25,warmup
2026-06-01,long,09:35,756.25,755.39,,10:00,755.39,SL,-1.619,756.1,754.69,SPY,SL50,warmup
2026-06-01,long,09:35,756.25,755.04,,15:55,758.44,Tagesschluss,1.688,756.1,754.69,SPY,SL75,warmup
2026-06-01,long,09:45,756.6,755.39,759.01,10:00,755.39,SL,-1.439,756.1,754.69,SPY,Video,warmup
2026-06-01,long,09:45,756.6,754.69,764.24,15:55,758.44,Tagesschluss,0.884,756.1,754.69,SPY,RetestMax,warmup
2026-06-01,long,09:45,756.6,754.69,764.24,15:55,758.44,Tagesschluss,0.884,756.1,754.69,SPY,Retest3K,warmup
2026-06-02,long,10:00,757.78,757.52,,15:55,759.47,Tagesschluss,6.051,757.74,756.86,SPY,SL25,warmup
2026-06-02,long,10:00,757.78,757.3,,15:55,759.47,Tagesschluss,3.249,757.74,756.86,SPY,SL50,warmup
2026-06-02,long,10:00,757.78,757.08,,15:55,759.47,Tagesschluss,2.22,757.74,756.86,SPY,SL75,warmup
2026-06-02,long,10:10,757.94,757.3,759.22,10:45,759.22,TP,1.763,757.74,756.86,SPY,Video,warmup
2026-06-02,long,10:10,757.94,756.86,762.26,15:55,759.47,Tagesschluss,1.276,757.74,756.86,SPY,RetestMax,warmup
2026-06-03,short,09:35,757.88,758.19,,15:55,754.19,Tagesschluss,11.242,758.8,757.99,SPY,SL25,warmup
2026-06-03,short,09:35,757.88,758.4,,15:55,754.19,Tagesschluss,6.847,758.8,757.99,SPY,SL50,warmup
2026-06-03,short,09:35,757.88,758.6,,15:55,754.19,Tagesschluss,4.923,758.8,757.99,SPY,SL75,warmup
2026-06-03,short,09:45,756.47,758.4,752.63,15:55,754.19,Tagesschluss,1.111,758.8,757.99,SPY,Video,warmup
2026-06-03,short,09:45,756.47,758.8,747.17,15:55,754.19,Tagesschluss,0.918,758.8,757.99,SPY,RetestMax,warmup
2026-06-03,short,09:45,756.47,758.8,747.17,15:55,754.19,Tagesschluss,0.918,758.8,757.99,SPY,Retest3K,warmup
2026-06-04,long,09:55,753.2,752.61,,10:00,752.61,SL,-1.893,752.99,751.47,SPY,SL25,warmup
2026-06-04,long,09:55,753.2,752.23,,10:05,752.23,SL,-1.543,752.99,751.47,SPY,SL50,warmup
2026-06-04,long,09:55,753.2,751.85,,15:55,757.05,Tagesschluss,2.74,752.99,751.47,SPY,SL75,warmup
2026-06-05,short,09:35,751.6,751.92,,15:55,737.4,Tagesschluss,43.906,752.82,751.62,SPY,SL25,warmup
2026-06-05,short,09:35,751.6,752.22,,15:55,737.4,Tagesschluss,22.662,752.82,751.62,SPY,SL50,warmup
2026-06-05,short,09:35,751.6,752.52,,15:55,737.4,Tagesschluss,15.272,752.82,751.62,SPY,SL75,warmup
2026-06-05,short,09:45,750.27,752.22,746.37,11:45,746.37,TP,1.923,752.82,751.62,SPY,Video,warmup
2026-06-05,short,09:45,750.27,752.82,740.07,14:40,740.07,TP,3.942,752.82,751.62,SPY,RetestMax,warmup
2026-06-05,short,09:45,750.27,752.82,740.07,14:40,740.07,TP,3.942,752.82,751.62,SPY,Retest3K,warmup
2026-06-08,short,09:35,741.59,742.74,,09:40,742.74,SL,-1.454,744.51,742.15,SPY,SL25,warmup
2026-06-08,short,09:35,741.59,743.33,,09:45,743.33,SL,-1.3,744.51,742.15,SPY,SL50,warmup
2026-06-08,short,09:35,741.59,743.92,,10:45,743.92,SL,-1.224,744.51,742.15,SPY,SL75,warmup
2026-06-09,long,09:35,744.39,743.93,,10:00,743.93,SL,-2.138,744.15,743.28,SPY,SL25,warmup
2026-06-09,long,09:35,744.39,743.72,,10:10,743.72,SL,-1.771,744.15,743.28,SPY,SL50,warmup
2026-06-09,long,09:35,744.39,743.5,,10:10,743.5,SL,-1.583,744.15,743.28,SPY,SL75,warmup
2026-06-09,long,09:45,745.36,743.72,748.65,10:10,743.72,SL,-1.317,744.15,743.28,SPY,Video,warmup
2026-06-09,long,09:45,745.36,743.28,753.68,10:10,743.28,SL,-1.25,744.15,743.28,SPY,RetestMax,warmup
2026-06-09,long,09:45,745.36,743.28,753.68,10:10,743.28,SL,-1.25,744.15,743.28,SPY,Retest3K,warmup
2026-06-10,long,09:35,734.6,733.43,,09:40,733.43,SL,-1.439,733.98,731.78,SPY,SL25,warmup
2026-06-10,long,09:35,734.6,732.88,,10:55,732.88,SL,-1.299,733.98,731.78,SPY,SL50,warmup
2026-06-10,long,09:35,734.6,732.33,,10:55,732.33,SL,-1.226,733.98,731.78,SPY,SL75,warmup
2026-06-10,long,09:45,736.25,732.88,742.99,10:55,732.88,SL,-1.152,733.98,731.78,SPY,Video,warmup
2026-06-10,long,09:45,736.25,731.78,754.11,11:05,731.78,SL,-1.115,733.98,731.78,SPY,RetestMax,warmup
2026-06-10,long,09:45,736.25,731.78,754.11,11:05,731.78,SL,-1.115,733.98,731.78,SPY,Retest3K,warmup
2026-06-11,long,09:45,728.6,728.19,,10:10,728.19,SL,-2.245,728.56,727.08,SPY,SL25,warmup
2026-06-11,long,09:45,728.6,727.82,,10:10,727.82,SL,-1.654,728.56,727.08,SPY,SL50,warmup
2026-06-11,long,09:45,728.6,727.45,,10:15,727.45,SL,-1.444,728.56,727.08,SPY,SL75,warmup
2026-06-11,long,09:55,731.55,727.82,739.01,10:10,727.82,SL,-1.137,728.56,727.08,SPY,Video,warmup
2026-06-11,long,09:55,731.55,727.08,749.42,10:15,727.08,SL,-1.114,728.56,727.08,SPY,RetestMax,warmup
2026-06-12,short,09:40,735.89,738.69,,10:00,738.69,SL,-1.184,740.89,737.96,SPY,SL25,warmup
2026-06-12,short,09:40,735.89,739.43,,10:05,739.43,SL,-1.146,740.89,737.96,SPY,SL50,warmup
2026-06-12,short,09:40,735.89,740.16,,10:05,740.16,SL,-1.121,740.89,737.96,SPY,SL75,warmup
2026-06-15,long,09:35,753.07,752.74,,09:40,752.74,SL,-2.567,753.06,751.76,SPY,SL25,warmup
2026-06-15,long,09:35,753.07,752.41,,15:55,754.66,Tagesschluss,2.174,753.06,751.76,SPY,SL50,warmup
2026-06-15,long,09:35,753.07,752.09,,15:55,754.66,Tagesschluss,1.458,753.06,751.76,SPY,SL75,warmup
2026-06-16,short,09:55,754.09,754.51,,10:00,754.51,SL,-2.25,755.39,754.22,SPY,SL25,warmup
2026-06-16,short,09:55,754.09,754.8,,10:05,754.8,SL,-1.739,755.39,754.22,SPY,SL50,warmup
2026-06-16,short,09:55,754.09,755.1,,10:05,755.1,SL,-1.525,755.39,754.22,SPY,SL75,warmup
2026-06-17,long,09:40,751.53,751.04,,09:50,751.04,SL,-2.084,751.32,750.22,SPY,SL25,warmup
2026-06-17,long,09:40,751.53,750.77,,09:55,750.77,SL,-1.692,751.32,750.22,SPY,SL50,warmup
2026-06-17,long,09:40,751.53,750.49,,09:55,750.49,SL,-1.508,751.32,750.22,SPY,SL75,warmup
2026-06-18,short,09:35,744.58,746.45,,10:20,746.45,SL,-1.279,748.2,745.87,SPY,SL25,warmup
2026-06-18,short,09:35,744.58,747.04,,10:45,747.04,SL,-1.213,748.2,745.87,SPY,SL50,warmup
2026-06-18,short,09:35,744.58,747.62,,13:05,747.62,SL,-1.172,748.2,745.87,SPY,SL75,warmup
2026-06-18,short,09:55,744.6,747.04,739.73,10:45,747.04,SL,-1.215,748.2,745.87,SPY,Video,warmup
2026-06-18,short,09:55,744.6,748.2,730.2,15:55,748.2,SL,-1.145,748.2,745.87,SPY,RetestMax,warmup
2026-06-22,long,09:35,749.77,748.87,,09:40,748.87,SL,-1.584,749.32,747.52,SPY,SL25,warmup
2026-06-22,long,09:35,749.77,748.42,,09:40,748.42,SL,-1.389,749.32,747.52,SPY,SL50,warmup
2026-06-22,long,09:35,749.77,747.97,,09:40,747.97,SL,-1.291,749.32,747.52,SPY,SL75,warmup
2026-06-23,long,09:35,734.38,733.75,,14:45,733.75,SL,-1.812,734.23,732.3,SPY,SL25,warmup
2026-06-23,long,09:35,734.38,733.26,,15:55,733.67,Tagesschluss,-0.768,734.23,732.3,SPY,SL50,warmup
2026-06-23,long,09:35,734.38,732.78,,15:55,733.67,Tagesschluss,-0.536,734.23,732.3,SPY,SL75,warmup
2026-06-23,long,09:45,735.39,733.26,739.63,10:20,739.63,TP,1.93,734.23,732.3,SPY,Video,warmup
2026-06-23,long,09:45,735.39,732.3,747.73,15:55,733.67,Tagesschluss,-0.604,734.23,732.3,SPY,RetestMax,warmup
2026-06-23,long,09:45,735.39,732.3,747.73,15:55,733.67,Tagesschluss,-0.604,734.23,732.3,SPY,Retest3K,warmup
2026-06-24,long,09:50,737.3,736.44,,09:55,736.44,SL,-1.601,737.15,734.32,SPY,SL25,warmup
2026-06-24,long,09:50,737.3,735.74,,10:00,735.74,SL,-1.329,737.15,734.32,SPY,SL50,warmup
2026-06-24,long,09:50,737.3,735.03,,10:15,735.03,SL,-1.227,737.15,734.32,SPY,SL75,warmup
2026-06-25,short,09:40,734.29,737.49,,10:50,737.49,SL,-1.161,739.37,736.86,SPY,SL25,warmup
2026-06-25,short,09:40,734.29,738.11,,15:55,733.27,Tagesschluss,0.228,739.37,736.86,SPY,SL50,warmup
2026-06-25,short,09:40,734.29,738.74,,15:55,733.27,Tagesschluss,0.196,739.37,736.86,SPY,SL75,warmup
2026-06-26,long,09:55,730.9,728.96,,15:55,728.96,SL,-1.264,729.66,726.86,SPY,SL25,warmup
2026-06-26,long,09:55,730.9,728.26,,15:55,728.26,SL,-1.194,729.66,726.86,SPY,SL50,warmup
2026-06-26,long,09:55,730.9,727.56,,15:55,727.56,SL,-1.153,729.66,726.86,SPY,SL75,warmup
2026-06-29,long,09:40,739.24,737.9,,09:55,737.9,SL,-1.384,738.76,735.3,SPY,SL25,warmup
2026-06-29,long,09:40,739.24,737.03,,09:55,737.03,SL,-1.234,738.76,735.3,SPY,SL50,warmup
2026-06-29,long,09:40,739.24,736.16,,10:00,736.16,SL,-1.168,738.76,735.3,SPY,SL75,warmup
2026-06-29,long,09:50,739.73,737.03,745.13,09:55,737.03,SL,-1.191,738.76,735.3,SPY,Video,warmup
2026-06-29,long,09:50,739.73,735.3,757.45,10:05,735.3,SL,-1.116,738.76,735.3,SPY,RetestMax,warmup
2026-06-30,long,09:45,742.01,741.7,,15:55,746.48,Tagesschluss,13.938,741.97,740.89,SPY,SL25,warmup
2026-06-30,long,09:45,742.01,741.43,,15:55,746.48,Tagesschluss,7.45,741.97,740.89,SPY,SL50,warmup
2026-06-30,long,09:45,742.01,741.16,,15:55,746.48,Tagesschluss,5.084,741.97,740.89,SPY,SL75,warmup
2026-06-30,long,09:55,743.47,741.43,747.55,15:05,747.55,TP,1.927,741.97,740.89,SPY,Video,warmup
2026-06-30,long,09:55,743.47,740.89,753.79,15:55,746.48,Tagesschluss,1.109,741.97,740.89,SPY,RetestMax,warmup
2026-07-01,long,09:55,745.32,744.51,,15:55,745.7,Tagesschluss,0.285,745.18,742.5,SPY,SL25,warmup
2026-07-01,long,09:55,745.32,743.84,,15:55,745.7,Tagesschluss,0.156,745.18,742.5,SPY,SL50,warmup
2026-07-01,long,09:55,745.32,743.17,,15:55,745.7,Tagesschluss,0.107,745.18,742.5,SPY,SL75,warmup
2026-07-01,long,10:05,745.63,743.84,749.21,11:25,749.21,TP,1.916,745.18,742.5,SPY,Video,warmup
2026-07-01,long,10:05,745.63,742.5,758.15,15:55,745.7,Tagesschluss,-0.025,745.18,742.5,SPY,RetestMax,warmup
2026-07-02,long,09:35,748.78,748.31,,10:25,748.31,SL,-2.126,748.72,747.1,SPY,SL25,warmup
2026-07-02,long,09:35,748.78,747.91,,10:25,747.91,SL,-1.602,748.72,747.1,SPY,SL50,warmup
2026-07-02,long,09:35,748.78,747.5,,10:40,747.5,SL,-1.41,748.72,747.1,SPY,SL75,warmup
2026-07-02,long,09:45,750.25,747.91,754.93,10:25,747.91,SL,-1.224,748.72,747.1,SPY,Video,warmup
2026-07-02,long,09:45,750.25,747.1,762.85,10:40,747.1,SL,-1.166,748.72,747.1,SPY,RetestMax,warmup
2026-07-02,long,09:45,750.25,747.1,762.85,10:40,747.1,SL,-1.166,748.72,747.1,SPY,Retest3K,warmup
2026-04-09,long,09:40,606.44,605.93,,09:45,605.93,SL,-1.836,606.42,604.47,QQQ,SL25,warmup
2026-04-09,long,09:40,606.44,605.44,,09:50,605.44,SL,-1.426,606.42,604.47,QQQ,SL50,warmup
2026-04-09,long,09:40,606.44,604.96,,09:50,604.96,SL,-1.286,606.42,604.47,QQQ,SL75,warmup
2026-04-10,short,09:35,611.63,612.06,,09:40,612.06,SL,-1.996,613.11,611.71,QQQ,SL25,warmup
2026-04-10,short,09:35,611.63,612.41,,09:45,612.41,SL,-1.549,613.11,611.71,QQQ,SL50,warmup
2026-04-10,short,09:35,611.63,612.76,,10:30,612.76,SL,-1.379,613.11,611.71,QQQ,SL75,warmup
2026-04-13,short,09:40,608.63,609.25,,09:45,609.25,SL,-1.693,609.95,609.01,QQQ,SL25,warmup
2026-04-13,short,09:40,608.63,609.48,,09:45,609.48,SL,-1.502,609.95,609.01,QQQ,SL50,warmup
2026-04-13,short,09:40,608.63,609.72,,09:45,609.72,SL,-1.393,609.95,609.01,QQQ,SL75,warmup
2026-04-14,long,09:40,622.39,621.46,,15:55,628.54,Tagesschluss,6.481,621.92,620.1,QQQ,SL25,warmup
2026-04-14,long,09:40,622.39,621.01,,15:55,628.54,Tagesschluss,4.35,621.92,620.1,QQQ,SL50,warmup
2026-04-14,long,09:40,622.39,620.55,,15:55,628.54,Tagesschluss,3.274,621.92,620.1,QQQ,SL75,warmup
2026-04-15,long,09:35,629.84,629.25,,09:40,629.25,SL,-1.747,629.52,628.44,QQQ,SL25,warmup
2026-04-15,long,09:35,629.84,628.98,,09:40,628.98,SL,-1.512,629.52,628.44,QQQ,SL50,warmup
2026-04-15,long,09:35,629.84,628.71,,09:40,628.71,SL,-1.39,629.52,628.44,QQQ,SL75,warmup
2026-04-16,short,09:35,637.4,638.02,,09:40,638.02,SL,-1.72,639.58,637.5,QQQ,SL25,warmup
2026-04-16,short,09:35,637.4,638.54,,10:45,638.54,SL,-1.392,639.58,637.5,QQQ,SL50,warmup
2026-04-16,short,09:35,637.4,639.06,,11:00,639.06,SL,-1.269,639.58,637.5,QQQ,SL75,warmup
2026-04-17,long,09:55,646.45,645.72,,15:55,648.78,Tagesschluss,3.042,646.27,644.07,QQQ,SL25,warmup
2026-04-17,long,09:55,646.45,645.17,,15:55,648.78,Tagesschluss,1.73,646.27,644.07,QQQ,SL50,warmup
2026-04-17,long,09:55,646.45,644.62,,15:55,648.78,Tagesschluss,1.208,646.27,644.07,QQQ,SL75,warmup
2026-04-17,long,10:05,647.03,645.17,650.76,15:55,648.78,Tagesschluss,0.866,646.27,644.07,QQQ,Video,warmup
2026-04-17,long,10:05,647.03,644.07,658.89,15:55,648.78,Tagesschluss,0.545,646.27,644.07,QQQ,RetestMax,warmup
2026-04-20,short,09:35,646.83,647.32,,09:50,647.32,SL,-1.928,648.75,646.84,QQQ,SL25,warmup
2026-04-20,short,09:35,646.83,647.8,,09:55,647.8,SL,-1.47,648.75,646.84,QQQ,SL50,warmup
2026-04-20,short,09:35,646.83,648.27,,15:55,646.77,Tagesschluss,-0.046,648.75,646.84,QQQ,SL75,warmup
2026-04-21,long,10:05,649.64,648.49,,10:45,648.49,SL,-1.393,649.09,646.67,QQQ,SL25,warmup
2026-04-21,long,10:05,649.64,647.88,,10:45,647.88,SL,-1.258,649.09,646.67,QQQ,SL50,warmup
2026-04-21,long,10:05,649.64,647.28,,10:55,647.28,SL,-1.192,649.09,646.67,QQQ,SL75,warmup
2026-04-21,long,10:15,650.02,647.88,654.3,10:45,647.88,SL,-1.212,649.09,646.67,QQQ,Video,warmup
2026-04-21,long,10:15,650.02,646.67,663.42,10:55,646.67,SL,-1.135,649.09,646.67,QQQ,RetestMax,warmup
2026-04-22,long,10:10,651.14,649.98,,15:55,655.08,Tagesschluss,3.289,650.46,648.55,QQQ,SL25,warmup
2026-04-22,long,10:10,651.14,649.5,,15:55,655.08,Tagesschluss,2.327,650.46,648.55,QQQ,SL50,warmup
2026-04-22,long,10:10,651.14,649.02,,15:55,655.08,Tagesschluss,1.801,650.46,648.55,QQQ,SL75,warmup
2026-04-23,long,09:35,654.31,653.26,,10:00,653.26,SL,-1.432,653.57,652.31,QQQ,SL25,warmup
2026-04-23,long,09:35,654.31,652.94,,10:00,652.94,SL,-1.333,653.57,652.31,QQQ,SL50,warmup
2026-04-23,long,09:35,654.31,652.62,,10:00,652.62,SL,-1.271,653.57,652.31,QQQ,SL75,warmup
2026-04-24,long,09:35,659.39,658.94,,09:40,658.94,SL,-2.019,659.34,657.73,QQQ,SL25,warmup
2026-04-24,long,09:35,659.39,658.54,,09:40,658.54,SL,-1.539,659.34,657.73,QQQ,SL50,warmup
2026-04-24,long,09:35,659.39,658.13,,09:50,658.13,SL,-1.366,659.34,657.73,QQQ,SL75,warmup
2026-04-27,short,09:45,661.97,662.69,,09:50,662.69,SL,-1.638,663.85,662.31,QQQ,SL25,warmup
2026-04-27,short,09:45,661.97,663.08,,09:55,663.08,SL,-1.417,663.85,662.31,QQQ,SL50,warmup
2026-04-27,short,09:45,661.97,663.46,,09:55,663.46,SL,-1.31,663.85,662.31,QQQ,SL75,warmup
2026-04-28,long,09:35,657.64,656.91,,10:30,656.91,SL,-1.633,657.46,655.28,QQQ,SL25,warmup
2026-04-28,long,09:35,657.64,656.37,,10:35,656.37,SL,-1.361,657.46,655.28,QQQ,SL50,warmup
2026-04-28,long,09:35,657.64,655.82,,10:35,655.82,SL,-1.253,657.46,655.28,QQQ,SL75,warmup
2026-04-28,long,09:45,659.38,656.37,665.4,10:35,656.37,SL,-1.153,657.46,655.28,QQQ,Video,warmup
2026-04-28,long,09:45,659.38,655.28,675.8,10:35,655.28,SL,-1.112,657.46,655.28,QQQ,RetestMax,warmup
2026-04-28,long,09:45,659.38,655.28,675.8,10:35,655.28,SL,-1.112,657.46,655.28,QQQ,Retest3K,warmup
2026-04-29,long,09:50,659.05,658.31,,10:00,658.31,SL,-1.619,658.82,656.76,QQQ,SL25,warmup
2026-04-29,long,09:50,659.05,657.79,,12:30,657.79,SL,-1.366,658.82,656.76,QQQ,SL50,warmup
2026-04-29,long,09:50,659.05,657.28,,15:55,661.58,Tagesschluss,1.351,658.82,656.76,QQQ,SL75,warmup
2026-04-30,short,09:35,660.81,662.76,,11:00,662.76,SL,-1.238,665.31,661.91,QQQ,SL25,warmup
2026-04-30,short,09:35,660.81,663.61,,11:10,663.61,SL,-1.166,665.31,661.91,QQQ,SL50,warmup
2026-04-30,short,09:35,660.81,664.46,,13:10,664.46,SL,-1.127,665.31,661.91,QQQ,SL75,warmup
2026-05-01,long,09:35,672.46,671.12,,15:55,674.16,Tagesschluss,1.174,671.89,668.8,QQQ,SL25,warmup
2026-05-01,long,09:35,672.46,670.35,,15:55,674.16,Tagesschluss,0.744,671.89,668.8,QQQ,SL50,warmup
2026-05-01,long,09:35,672.46,669.57,,15:55,674.16,Tagesschluss,0.545,671.89,668.8,QQQ,SL75,warmup
2026-05-01,long,09:50,672.95,670.35,678.16,15:55,674.16,Tagesschluss,0.413,671.89,668.8,QQQ,Video,warmup
2026-05-01,long,09:50,672.95,668.8,689.55,15:55,674.16,Tagesschluss,0.259,671.89,668.8,QQQ,RetestMax,warmup
2026-05-04,long,09:55,675.61,674.73,,10:05,674.73,SL,-1.536,675.11,673.57,QQQ,SL25,warmup
2026-05-04,long,09:55,675.61,674.34,,11:10,674.34,SL,-1.373,675.11,673.57,QQQ,SL50,warmup
2026-05-04,long,09:55,675.61,673.96,,11:15,673.96,SL,-1.286,675.11,673.57,QQQ,SL75,warmup
2026-05-05,long,09:35,679.36,678.6,,15:55,681.51,Tagesschluss,2.641,678.96,677.51,QQQ,SL25,warmup
2026-05-05,long,09:35,679.36,678.24,,15:55,681.51,Tagesschluss,1.79,678.96,677.51,QQQ,SL50,warmup
2026-05-05,long,09:35,679.36,677.87,,15:55,681.51,Tagesschluss,1.354,678.96,677.51,QQQ,SL75,warmup
2026-05-05,long,10:20,680.3,678.24,684.43,15:55,681.51,Tagesschluss,0.52,678.96,677.51,QQQ,Video,warmup
2026-05-05,long,10:20,680.3,677.51,691.46,15:55,681.51,Tagesschluss,0.385,678.96,677.51,QQQ,RetestMax,warmup
2026-05-06,long,09:40,689.97,688.49,,09:50,688.49,SL,-1.326,689.16,686.48,QQQ,SL25,warmup
2026-05-06,long,09:40,689.97,687.82,,10:05,687.82,SL,-1.224,689.16,686.48,QQQ,SL50,warmup
2026-05-06,long,09:40,689.97,687.15,,15:55,695.59,Tagesschluss,1.944,689.16,686.48,QQQ,SL75,warmup
2026-05-06,long,09:50,690.42,687.82,695.62,10:05,687.82,SL,-1.185,689.16,686.48,QQQ,Video,warmup
2026-05-06,long,09:50,690.42,686.48,706.18,15:55,695.59,Tagesschluss,1.277,689.16,686.48,QQQ,RetestMax,warmup
2026-05-07,long,09:35,697.14,696.75,,09:40,696.75,SL,-2.262,697.03,695.92,QQQ,SL25,warmup
2026-05-07,long,09:35,697.14,696.48,,09:40,696.48,SL,-1.734,697.03,695.92,QQQ,SL50,warmup
2026-05-07,long,09:35,697.14,696.2,,09:40,696.2,SL,-1.518,697.03,695.92,QQQ,SL75,warmup
2026-05-08,long,09:40,702.73,701.46,,15:55,711.11,Tagesschluss,6.513,702.11,699.53,QQQ,SL25,warmup
2026-05-08,long,09:40,702.73,700.82,,15:55,711.11,Tagesschluss,4.313,702.11,699.53,QQQ,SL50,warmup
2026-05-08,long,09:40,702.73,700.18,,15:55,711.11,Tagesschluss,3.225,702.11,699.53,QQQ,SL75,warmup
2026-05-11,long,11:45,713.62,712.57,,12:40,712.57,SL,-1.477,713.5,709.8,QQQ,SL25,warmup
2026-05-11,long,11:45,713.62,711.65,,15:55,713.35,Tagesschluss,-0.21,713.5,709.8,QQQ,SL50,warmup
2026-05-11,long,11:45,713.62,710.72,,15:55,713.35,Tagesschluss,-0.143,713.5,709.8,QQQ,SL75,warmup
2026-05-11,long,11:55,714.17,711.65,719.21,15:55,713.35,Tagesschluss,-0.382,713.5,709.8,QQQ,Video,warmup
2026-05-11,long,11:55,714.17,709.8,731.65,15:55,713.35,Tagesschluss,-0.22,713.5,709.8,QQQ,RetestMax,warmup
2026-05-12,long,09:35,708.53,708.04,,09:45,708.04,SL,-1.998,708.52,706.6,QQQ,SL25,warmup
2026-05-12,long,09:35,708.53,707.56,,09:50,707.56,SL,-1.508,708.52,706.6,QQQ,SL50,warmup
2026-05-12,long,09:35,708.53,707.08,,09:55,707.08,SL,-1.34,708.52,706.6,QQQ,SL75,warmup
2026-05-12,long,09:45,709.94,707.56,714.7,09:50,707.56,SL,-1.208,708.52,706.6,QQQ,Video,warmup
2026-05-12,long,09:45,709.94,706.6,723.3,09:55,706.6,SL,-1.148,708.52,706.6,QQQ,RetestMax,warmup
2026-05-12,long,09:45,709.94,706.6,723.3,09:55,706.6,SL,-1.148,708.52,706.6,QQQ,Retest3K,warmup
2026-05-13,short,09:35,707.94,708.7,,09:40,708.7,SL,-1.655,709.95,708.28,QQQ,SL25,warmup
2026-05-13,short,09:35,707.94,709.12,,09:40,709.12,SL,-1.422,709.95,708.28,QQQ,SL50,warmup
2026-05-13,short,09:35,707.94,709.53,,10:30,709.53,SL,-1.312,709.95,708.28,QQQ,SL75,warmup
2026-05-13,short,09:45,707.63,709.12,704.66,10:25,709.12,SL,-1.334,709.95,708.28,QQQ,Video,warmup
2026-05-13,short,09:45,707.63,709.95,698.35,10:50,709.95,SL,-1.214,709.95,708.28,QQQ,RetestMax,warmup
2026-05-13,short,09:45,707.63,709.95,698.35,10:50,709.95,SL,-1.214,709.95,708.28,QQQ,Retest3K,warmup
2026-05-14,long,09:35,717.34,715.91,,09:55,715.91,SL,-1.35,716.47,714.22,QQQ,SL25,warmup
2026-05-14,long,09:35,717.34,715.34,,15:55,719.72,Tagesschluss,1.118,716.47,714.22,QQQ,SL50,warmup
2026-05-14,long,09:35,717.34,714.78,,15:55,719.72,Tagesschluss,0.872,716.47,714.22,QQQ,SL75,warmup
2026-05-15,short,09:35,707.41,708.6,,09:40,708.6,SL,-1.417,710.4,708.0,QQQ,SL25,warmup
2026-05-15,short,09:35,707.41,709.2,,09:40,709.2,SL,-1.278,710.4,708.0,QQQ,SL50,warmup
2026-05-15,short,09:35,707.41,709.8,,09:50,709.8,SL,-1.208,710.4,708.0,QQQ,SL75,warmup
2026-05-15,short,09:45,707.35,709.2,703.65,09:50,709.2,SL,-1.268,710.4,708.0,QQQ,Video,warmup
2026-05-15,short,09:45,707.35,710.4,695.15,10:10,710.4,SL,-1.163,710.4,708.0,QQQ,RetestMax,warmup
2026-05-15,short,09:45,707.35,710.4,695.15,10:10,710.4,SL,-1.163,710.4,708.0,QQQ,Retest3K,warmup
2026-05-18,short,09:35,709.8,710.6,,09:55,710.6,SL,-1.622,712.07,710.11,QQQ,SL25,warmup
2026-05-18,short,09:35,709.8,711.09,,15:55,705.7,Tagesschluss,3.069,712.07,710.11,QQQ,SL50,warmup
2026-05-18,short,09:35,709.8,711.58,,15:55,705.7,Tagesschluss,2.224,712.07,710.11,QQQ,SL75,warmup
2026-05-18,short,09:45,707.26,711.09,699.6,14:25,699.6,TP,1.963,712.07,710.11,QQQ,Video,warmup
2026-05-18,short,09:45,707.26,712.07,688.02,15:55,705.7,Tagesschluss,0.295,712.07,710.11,QQQ,RetestMax,warmup
2026-05-18,short,09:45,707.26,712.07,688.02,15:55,705.7,Tagesschluss,0.295,712.07,710.11,QQQ,Retest3K,warmup
2026-05-19,long,09:35,704.36,702.52,,09:40,702.52,SL,-1.267,703.43,699.81,QQQ,SL25,warmup
2026-05-19,long,09:35,704.36,701.62,,09:40,701.62,SL,-1.179,703.43,699.81,QQQ,SL50,warmup
2026-05-19,long,09:35,704.36,700.71,,09:45,700.71,SL,-1.134,703.43,699.81,QQQ,SL75,warmup
2026-05-20,short,09:35,705.1,705.77,,09:40,705.77,SL,-1.74,707.29,705.26,QQQ,SL25,warmup
2026-05-20,short,09:35,705.1,706.27,,09:40,706.27,SL,-1.421,707.29,705.26,QQQ,SL50,warmup
2026-05-20,short,09:35,705.1,706.78,,09:40,706.78,SL,-1.294,707.29,705.26,QQQ,SL75,warmup
2026-05-21,long,09:50,710.85,709.63,,09:55,709.63,SL,-1.406,710.19,707.94,QQQ,SL25,warmup
2026-05-21,long,09:50,710.85,709.07,,10:15,709.07,SL,-1.278,710.19,707.94,QQQ,SL50,warmup
2026-05-21,long,09:50,710.85,708.5,,10:15,708.5,SL,-1.211,710.19,707.94,QQQ,SL75,warmup
2026-05-21,long,10:00,711.35,709.07,715.92,10:15,709.07,SL,-1.217,710.19,707.94,QQQ,Video,warmup
2026-05-21,long,10:00,711.35,707.94,724.99,10:20,707.94,SL,-1.145,710.19,707.94,QQQ,RetestMax,warmup
2026-05-22,long,09:35,720.8,719.32,,09:40,719.32,SL,-1.341,719.96,717.42,QQQ,SL25,warmup
2026-05-22,long,09:35,720.8,718.69,,09:50,718.69,SL,-1.238,719.96,717.42,QQQ,SL50,warmup
2026-05-22,long,09:35,720.8,718.05,,10:00,718.05,SL,-1.183,719.96,717.42,QQQ,SL75,warmup
2026-05-26,long,09:45,727.66,726.2,,09:50,726.2,SL,-1.348,726.76,724.51,QQQ,SL25,warmup
2026-05-26,long,09:45,727.66,725.64,,11:55,725.64,SL,-1.251,726.76,724.51,QQQ,SL50,warmup
2026-05-26,long,09:45,727.66,725.07,,15:55,730.22,Tagesschluss,0.931,726.76,724.51,QQQ,SL75,warmup
2026-05-26,long,09:55,727.86,725.64,732.31,11:55,725.64,SL,-1.228,726.76,724.51,QQQ,Video,warmup
2026-05-26,long,09:55,727.86,724.51,741.26,15:55,730.22,Tagesschluss,0.659,726.76,724.51,QQQ,RetestMax,warmup
2026-05-27,short,09:35,730.03,731.7,,15:55,729.49,Tagesschluss,0.236,733.32,731.16,QQQ,SL25,warmup
2026-05-27,short,09:35,730.03,732.24,,15:55,729.49,Tagesschluss,0.178,733.32,731.16,QQQ,SL50,warmup
2026-05-27,short,09:35,730.03,732.78,,15:55,729.49,Tagesschluss,0.143,733.32,731.16,QQQ,SL75,warmup
2026-05-27,short,10:05,729.27,732.24,723.33,15:55,729.49,Tagesschluss,-0.123,733.32,731.16,QQQ,Video,warmup
2026-05-27,short,10:05,729.27,733.32,713.07,15:55,729.49,Tagesschluss,-0.09,733.32,731.16,QQQ,RetestMax,warmup
2026-05-28,short,09:35,728.0,729.21,,10:05,729.21,SL,-1.423,731.12,728.57,QQQ,SL25,warmup
2026-05-28,short,09:35,728.0,729.85,,10:10,729.85,SL,-1.277,731.12,728.57,QQQ,SL50,warmup
2026-05-28,short,09:35,728.0,730.48,,10:10,730.48,SL,-1.206,731.12,728.57,QQQ,SL75,warmup
2026-05-28,short,09:45,727.04,729.85,721.43,10:10,729.85,SL,-1.182,731.12,728.57,QQQ,Video,warmup
2026-05-28,short,09:45,727.04,731.12,710.72,10:10,731.12,SL,-1.125,731.12,728.57,QQQ,RetestMax,warmup
2026-05-28,short,09:45,727.04,731.12,710.72,10:10,731.12,SL,-1.125,731.12,728.57,QQQ,Retest3K,warmup
2026-05-29,long,09:40,739.78,738.53,,10:15,738.53,SL,-1.415,738.9,737.43,QQQ,SL25,warmup
2026-05-29,long,09:40,739.78,738.17,,10:20,738.17,SL,-1.32,738.9,737.43,QQQ,SL50,warmup
2026-05-29,long,09:40,739.78,737.8,,10:25,737.8,SL,-1.261,738.9,737.43,QQQ,SL75,warmup
2026-06-01,long,09:35,739.41,738.31,,09:50,738.31,SL,-1.468,738.98,736.3,QQQ,SL25,warmup
2026-06-01,long,09:35,739.41,737.64,,09:55,737.64,SL,-1.291,738.98,736.3,QQQ,SL50,warmup
2026-06-01,long,09:35,739.41,736.97,,09:55,736.97,SL,-1.211,738.98,736.3,QQQ,SL75,warmup
2026-06-02,short,09:35,740.21,740.91,,09:40,740.91,SL,-1.738,742.66,740.33,QQQ,SL25,warmup
2026-06-02,short,09:35,740.21,741.49,,09:45,741.49,SL,-1.404,742.66,740.33,QQQ,SL50,warmup
2026-06-02,short,09:35,740.21,742.08,,09:45,742.08,SL,-1.278,742.66,740.33,QQQ,SL75,warmup
2026-06-03,short,09:40,744.2,746.91,,10:40,746.91,SL,-1.193,748.63,746.34,QQQ,SL25,warmup
2026-06-03,short,09:40,744.2,747.49,,15:55,744.25,Tagesschluss,-0.062,748.63,746.34,QQQ,SL50,warmup
2026-06-03,short,09:40,744.2,748.06,,15:55,744.25,Tagesschluss,-0.053,748.63,746.34,QQQ,SL75,warmup
2026-06-03,short,10:20,745.27,747.49,740.84,15:55,744.25,Tagesschluss,0.391,748.63,746.34,QQQ,Video,warmup
2026-06-03,short,10:20,745.27,748.63,731.83,15:55,744.25,Tagesschluss,0.258,748.63,746.34,QQQ,RetestMax,warmup
2026-06-04,short,10:00,733.73,734.94,,10:10,734.94,SL,-1.424,737.56,734.07,QQQ,SL25,warmup
2026-06-04,short,10:00,733.73,735.82,,10:15,735.82,SL,-1.247,737.56,734.07,QQQ,SL50,warmup
2026-06-04,short,10:00,733.73,736.69,,10:20,736.69,SL,-1.174,737.56,734.07,QQQ,SL75,warmup
2026-06-05,short,09:40,727.5,729.77,,15:55,705.21,Tagesschluss,9.767,731.68,729.13,QQQ,SL25,warmup
2026-06-05,short,09:40,727.5,730.4,,15:55,705.21,Tagesschluss,7.624,731.68,729.13,QQQ,SL50,warmup
2026-06-05,short,09:40,727.5,731.04,,15:55,705.21,Tagesschluss,6.252,731.68,729.13,QQQ,SL75,warmup
2026-06-08,short,09:55,713.54,716.13,,10:05,716.13,SL,-1.194,719.21,715.1,QQQ,SL25,warmup
2026-06-08,short,09:55,713.54,717.15,,10:25,717.15,SL,-1.139,719.21,715.1,QQQ,SL50,warmup
2026-06-08,short,09:55,713.54,718.18,,10:30,718.18,SL,-1.108,719.21,715.1,QQQ,SL75,warmup
2026-06-09,long,09:40,723.7,722.4,,09:55,722.4,SL,-1.391,723.04,720.5,QQQ,SL25,warmup
2026-06-09,long,09:40,723.7,721.77,,09:55,721.77,SL,-1.262,723.04,720.5,QQQ,SL50,warmup
2026-06-09,long,09:40,723.7,721.13,,10:00,721.13,SL,-1.197,723.04,720.5,QQQ,SL75,warmup
2026-06-10,long,09:35,704.23,702.97,,09:40,702.97,SL,-1.39,704.03,699.8,QQQ,SL25,warmup
2026-06-10,long,09:35,704.23,701.91,,09:40,701.91,SL,-1.212,704.03,699.8,QQQ,SL50,warmup
2026-06-10,long,09:35,704.23,700.86,,11:05,700.86,SL,-1.146,704.03,699.8,QQQ,SL75,warmup
2026-06-10,long,09:45,707.43,701.91,718.46,10:55,701.91,SL,-1.089,704.03,699.8,QQQ,Video,warmup
2026-06-10,long,09:45,707.43,699.8,737.95,11:10,699.8,SL,-1.064,704.03,699.8,QQQ,RetestMax,warmup
2026-06-10,long,09:45,707.43,699.8,737.95,11:10,699.8,SL,-1.064,704.03,699.8,QQQ,Retest3K,warmup
2026-06-11,long,09:45,700.85,699.59,,10:15,699.59,SL,-1.39,700.34,697.35,QQQ,SL25,warmup
2026-06-11,long,09:45,700.85,698.85,,10:55,698.85,SL,-1.244,700.34,697.35,QQQ,SL50,warmup
2026-06-11,long,09:45,700.85,698.1,,10:55,698.1,SL,-1.178,700.34,697.35,QQQ,SL75,warmup
2026-06-12,short,09:40,712.44,714.23,,09:50,714.23,SL,-1.28,717.67,713.08,QQQ,SL25,warmup
2026-06-12,short,09:40,712.44,715.38,,09:55,715.38,SL,-1.171,717.67,713.08,QQQ,SL50,warmup
2026-06-12,short,09:40,712.44,716.52,,10:00,716.52,SL,-1.123,717.67,713.08,QQQ,SL75,warmup
2026-06-15,long,09:40,739.66,738.97,,10:20,738.97,SL,-1.75,739.5,737.38,QQQ,SL25,warmup
2026-06-15,long,09:40,739.66,738.44,,15:55,743.81,Tagesschluss,3.28,739.5,737.38,QQQ,SL50,warmup
2026-06-15,long,09:40,739.66,737.91,,15:55,743.81,Tagesschluss,2.287,739.5,737.38,QQQ,SL75,warmup
2026-06-15,long,09:50,741.66,738.44,748.1,15:55,743.81,Tagesschluss,0.622,739.5,737.38,QQQ,Video,warmup
2026-06-15,long,09:50,741.66,737.38,758.78,15:55,743.81,Tagesschluss,0.468,739.5,737.38,QQQ,RetestMax,warmup
2026-06-16,long,09:45,743.54,742.08,,09:55,742.08,SL,-1.356,742.5,740.82,QQQ,SL25,warmup
2026-06-16,long,09:45,743.54,741.66,,10:15,741.66,SL,-1.276,742.5,740.82,QQQ,SL50,warmup
2026-06-16,long,09:45,743.54,741.24,,10:15,741.24,SL,-1.226,742.5,740.82,QQQ,SL75,warmup
2026-06-17,short,09:35,732.42,733.32,,09:40,733.32,SL,-1.569,735.25,732.68,QQQ,SL25,warmup
2026-06-17,short,09:35,732.42,733.96,,09:40,733.96,SL,-1.332,735.25,732.68,QQQ,SL50,warmup
2026-06-17,short,09:35,732.42,734.61,,09:40,734.61,SL,-1.235,735.25,732.68,QQQ,SL75,warmup
2026-06-18,short,09:35,733.86,735.34,,09:50,735.34,SL,-1.348,737.64,734.57,QQQ,SL25,warmup
2026-06-18,short,09:35,733.86,736.11,,10:05,736.11,SL,-1.229,737.64,734.57,QQQ,SL50,warmup
2026-06-18,short,09:35,733.86,736.87,,10:05,736.87,SL,-1.171,737.64,734.57,QQQ,SL75,warmup
2026-06-22,long,09:35,744.34,743.12,,09:40,743.12,SL,-1.425,744.01,740.43,QQQ,SL25,warmup
2026-06-22,long,09:35,744.34,742.22,,09:40,742.22,SL,-1.245,744.01,740.43,QQQ,SL50,warmup
2026-06-22,long,09:35,744.34,741.32,,09:40,741.32,SL,-1.172,744.01,740.43,QQQ,SL75,warmup
2026-06-23,long,09:35,717.23,716.07,,09:45,716.07,SL,-1.432,717.0,713.28,QQQ,SL25,warmup
2026-06-23,long,09:35,717.23,715.14,,11:40,715.14,SL,-1.24,717.0,713.28,QQQ,SL50,warmup
2026-06-23,long,09:35,717.23,714.21,,14:40,714.21,SL,-1.166,717.0,713.28,QQQ,SL75,warmup
2026-06-24,short,10:15,712.38,714.78,,10:25,714.78,SL,-1.208,718.47,713.55,QQQ,SL25,warmup
2026-06-24,short,10:15,712.38,716.01,,10:30,716.01,SL,-1.138,718.47,713.55,QQQ,SL50,warmup
2026-06-24,short,10:15,712.38,717.24,,10:45,717.24,SL,-1.103,718.47,713.55,QQQ,SL75,warmup
2026-06-25,short,09:35,722.09,724.05,,15:55,716.26,Tagesschluss,2.897,726.76,723.15,QQQ,SL25,warmup
2026-06-25,short,09:35,722.09,724.96,,15:55,716.26,Tagesschluss,1.985,726.76,723.15,QQQ,SL50,warmup
2026-06-25,short,09:35,722.09,725.86,,15:55,716.26,Tagesschluss,1.509,726.76,723.15,QQQ,SL75,warmup
2026-06-26,long,09:55,709.12,706.24,,15:55,706.24,SL,-1.172,707.38,702.81,QQQ,SL25,warmup
2026-06-26,long,09:55,709.12,705.1,,15:55,705.54,Tagesschluss,-0.925,707.38,702.81,QQQ,SL50,warmup
2026-06-26,long,09:55,709.12,703.95,,15:55,705.54,Tagesschluss,-0.72,707.38,702.81,QQQ,SL75,warmup
2026-06-29,long,09:40,717.29,715.69,,09:55,715.69,SL,-1.313,716.96,711.88,QQQ,SL25,warmup
2026-06-29,long,09:40,717.29,714.42,,09:55,714.42,SL,-1.174,716.96,711.88,QQQ,SL50,warmup
2026-06-29,long,09:40,717.29,713.15,,09:55,713.15,SL,-1.121,716.96,711.88,QQQ,SL75,warmup
2026-06-30,long,09:35,727.68,726.67,,15:55,735.76,Tagesschluss,7.817,727.58,723.92,QQQ,SL25,warmup
2026-06-30,long,09:35,727.68,725.75,,15:55,735.76,Tagesschluss,4.111,727.58,723.92,QQQ,SL50,warmup
2026-06-30,long,09:35,727.68,724.83,,15:55,735.76,Tagesschluss,2.789,727.58,723.92,QQQ,SL75,warmup
2026-06-30,long,09:45,728.9,725.75,735.2,12:15,735.2,TP,1.954,727.58,723.92,QQQ,Video,warmup
2026-06-30,long,09:45,728.9,723.92,748.82,15:55,735.76,Tagesschluss,1.348,727.58,723.92,QQQ,RetestMax,warmup
2026-06-30,long,09:45,728.9,723.92,748.82,15:55,735.76,Tagesschluss,1.348,727.58,723.92,QQQ,Retest3K,warmup
2026-07-01,long,09:55,730.17,728.77,,10:30,728.77,SL,-1.364,729.7,725.98,QQQ,SL25,warmup
2026-07-01,long,09:55,730.17,727.84,,10:45,727.84,SL,-1.219,729.7,725.98,QQQ,SL50,warmup
2026-07-01,long,09:55,730.17,726.91,,10:45,726.91,SL,-1.156,729.7,725.98,QQQ,SL75,warmup
2026-07-01,long,10:05,730.8,727.84,736.72,10:45,727.84,SL,-1.172,729.7,725.98,QQQ,Video,warmup
2026-07-01,long,10:05,730.8,725.98,750.08,14:45,725.98,SL,-1.106,729.7,725.98,QQQ,RetestMax,warmup
2026-07-02,long,09:45,728.1,726.24,,10:20,726.24,SL,-1.273,727.02,723.88,QQQ,SL25,warmup
2026-07-02,long,09:45,728.1,725.45,,10:25,725.45,SL,-1.192,727.02,723.88,QQQ,SL50,warmup
2026-07-02,long,09:45,728.1,724.67,,10:25,724.67,SL,-1.148,727.02,723.88,QQQ,SL75,warmup
2026-04-09,short,10:15,12.02,12.07,,11:15,12.07,SL,-1.186,12.12,12.05,F,SL25,warmup
2026-04-09,short,10:15,12.02,12.09,,11:15,12.09,SL,-1.134,12.12,12.05,F,SL50,warmup
2026-04-09,short,10:15,12.02,12.1,,11:15,12.1,SL,-1.105,12.12,12.05,F,SL75,warmup
2026-04-10,short,10:05,12.25,12.31,,15:55,12.12,Tagesschluss,2.254,12.42,12.27,F,SL25,warmup
2026-04-10,short,10:05,12.25,12.35,,15:55,12.12,Tagesschluss,1.38,12.42,12.27,F,SL50,warmup
2026-04-10,short,10:05,12.25,12.38,,15:55,12.12,Tagesschluss,0.995,12.42,12.27,F,SL75,warmup
2026-04-13,long,10:55,12.09,12.01,,11:35,12.01,SL,-1.109,12.04,11.93,F,SL25,warmup
2026-04-13,long,10:55,12.09,11.99,,11:40,11.99,SL,-1.08,12.04,11.93,F,SL50,warmup
2026-04-13,long,10:55,12.09,11.96,,15:55,12.16,Tagesschluss,0.51,12.04,11.93,F,SL75,warmup
2026-04-14,long,09:35,12.6,12.53,,15:55,12.69,Tagesschluss,1.206,12.56,12.45,F,SL25,warmup
2026-04-14,long,09:35,12.6,12.51,,15:55,12.69,Tagesschluss,0.875,12.56,12.45,F,SL50,warmup
2026-04-14,long,09:35,12.6,12.48,,15:55,12.69,Tagesschluss,0.686,12.56,12.45,F,SL75,warmup
2026-04-15,short,09:40,12.56,12.64,,12:25,12.64,SL,-1.126,12.74,12.6,F,SL25,warmup
2026-04-15,short,09:40,12.56,12.67,,12:30,12.67,SL,-1.084,12.74,12.6,F,SL50,warmup
2026-04-15,short,09:40,12.56,12.7,,14:20,12.7,SL,-1.063,12.74,12.6,F,SL75,warmup
2026-04-15,short,10:00,12.57,12.67,12.37,12:30,12.67,SL,-1.089,12.74,12.6,F,Video,warmup
2026-04-15,short,10:00,12.57,12.74,11.89,14:45,12.74,SL,-1.052,12.74,12.6,F,RetestMax,warmup
2026-04-16,short,09:35,12.64,12.67,,09:50,12.67,SL,-1.222,12.75,12.65,F,SL25,warmup
2026-04-16,short,09:35,12.64,12.7,,09:50,12.7,SL,-1.137,12.75,12.65,F,SL50,warmup
2026-04-16,short,09:35,12.64,12.72,,15:55,12.44,Tagesschluss,2.194,12.75,12.65,F,SL75,warmup
2026-04-17,long,09:50,12.81,12.75,,15:55,12.87,Tagesschluss,1.082,12.79,12.62,F,SL25,warmup
2026-04-17,long,09:50,12.81,12.7,,15:55,12.87,Tagesschluss,0.623,12.79,12.62,F,SL50,warmup
2026-04-17,long,09:50,12.81,12.66,,15:55,12.87,Tagesschluss,0.437,12.79,12.62,F,SL75,warmup
2026-04-21,long,09:35,12.95,12.92,,10:55,12.92,SL,-1.291,12.94,12.86,F,SL25,warmup
2026-04-21,long,09:35,12.95,12.9,,10:55,12.9,SL,-1.173,12.94,12.86,F,SL50,warmup
2026-04-21,long,09:35,12.95,12.88,,10:55,12.88,SL,-1.123,12.94,12.86,F,SL75,warmup
2026-04-21,long,09:45,13.0,12.9,13.19,10:55,12.9,SL,-1.093,12.94,12.86,F,Video,warmup
2026-04-21,long,09:45,13.0,12.86,13.56,11:05,12.86,SL,-1.065,12.94,12.86,F,RetestMax,warmup
2026-04-21,long,09:45,13.0,12.86,13.56,11:05,12.86,SL,-1.065,12.94,12.86,F,Retest3K,warmup
2026-04-22,short,09:40,12.79,12.83,,15:55,12.62,Tagesschluss,3.9,12.88,12.81,F,SL25,warmup
2026-04-22,short,09:40,12.79,12.85,,15:55,12.62,Tagesschluss,2.827,12.88,12.81,F,SL50,warmup
2026-04-22,short,09:40,12.79,12.86,,15:55,12.62,Tagesschluss,2.216,12.88,12.81,F,SL75,warmup
2026-04-22,short,10:00,12.77,12.85,12.62,14:15,12.62,TP,1.967,12.88,12.81,F,Video,warmup
2026-04-22,short,10:00,12.77,12.88,12.33,15:55,12.62,Tagesschluss,1.344,12.88,12.81,F,RetestMax,warmup
2026-04-23,long,09:35,12.68,12.65,,09:40,12.65,SL,-1.443,12.67,12.61,F,SL25,warmup
2026-04-23,long,09:35,12.68,12.64,,09:55,12.64,SL,-1.253,12.67,12.61,F,SL50,warmup
2026-04-23,long,09:35,12.68,12.62,,10:00,12.62,SL,-1.177,12.67,12.61,F,SL75,warmup
2026-04-23,long,09:45,12.68,12.64,12.76,09:55,12.64,SL,-1.221,12.67,12.61,F,Video,warmup
2026-04-23,long,09:45,12.68,12.61,12.96,10:05,12.61,SL,-1.126,12.67,12.61,F,RetestMax,warmup
2026-04-23,long,09:45,12.68,12.61,12.96,10:05,12.61,SL,-1.126,12.67,12.61,F,Retest3K,warmup
2026-04-24,short,10:05,12.35,12.38,,10:30,12.38,SL,-1.289,12.45,12.35,F,SL25,warmup
2026-04-24,short,10:05,12.35,12.4,,11:40,12.4,SL,-1.158,12.45,12.35,F,SL50,warmup
2026-04-24,short,10:05,12.35,12.42,,11:45,12.42,SL,-1.109,12.45,12.35,F,SL75,warmup
2026-04-24,short,10:15,12.29,12.4,12.07,11:40,12.4,SL,-1.079,12.45,12.35,F,Video,warmup
2026-04-24,short,10:15,12.29,12.45,11.65,11:45,12.45,SL,-1.054,12.45,12.35,F,RetestMax,warmup
2026-04-28,short,09:55,12.27,12.36,,10:25,12.36,SL,-1.097,12.52,12.31,F,SL25,warmup
2026-04-28,short,09:55,12.27,12.42,,15:55,12.4,Tagesschluss,-0.905,12.52,12.31,F,SL50,warmup
2026-04-28,short,09:55,12.27,12.47,,15:55,12.4,Tagesschluss,-0.661,12.52,12.31,F,SL75,warmup
2026-04-29,short,09:35,12.22,12.31,,15:55,12.27,Tagesschluss,-0.535,12.38,12.28,F,SL25,warmup
2026-04-29,short,09:35,12.22,12.33,,15:55,12.27,Tagesschluss,-0.422,12.38,12.28,F,SL50,warmup
2026-04-29,short,09:35,12.22,12.36,,15:55,12.27,Tagesschluss,-0.348,12.38,12.28,F,SL75,warmup
2026-04-29,short,10:40,12.27,12.33,12.13,15:55,12.27,Tagesschluss,-0.036,12.38,12.28,F,Video,warmup
2026-04-29,short,10:40,12.27,12.38,11.81,15:55,12.27,Tagesschluss,-0.021,12.38,12.28,F,RetestMax,warmup
2026-04-30,long,09:40,11.77,11.66,,15:55,12.08,Tagesschluss,3.126,11.73,11.47,F,SL25,warmup
2026-04-30,long,09:40,11.77,11.6,,15:55,12.08,Tagesschluss,1.895,11.73,11.47,F,SL50,warmup
2026-04-30,long,09:40,11.77,11.54,,15:55,12.08,Tagesschluss,1.359,11.73,11.47,F,SL75,warmup
2026-05-01,short,09:35,11.89,11.97,,09:55,11.97,SL,-1.098,12.07,11.94,F,SL25,warmup
2026-05-01,short,09:35,11.89,12.0,,09:55,12.0,SL,-1.071,12.07,11.94,F,SL50,warmup
2026-05-01,short,09:35,11.89,12.04,,15:55,11.87,Tagesschluss,0.097,12.07,11.94,F,SL75,warmup
2026-05-04,short,09:35,11.78,11.82,,15:55,11.5,Tagesschluss,8.076,11.88,11.8,F,SL25,warmup
2026-05-04,short,09:35,11.78,11.84,,15:55,11.5,Tagesschluss,5.139,11.88,11.8,F,SL50,warmup
2026-05-04,short,09:35,11.78,11.86,,15:55,11.5,Tagesschluss,3.769,11.88,11.8,F,SL75,warmup
2026-05-05,long,10:05,11.73,11.66,,15:55,11.69,Tagesschluss,-0.616,11.69,11.56,F,SL25,warmup
2026-05-05,long,10:05,11.73,11.62,,15:55,11.69,Tagesschluss,-0.413,11.69,11.56,F,SL50,warmup
2026-05-05,long,10:05,11.73,11.59,,15:55,11.69,Tagesschluss,-0.311,11.69,11.56,F,SL75,warmup
2026-05-05,long,10:25,11.74,11.62,11.97,15:55,11.69,Tagesschluss,-0.488,11.69,11.56,F,Video,warmup
2026-05-05,long,10:25,11.74,11.56,12.48,15:55,11.69,Tagesschluss,-0.31,11.69,11.56,F,RetestMax,warmup
2026-05-06,long,09:35,12.14,12.07,,10:00,12.07,SL,-1.125,12.11,11.94,F,SL25,warmup
2026-05-06,long,09:35,12.14,12.02,,15:55,12.16,Tagesschluss,0.251,12.11,11.94,F,SL50,warmup
2026-05-06,long,09:35,12.14,11.98,,15:55,12.16,Tagesschluss,0.181,12.11,11.94,F,SL75,warmup
2026-05-07,short,10:20,12.19,12.23,,10:30,12.23,SL,-1.274,12.29,12.2,F,SL25,warmup
2026-05-07,short,10:20,12.19,12.25,,10:35,12.25,SL,-1.163,12.29,12.2,F,SL50,warmup
2026-05-07,short,10:20,12.19,12.27,,15:55,12.18,Tagesschluss,0.17,12.29,12.2,F,SL75,warmup
2026-05-08,long,11:45,12.35,12.31,,11:55,12.31,SL,-1.202,12.35,12.18,F,SL25,warmup
2026-05-08,long,11:45,12.35,12.27,,12:30,12.27,SL,-1.101,12.35,12.18,F,SL50,warmup
2026-05-08,long,11:45,12.35,12.22,,13:10,12.22,SL,-1.067,12.35,12.18,F,SL75,warmup
2026-05-11,short,09:35,12.18,12.3,,15:55,12.04,Tagesschluss,1.171,12.39,12.27,F,SL25,warmup
2026-05-11,short,09:35,12.18,12.33,,15:55,12.04,Tagesschluss,0.937,12.39,12.27,F,SL50,warmup
2026-05-11,short,09:35,12.18,12.36,,15:55,12.04,Tagesschluss,0.781,12.39,12.27,F,SL75,warmup
2026-05-11,short,09:50,12.21,12.33,11.97,15:55,12.04,Tagesschluss,1.434,12.39,12.27,F,Video,warmup
2026-05-11,short,09:50,12.21,12.39,11.49,15:55,12.04,Tagesschluss,0.954,12.39,12.27,F,RetestMax,warmup
2026-05-12,long,10:40,11.97,11.92,,11:05,11.92,SL,-1.172,11.96,11.8,F,SL25,warmup
2026-05-12,long,10:40,11.97,11.88,,11:35,11.88,SL,-1.093,11.96,11.8,F,SL50,warmup
2026-05-12,long,10:40,11.97,11.84,,15:55,11.98,Tagesschluss,0.053,11.96,11.8,F,SL75,warmup
2026-05-12,long,10:50,11.98,11.88,12.18,11:35,11.88,SL,-1.085,11.96,11.8,F,Video,warmup
2026-05-12,long,10:50,11.98,11.8,12.7,15:55,11.98,Tagesschluss,-0.013,11.96,11.8,F,RetestMax,warmup
2026-05-13,long,09:55,12.45,12.26,,15:55,13.59,Tagesschluss,5.883,12.36,11.97,F,SL25,warmup
2026-05-13,long,09:55,12.45,12.16,,15:55,13.59,Tagesschluss,3.905,12.36,11.97,F,SL50,warmup
2026-05-13,long,09:55,12.45,12.07,,15:55,13.59,Tagesschluss,2.922,12.36,11.97,F,SL75,warmup
2026-05-14,long,09:45,14.22,14.02,,15:55,14.47,Tagesschluss,1.293,14.15,13.63,F,SL25,warmup
2026-05-14,long,09:45,14.22,13.89,,15:55,14.47,Tagesschluss,0.776,14.15,13.63,F,SL50,warmup
2026-05-14,long,09:45,14.22,13.76,,15:55,14.47,Tagesschluss,0.554,14.15,13.63,F,SL75,warmup
2026-05-15,short,09:35,13.64,13.83,,15:55,13.41,Tagesschluss,1.126,14.05,13.76,F,SL25,warmup
2026-05-15,short,09:35,13.64,13.91,,15:55,13.41,Tagesschluss,0.823,14.05,13.76,F,SL50,warmup
2026-05-15,short,09:35,13.64,13.98,,15:55,13.41,Tagesschluss,0.649,14.05,13.76,F,SL75,warmup
2026-05-18,short,09:35,13.32,13.53,,15:55,13.03,Tagesschluss,1.408,13.99,13.38,F,SL25,warmup
2026-05-18,short,09:35,13.32,13.68,,15:55,13.03,Tagesschluss,0.812,13.99,13.38,F,SL50,warmup
2026-05-18,short,09:35,13.32,13.84,,15:55,13.03,Tagesschluss,0.57,13.99,13.38,F,SL75,warmup
2026-05-19,short,09:40,12.74,12.78,,09:45,12.78,SL,-1.255,12.87,12.75,F,SL25,warmup
2026-05-19,short,09:40,12.74,12.81,,09:45,12.81,SL,-1.138,12.87,12.75,F,SL50,warmup
2026-05-19,short,09:40,12.74,12.84,,09:45,12.84,SL,-1.095,12.87,12.75,F,SL75,warmup
2026-05-20,long,10:20,13.11,13.06,,15:55,13.2,Tagesschluss,1.569,13.11,12.92,F,SL25,warmup
2026-05-20,long,10:20,13.11,13.01,,15:55,13.2,Tagesschluss,0.824,13.11,12.92,F,SL50,warmup
2026-05-20,long,10:20,13.11,12.97,,15:55,13.2,Tagesschluss,0.558,13.11,12.92,F,SL75,warmup
2026-05-20,long,10:30,13.14,13.01,13.39,15:55,13.2,Tagesschluss,0.459,13.11,12.92,F,Video,warmup
2026-05-20,long,10:30,13.14,12.92,14.02,15:55,13.2,Tagesschluss,0.261,13.11,12.92,F,RetestMax,warmup
2026-05-21,long,09:35,13.3,13.22,,09:40,13.22,SL,-1.128,13.25,13.14,F,SL25,warmup
2026-05-21,long,09:35,13.3,13.2,,15:55,13.67,Tagesschluss,3.723,13.25,13.14,F,SL50,warmup
2026-05-21,long,09:35,13.3,13.17,,15:55,13.67,Tagesschluss,2.92,13.25,13.14,F,SL75,warmup
2026-05-22,long,09:50,14.2,14.08,,15:55,14.94,Tagesschluss,5.781,14.18,13.77,F,SL25,warmup
2026-05-22,long,09:50,14.2,13.98,,15:55,14.94,Tagesschluss,3.205,14.18,13.77,F,SL50,warmup
2026-05-22,long,09:50,14.2,13.87,,15:55,14.94,Tagesschluss,2.217,14.18,13.77,F,SL75,warmup
2026-05-22,long,10:00,14.24,13.98,14.78,10:45,14.78,TP,1.989,14.18,13.77,F,Video,warmup
2026-05-22,long,10:00,14.24,13.77,16.14,15:55,14.94,Tagesschluss,1.468,14.18,13.77,F,RetestMax,warmup
2026-05-26,long,09:45,15.14,15.03,,15:55,15.32,Tagesschluss,1.739,15.11,14.78,F,SL25,warmup
2026-05-26,long,09:45,15.14,14.94,,15:55,15.32,Tagesschluss,0.984,15.11,14.78,F,SL50,warmup
2026-05-26,long,09:45,15.14,14.86,,15:55,15.32,Tagesschluss,0.686,15.11,14.78,F,SL75,warmup
2026-05-26,long,09:55,15.2,14.94,15.71,15:55,15.32,Tagesschluss,0.478,15.11,14.78,F,Video,warmup
2026-05-26,long,09:55,15.2,14.78,16.88,15:55,15.32,Tagesschluss,0.29,15.11,14.78,F,RetestMax,warmup
2026-05-27,long,09:55,15.86,15.77,,10:00,15.77,SL,-1.113,15.85,15.52,F,SL25,warmup
2026-05-27,long,09:55,15.86,15.69,,15:55,15.89,Tagesschluss,0.121,15.85,15.52,F,SL50,warmup
2026-05-27,long,09:55,15.86,15.6,,15:55,15.89,Tagesschluss,0.083,15.85,15.52,F,SL75,warmup
2026-05-27,long,10:05,15.9,15.69,16.33,15:55,15.89,Tagesschluss,-0.061,15.85,15.52,F,Video,warmup
2026-05-27,long,10:05,15.9,15.52,17.42,15:55,15.89,Tagesschluss,-0.035,15.85,15.52,F,RetestMax,warmup
2026-05-28,long,09:45,16.14,16.04,,15:55,16.67,Tagesschluss,5.318,16.1,15.86,F,SL25,warmup
2026-05-28,long,09:45,16.14,15.98,,15:55,16.67,Tagesschluss,3.314,16.1,15.86,F,SL50,warmup
2026-05-28,long,09:45,16.14,15.92,,15:55,16.67,Tagesschluss,2.407,16.1,15.86,F,SL75,warmup
2026-05-29,long,09:35,17.53,17.17,,15:55,17.45,Tagesschluss,-0.215,17.28,16.82,F,SL25,warmup
2026-05-29,long,09:35,17.53,17.05,,15:55,17.45,Tagesschluss,-0.164,17.28,16.82,F,SL50,warmup
2026-05-29,long,09:35,17.53,16.93,,15:55,17.45,Tagesschluss,-0.132,17.28,16.82,F,SL75,warmup
2026-05-29,long,11:15,17.49,17.05,18.38,15:55,17.45,Tagesschluss,-0.096,17.28,16.82,F,Video,warmup
2026-05-29,long,11:15,17.49,16.82,20.19,15:55,17.45,Tagesschluss,-0.063,17.28,16.82,F,RetestMax,warmup
2026-06-01,short,09:35,16.94,17.16,,10:20,17.16,SL,-1.056,17.48,17.05,F,SL25,warmup
2026-06-01,short,09:35,16.94,17.26,,15:55,16.64,Tagesschluss,0.958,17.48,17.05,F,SL50,warmup
2026-06-01,short,09:35,16.94,17.37,,15:55,16.64,Tagesschluss,0.717,17.48,17.05,F,SL75,warmup
2026-06-02,short,09:35,16.08,16.3,,10:35,16.3,SL,-1.052,16.7,16.17,F,SL25,warmup
2026-06-02,short,09:35,16.08,16.43,,10:40,16.43,SL,-1.033,16.7,16.17,F,SL50,warmup
2026-06-02,short,09:35,16.08,16.57,,10:45,16.57,SL,-1.024,16.7,16.17,F,SL75,warmup
2026-06-03,short,09:45,15.92,16.0,,10:15,16.0,SL,-1.152,16.2,15.93,F,SL25,warmup
2026-06-03,short,09:45,15.92,16.07,,15:55,15.75,Tagesschluss,1.207,16.2,15.93,F,SL50,warmup
2026-06-03,short,09:45,15.92,16.13,,15:55,15.75,Tagesschluss,0.817,16.2,15.93,F,SL75,warmup
2026-06-04,short,11:20,15.37,15.55,,15:55,15.36,Tagesschluss,0.011,15.89,15.44,F,SL25,warmup
2026-06-04,short,11:20,15.37,15.66,,15:55,15.36,Tagesschluss,0.007,15.89,15.44,F,SL50,warmup
2026-06-04,short,11:20,15.37,15.78,,15:55,15.36,Tagesschluss,0.005,15.89,15.44,F,SL75,warmup
2026-06-05,short,11:10,14.95,15.04,,15:55,14.9,Tagesschluss,0.562,15.26,14.96,F,SL25,warmup
2026-06-05,short,11:10,14.95,15.11,,15:55,14.9,Tagesschluss,0.292,15.26,14.96,F,SL50,warmup
2026-06-05,short,11:10,14.95,15.19,,15:55,14.9,Tagesschluss,0.198,15.26,14.96,F,SL75,warmup
2026-06-05,short,11:25,14.94,15.11,14.59,15:55,14.9,Tagesschluss,0.154,15.26,14.96,F,Video,warmup
2026-06-05,short,11:25,14.94,15.26,13.64,15:55,14.9,Tagesschluss,0.083,15.26,14.96,F,RetestMax,warmup
2026-06-08,short,09:35,14.94,15.03,,10:20,15.03,SL,-1.128,15.17,14.98,F,SL25,warmup
2026-06-08,short,09:35,14.94,15.07,,10:45,15.07,SL,-1.081,15.17,14.98,F,SL50,warmup
2026-06-08,short,09:35,14.94,15.12,,11:20,15.12,SL,-1.06,15.17,14.98,F,SL75,warmup
2026-06-09,long,09:35,15.37,15.3,,09:40,15.3,SL,-1.155,15.37,15.1,F,SL25,warmup
2026-06-09,long,09:35,15.37,15.24,,09:45,15.24,SL,-1.079,15.37,15.1,F,SL50,warmup
2026-06-09,long,09:35,15.37,15.17,,10:10,15.17,SL,-1.053,15.37,15.1,F,SL75,warmup
2026-06-10,short,11:10,14.48,14.59,,15:55,14.31,Tagesschluss,1.422,14.84,14.51,F,SL25,warmup
2026-06-10,short,11:10,14.48,14.68,,15:55,14.31,Tagesschluss,0.836,14.84,14.51,F,SL50,warmup
2026-06-10,short,11:10,14.48,14.76,,15:55,14.31,Tagesschluss,0.592,14.84,14.51,F,SL75,warmup
2026-06-11,long,10:35,14.34,14.25,,15:55,14.72,Tagesschluss,4.436,14.3,14.1,F,SL25,warmup
2026-06-11,long,10:35,14.34,14.2,,15:55,14.72,Tagesschluss,2.793,14.3,14.1,F,SL50,warmup
2026-06-11,long,10:35,14.34,14.15,,15:55,14.72,Tagesschluss,2.038,14.3,14.1,F,SL75,warmup
2026-06-12,short,09:40,14.69,14.77,,09:50,14.77,SL,-1.136,14.97,14.7,F,SL25,warmup
2026-06-12,short,09:40,14.69,14.83,,13:00,14.83,SL,-1.073,14.97,14.7,F,SL50,warmup
2026-06-12,short,09:40,14.69,14.9,,13:05,14.9,SL,-1.05,14.97,14.7,F,SL75,warmup
2026-06-15,short,09:45,15.17,15.28,,10:00,15.28,SL,-1.099,15.48,15.21,F,SL25,warmup
2026-06-15,short,09:45,15.17,15.34,,15:55,14.79,Tagesschluss,2.154,15.48,15.21,F,SL50,warmup
2026-06-15,short,09:45,15.17,15.41,,15:55,14.79,Tagesschluss,1.555,15.48,15.21,F,SL75,warmup
2026-06-15,short,10:10,15.16,15.34,14.79,11:05,14.79,TP,1.984,15.48,15.21,F,Video,warmup
2026-06-15,short,10:10,15.16,15.48,13.88,15:55,14.79,Tagesschluss,1.147,15.48,15.21,F,RetestMax,warmup
2026-06-17,short,09:40,14.35,14.39,,09:50,14.39,SL,-1.218,14.47,14.36,F,SL25,warmup
2026-06-17,short,09:40,14.35,14.42,,09:50,14.42,SL,-1.139,14.47,14.36,F,SL50,warmup
2026-06-17,short,09:40,14.35,14.44,,12:00,14.44,SL,-1.102,14.47,14.36,F,SL75,warmup
2026-06-18,short,09:45,13.87,13.95,,11:20,13.95,SL,-1.124,14.13,13.89,F,SL25,warmup
2026-06-18,short,09:45,13.87,14.01,,12:30,14.01,SL,-1.071,14.13,13.89,F,SL50,warmup
2026-06-18,short,09:45,13.87,14.07,,13:05,14.07,SL,-1.049,14.13,13.89,F,SL75,warmup
2026-06-22,long,09:35,14.37,14.26,,13:10,14.26,SL,-1.089,14.31,14.1,F,SL25,warmup
2026-06-22,long,09:35,14.37,14.21,,13:35,14.21,SL,-1.06,14.31,14.1,F,SL50,warmup
2026-06-22,long,09:35,14.37,14.15,,14:15,14.15,SL,-1.046,14.31,14.1,F,SL75,warmup
2026-06-22,long,09:45,14.36,14.21,14.68,13:35,14.21,SL,-1.062,14.31,14.1,F,Video,warmup
2026-06-22,long,09:45,14.36,14.1,15.42,14:25,14.1,SL,-1.037,14.31,14.1,F,RetestMax,warmup
2026-06-22,long,09:45,14.36,14.1,15.42,14:25,14.1,SL,-1.037,14.31,14.1,F,Retest3K,warmup
2026-06-23,long,09:40,13.85,13.82,,15:55,14.0,Tagesschluss,4.328,13.84,13.74,F,SL25,warmup
2026-06-23,long,09:40,13.85,13.79,,15:55,14.0,Tagesschluss,2.5,13.84,13.74,F,SL50,warmup
2026-06-23,long,09:40,13.85,13.76,,15:55,14.0,Tagesschluss,1.758,13.84,13.74,F,SL75,warmup
2026-06-23,long,09:50,13.94,13.79,14.25,15:55,14.0,Tagesschluss,0.337,13.84,13.74,F,Video,warmup
2026-06-23,long,09:50,13.94,13.74,14.76,15:55,14.0,Tagesschluss,0.255,13.84,13.74,F,RetestMax,warmup
2026-06-24,short,11:05,13.87,13.91,,11:15,13.91,SL,-1.209,14.05,13.87,F,SL25,warmup
2026-06-24,short,11:05,13.87,13.96,,15:55,13.85,Tagesschluss,0.116,14.05,13.87,F,SL50,warmup
2026-06-24,short,11:05,13.87,14.01,,15:55,13.85,Tagesschluss,0.078,14.05,13.87,F,SL75,warmup
2026-06-25,long,09:35,14.07,13.99,,15:55,14.13,Tagesschluss,0.587,14.01,13.92,F,SL25,warmup
2026-06-25,long,09:35,14.07,13.96,,15:55,14.13,Tagesschluss,0.465,14.01,13.92,F,SL50,warmup
2026-06-25,long,09:35,14.07,13.94,,15:55,14.13,Tagesschluss,0.385,14.01,13.92,F,SL75,warmup
2026-06-26,long,09:40,14.22,14.12,,14:35,14.12,SL,-1.1,14.17,13.97,F,SL25,warmup
2026-06-26,long,09:40,14.22,14.07,,15:10,14.07,SL,-1.066,14.17,13.97,F,SL50,warmup
2026-06-26,long,09:40,14.22,14.02,,15:55,14.1,Tagesschluss,-0.586,14.17,13.97,F,SL75,warmup
2026-06-26,long,09:55,14.23,14.07,14.54,15:10,14.07,SL,-1.062,14.17,13.97,F,Video,warmup
2026-06-26,long,09:55,14.23,13.97,15.26,15:55,14.1,Tagesschluss,-0.488,14.17,13.97,F,RetestMax,warmup
2026-06-30,long,09:40,14.03,13.99,,09:45,13.99,SL,-1.233,14.02,13.91,F,SL25,warmup
2026-06-30,long,09:40,14.03,13.97,,11:20,13.97,SL,-1.141,14.02,13.91,F,SL50,warmup
2026-06-30,long,09:40,14.03,13.94,,11:35,13.94,SL,-1.101,14.02,13.91,F,SL75,warmup
2026-07-01,short,09:35,13.69,13.74,,09:45,13.74,SL,-1.197,13.88,13.7,F,SL25,warmup
2026-07-01,short,09:35,13.69,13.79,,11:45,13.79,SL,-1.104,13.88,13.7,F,SL50,warmup
2026-07-01,short,09:35,13.69,13.83,,11:50,13.83,SL,-1.071,13.88,13.7,F,SL75,warmup
2026-07-02,long,09:35,13.95,13.88,,09:45,13.88,SL,-1.147,13.94,13.7,F,SL25,warmup
2026-07-02,long,09:35,13.95,13.82,,09:55,13.82,SL,-1.076,13.94,13.7,F,SL50,warmup
2026-07-02,long,09:35,13.95,13.76,,09:55,13.76,SL,-1.051,13.94,13.7,F,SL75,warmup
2026-04-09,short,09:50,116.54,118.37,,15:55,112.38,Tagesschluss,2.264,120.61,117.62,SHOP,SL25,warmup
2026-04-09,short,09:50,116.54,119.12,,15:55,112.38,Tagesschluss,1.607,120.61,117.62,SHOP,SL50,warmup
2026-04-09,short,09:50,116.54,119.86,,15:55,112.38,Tagesschluss,1.245,120.61,117.62,SHOP,SL75,warmup
2026-04-10,short,09:45,111.16,112.71,,15:55,110.71,Tagesschluss,0.275,113.9,112.32,SHOP,SL25,warmup
2026-04-10,short,09:45,111.16,113.11,,15:55,110.71,Tagesschluss,0.219,113.9,112.32,SHOP,SL50,warmup
2026-04-10,short,09:45,111.16,113.5,,15:55,110.71,Tagesschluss,0.182,113.9,112.32,SHOP,SL75,warmup
2026-04-13,long,09:35,112.38,111.02,,15:55,114.99,Tagesschluss,1.904,111.59,109.32,SHOP,SL25,warmup
2026-04-13,long,09:35,112.38,110.45,,15:55,114.99,Tagesschluss,1.343,111.59,109.32,SHOP,SL50,warmup
2026-04-13,long,09:35,112.38,109.89,,15:55,114.99,Tagesschluss,1.037,111.59,109.32,SHOP,SL75,warmup
2026-04-15,long,09:35,121.53,120.13,,15:55,127.42,Tagesschluss,4.182,120.76,118.23,SHOP,SL25,warmup
2026-04-15,long,09:35,121.53,119.5,,15:55,127.42,Tagesschluss,2.882,120.76,118.23,SHOP,SL50,warmup
2026-04-15,long,09:35,121.53,118.86,,15:55,127.42,Tagesschluss,2.199,120.76,118.23,SHOP,SL75,warmup
2026-04-16,short,09:40,128.65,129.22,,15:55,126.94,Tagesschluss,3.003,130.65,128.74,SHOP,SL25,warmup
2026-04-16,short,09:40,128.65,129.69,,15:55,126.94,Tagesschluss,1.624,130.65,128.74,SHOP,SL50,warmup
2026-04-16,short,09:40,128.65,130.17,,15:55,126.94,Tagesschluss,1.113,130.65,128.74,SHOP,SL75,warmup
2026-04-16,short,09:50,127.78,129.69,123.95,15:55,126.94,Tagesschluss,0.425,130.65,128.74,SHOP,Video,warmup
2026-04-16,short,09:50,127.78,130.65,116.3,15:55,126.94,Tagesschluss,0.284,130.65,128.74,SHOP,RetestMax,warmup
2026-04-17,long,09:35,133.22,131.31,,09:55,131.31,SL,-1.048,131.75,129.98,SHOP,SL25,warmup
2026-04-17,long,09:35,133.22,130.86,,15:25,130.86,SL,-1.039,131.75,129.98,SHOP,SL50,warmup
2026-04-17,long,09:35,133.22,130.42,,15:55,131.16,Tagesschluss,-0.745,131.75,129.98,SHOP,SL75,warmup
2026-04-20,long,09:45,132.04,131.0,,11:05,131.0,SL,-1.089,131.48,129.56,SHOP,SL25,warmup
2026-04-20,long,09:45,132.04,130.52,,15:55,135.12,Tagesschluss,2.019,131.48,129.56,SHOP,SL50,warmup
2026-04-20,long,09:45,132.04,130.04,,15:55,135.12,Tagesschluss,1.533,131.48,129.56,SHOP,SL75,warmup
2026-04-21,long,09:45,135.85,135.15,,10:55,135.15,SL,-1.136,135.75,133.37,SHOP,SL25,warmup
2026-04-21,long,09:45,135.85,134.56,,10:55,134.56,SL,-1.073,135.75,133.37,SHOP,SL50,warmup
2026-04-21,long,09:45,135.85,133.96,,11:00,133.96,SL,-1.05,135.75,133.37,SHOP,SL75,warmup
2026-04-21,long,09:55,136.92,134.56,141.64,10:55,134.56,SL,-1.04,135.75,133.37,SHOP,Video,warmup
2026-04-21,long,09:55,136.92,133.37,151.12,12:25,133.37,SL,-1.026,135.75,133.37,SHOP,RetestMax,warmup
2026-04-23,short,09:35,126.2,127.23,,15:55,124.25,Tagesschluss,1.878,130.0,126.3,SHOP,SL25,warmup
2026-04-23,short,09:35,126.2,128.15,,15:55,124.25,Tagesschluss,0.987,130.0,126.3,SHOP,SL50,warmup
2026-04-23,short,09:35,126.2,129.08,,15:55,124.25,Tagesschluss,0.67,130.0,126.3,SHOP,SL75,warmup
2026-04-23,short,09:50,125.43,128.15,119.98,15:55,124.25,Tagesschluss,0.422,130.0,126.3,SHOP,Video,warmup
2026-04-23,short,09:50,125.43,130.0,107.13,15:55,124.25,Tagesschluss,0.251,130.0,126.3,SHOP,RetestMax,warmup
2026-04-24,short,10:25,121.92,123.03,,10:35,123.03,SL,-1.077,124.62,122.5,SHOP,SL25,warmup
2026-04-24,short,10:25,121.92,123.56,,10:45,123.56,SL,-1.053,124.62,122.5,SHOP,SL50,warmup
2026-04-24,short,10:25,121.92,124.09,,11:55,124.09,SL,-1.04,124.62,122.5,SHOP,SL75,warmup
2026-04-27,long,10:25,125.78,125.13,,11:00,125.13,SL,-1.135,125.76,123.25,SHOP,SL25,warmup
2026-04-27,long,10:25,125.78,124.51,,11:20,124.51,SL,-1.068,125.76,123.25,SHOP,SL50,warmup
2026-04-27,long,10:25,125.78,123.88,,11:50,123.88,SL,-1.046,125.76,123.25,SHOP,SL75,warmup
2026-04-28,short,10:50,123.29,124.49,,15:55,122.05,Tagesschluss,1.025,127.31,123.54,SHOP,SL25,warmup
2026-04-28,short,10:50,123.29,125.43,,15:55,122.05,Tagesschluss,0.572,127.31,123.54,SHOP,SL50,warmup
2026-04-28,short,10:50,123.29,126.37,,15:55,122.05,Tagesschluss,0.397,127.31,123.54,SHOP,SL75,warmup
2026-04-29,short,10:05,119.6,120.13,,10:20,120.13,SL,-1.158,121.44,119.69,SHOP,SL25,warmup
2026-04-29,short,10:05,119.6,120.57,,10:45,120.57,SL,-1.087,121.44,119.69,SHOP,SL50,warmup
2026-04-29,short,10:05,119.6,121.0,,11:20,121.0,SL,-1.06,121.44,119.69,SHOP,SL75,warmup
2026-04-30,short,09:50,119.25,121.06,,10:55,121.06,SL,-1.047,122.58,120.55,SHOP,SL25,warmup
2026-04-30,short,09:50,119.25,121.57,,11:15,121.57,SL,-1.037,122.58,120.55,SHOP,SL50,warmup
2026-04-30,short,09:50,119.25,122.07,,14:45,122.07,SL,-1.03,122.58,120.55,SHOP,SL75,warmup
2026-05-01,long,09:35,126.63,125.38,,09:40,125.38,SL,-1.07,126.04,123.39,SHOP,SL25,warmup
2026-05-01,long,09:35,126.63,124.72,,15:55,127.73,Tagesschluss,0.561,126.04,123.39,SHOP,SL50,warmup
2026-05-01,long,09:35,126.63,124.05,,15:55,127.73,Tagesschluss,0.417,126.04,123.39,SHOP,SL75,warmup
2026-05-04,long,09:50,127.21,126.65,,10:00,126.65,SL,-1.158,127.08,125.36,SHOP,SL25,warmup
2026-05-04,long,09:50,127.21,126.22,,11:40,126.22,SL,-1.089,127.08,125.36,SHOP,SL50,warmup
2026-05-04,long,09:50,127.21,125.79,,15:55,127.58,Tagesschluss,0.238,127.08,125.36,SHOP,SL75,warmup
2026-05-05,short,09:35,114.47,115.63,,09:45,115.63,SL,-1.07,118.65,114.62,SHOP,SL25,warmup
2026-05-05,short,09:35,114.47,116.64,,09:45,116.64,SL,-1.038,118.65,114.62,SHOP,SL50,warmup
2026-05-05,short,09:35,114.47,117.64,,09:45,117.64,SL,-1.026,118.65,114.62,SHOP,SL75,warmup
2026-05-06,short,11:25,105.86,107.01,,11:45,107.01,SL,-1.065,109.58,106.15,SHOP,SL25,warmup
2026-05-06,short,11:25,105.86,107.87,,15:55,105.28,Tagesschluss,0.279,109.58,106.15,SHOP,SL50,warmup
2026-05-06,short,11:25,105.86,108.72,,15:55,105.28,Tagesschluss,0.195,109.58,106.15,SHOP,SL75,warmup
2026-05-07,long,09:40,108.84,108.16,,09:45,108.16,SL,-1.112,108.65,106.7,SHOP,SL25,warmup
2026-05-07,long,09:40,108.84,107.67,,09:55,107.67,SL,-1.065,108.65,106.7,SHOP,SL50,warmup
2026-05-07,long,09:40,108.84,107.19,,09:55,107.19,SL,-1.046,108.65,106.7,SHOP,SL75,warmup
2026-05-08,short,09:35,108.5,109.51,,10:50,109.51,SL,-1.075,110.68,109.12,SHOP,SL25,warmup
2026-05-08,short,09:35,108.5,109.9,,11:25,109.9,SL,-1.055,110.68,109.12,SHOP,SL50,warmup
2026-05-08,short,09:35,108.5,110.29,,15:55,110.29,SL,-1.043,110.68,109.12,SHOP,SL75,warmup
2026-05-08,short,10:05,108.11,109.9,104.53,11:25,109.9,SL,-1.043,110.68,109.12,SHOP,Video,warmup
2026-05-08,short,10:05,108.11,110.68,97.83,15:55,110.46,Tagesschluss,-0.923,110.68,109.12,SHOP,RetestMax,warmup
2026-05-11,short,09:40,106.36,106.88,,09:45,106.88,SL,-1.144,108.41,106.37,SHOP,SL25,warmup
2026-05-11,short,09:40,106.36,107.39,,15:55,102.52,Tagesschluss,3.708,108.41,106.37,SHOP,SL50,warmup
2026-05-11,short,09:40,106.36,107.9,,15:55,102.52,Tagesschluss,2.48,108.41,106.37,SHOP,SL75,warmup
2026-05-11,short,10:10,105.55,107.39,101.87,15:55,102.52,Tagesschluss,1.635,108.41,106.37,SHOP,Video,warmup
2026-05-11,short,10:10,105.55,108.41,94.11,15:55,102.52,Tagesschluss,1.052,108.41,106.37,SHOP,RetestMax,warmup
2026-05-12,long,10:10,103.02,102.55,,10:35,102.55,SL,-1.154,102.96,101.34,SHOP,SL25,warmup
2026-05-12,long,10:10,103.02,102.15,,10:35,102.15,SL,-1.082,102.96,101.34,SHOP,SL50,warmup
2026-05-12,long,10:10,103.02,101.74,,11:05,101.74,SL,-1.056,102.96,101.34,SHOP,SL75,warmup
2026-05-12,long,10:20,103.14,102.15,105.12,10:35,102.15,SL,-1.072,102.96,101.34,SHOP,Video,warmup
2026-05-12,long,10:20,103.14,101.34,110.34,11:20,101.34,SL,-1.04,102.96,101.34,SHOP,RetestMax,warmup
2026-05-13,short,09:35,97.15,97.61,,10:15,97.61,SL,-1.152,98.73,97.23,SHOP,SL25,warmup
2026-05-13,short,09:35,97.15,97.98,,15:55,95.4,Tagesschluss,2.104,98.73,97.23,SHOP,SL50,warmup
2026-05-13,short,09:35,97.15,98.36,,15:55,95.4,Tagesschluss,1.446,98.73,97.23,SHOP,SL75,warmup
2026-05-13,short,09:45,96.2,97.98,92.64,15:55,95.4,Tagesschluss,0.439,98.73,97.23,SHOP,Video,warmup
2026-05-13,short,09:45,96.2,98.73,86.08,15:55,95.4,Tagesschluss,0.309,98.73,97.23,SHOP,RetestMax,warmup
2026-05-13,short,09:45,96.2,98.73,86.08,15:55,95.4,Tagesschluss,0.309,98.73,97.23,SHOP,Retest3K,warmup
2026-05-14,short,09:35,94.68,95.58,,11:10,95.58,SL,-1.075,96.55,95.25,SHOP,SL25,warmup
2026-05-14,short,09:35,94.68,95.9,,11:15,95.9,SL,-1.055,96.55,95.25,SHOP,SL50,warmup
2026-05-14,short,09:35,94.68,96.23,,11:15,96.23,SL,-1.043,96.55,95.25,SHOP,SL75,warmup
2026-05-15,short,09:50,96.76,97.38,,10:00,97.38,SL,-1.109,98.98,96.85,SHOP,SL25,warmup
2026-05-15,short,09:50,96.76,97.92,,10:05,97.92,SL,-1.059,98.98,96.85,SHOP,SL50,warmup
2026-05-15,short,09:50,96.76,98.45,,10:25,98.45,SL,-1.041,98.98,96.85,SHOP,SL75,warmup
2026-05-18,long,09:45,101.32,100.14,,11:00,100.14,SL,-1.06,100.62,98.7,SHOP,SL25,warmup
2026-05-18,long,09:45,101.32,99.66,,15:55,102.37,Tagesschluss,0.62,100.62,98.7,SHOP,SL50,warmup
2026-05-18,long,09:45,101.32,99.18,,15:55,102.37,Tagesschluss,0.481,100.62,98.7,SHOP,SL75,warmup
2026-05-19,short,09:35,102.07,103.1,,09:50,103.1,SL,-1.07,104.74,102.56,SHOP,SL25,warmup
2026-05-19,short,09:35,102.07,103.65,,09:55,103.65,SL,-1.046,104.74,102.56,SHOP,SL50,warmup
2026-05-19,short,09:35,102.07,104.19,,10:00,104.19,SL,-1.034,104.74,102.56,SHOP,SL75,warmup
2026-05-20,long,09:35,101.3,100.42,,15:55,105.01,Tagesschluss,4.182,100.81,99.25,SHOP,SL25,warmup
2026-05-20,long,09:35,101.3,100.03,,15:55,105.01,Tagesschluss,2.902,100.81,99.25,SHOP,SL50,warmup
2026-05-20,long,09:35,101.3,99.64,,15:55,105.01,Tagesschluss,2.222,100.81,99.25,SHOP,SL75,warmup
2026-05-21,short,09:40,101.86,102.69,,10:00,102.69,SL,-1.086,103.84,102.31,SHOP,SL25,warmup
2026-05-21,short,09:40,101.86,103.07,,10:00,103.07,SL,-1.059,103.84,102.31,SHOP,SL50,warmup
2026-05-21,short,09:40,101.86,103.46,,10:05,103.46,SL,-1.045,103.84,102.31,SHOP,SL75,warmup
2026-05-22,short,10:10,105.35,106.22,,15:55,102.99,Tagesschluss,2.693,107.85,105.68,SHOP,SL25,warmup
2026-05-22,short,10:10,105.35,106.76,,15:55,102.99,Tagesschluss,1.656,107.85,105.68,SHOP,SL50,warmup
2026-05-22,short,10:10,105.35,107.31,,15:55,102.99,Tagesschluss,1.196,107.85,105.68,SHOP,SL75,warmup
2026-05-22,short,10:20,105.27,106.76,102.28,15:55,102.99,Tagesschluss,1.514,107.85,105.68,SHOP,Video,warmup
2026-05-22,short,10:20,105.27,107.85,94.95,15:55,102.99,Tagesschluss,0.876,107.85,105.68,SHOP,RetestMax,warmup
2026-05-26,long,09:45,104.25,103.74,,09:50,103.74,SL,-1.143,104.11,102.64,SHOP,SL25,warmup
2026-05-26,long,09:45,104.25,103.37,,09:50,103.37,SL,-1.083,104.11,102.64,SHOP,SL50,warmup
2026-05-26,long,09:45,104.25,103.01,,09:50,103.01,SL,-1.058,104.11,102.64,SHOP,SL75,warmup
2026-05-27,long,09:40,106.76,105.37,,09:50,105.37,SL,-1.053,105.87,103.85,SHOP,SL25,warmup
2026-05-27,long,09:40,106.76,104.86,,15:55,106.61,Tagesschluss,-0.09,105.87,103.85,SHOP,SL50,warmup
2026-05-27,long,09:40,106.76,104.35,,15:55,106.61,Tagesschluss,-0.071,105.87,103.85,SHOP,SL75,warmup
2026-05-27,long,10:10,107.14,104.86,111.7,15:55,106.61,Tagesschluss,-0.242,105.87,103.85,SHOP,Video,warmup
2026-05-27,long,10:10,107.14,103.85,120.3,15:55,106.61,Tagesschluss,-0.168,105.87,103.85,SHOP,RetestMax,warmup
2026-05-28,long,09:50,109.61,108.64,,15:55,115.04,Tagesschluss,5.574,109.2,106.96,SHOP,SL25,warmup
2026-05-28,long,09:50,109.61,108.08,,15:55,115.04,Tagesschluss,3.534,109.2,106.96,SHOP,SL50,warmup
2026-05-28,long,09:50,109.61,107.52,,15:55,115.04,Tagesschluss,2.587,109.2,106.96,SHOP,SL75,warmup
2026-05-28,long,10:00,110.04,108.08,113.96,15:10,113.96,TP,1.989,109.2,106.96,SHOP,Video,warmup
2026-05-28,long,10:00,110.04,106.96,122.36,15:55,115.04,Tagesschluss,1.616,109.2,106.96,SHOP,RetestMax,warmup
2026-05-29,short,09:45,113.5,114.88,,10:00,114.88,SL,-1.058,117.12,114.13,SHOP,SL25,warmup
2026-05-29,short,09:45,113.5,115.62,,10:05,115.62,SL,-1.038,117.12,114.13,SHOP,SL50,warmup
2026-05-29,short,09:45,113.5,116.37,,10:30,116.37,SL,-1.028,117.12,114.13,SHOP,SL75,warmup
2026-06-01,short,10:30,119.43,120.19,,11:00,120.19,SL,-1.11,122.19,119.53,SHOP,SL25,warmup
2026-06-01,short,10:30,119.43,120.86,,11:05,120.86,SL,-1.059,122.19,119.53,SHOP,SL50,warmup
2026-06-01,short,10:30,119.43,121.53,,11:15,121.53,SL,-1.041,122.19,119.53,SHOP,SL75,warmup
2026-06-02,short,09:40,119.61,120.29,,15:55,116.98,Tagesschluss,3.819,121.53,119.88,SHOP,SL25,warmup
2026-06-02,short,09:40,119.61,120.7,,15:55,116.98,Tagesschluss,2.38,121.53,119.88,SHOP,SL50,warmup
2026-06-02,short,09:40,119.61,121.12,,15:55,116.98,Tagesschluss,1.729,121.53,119.88,SHOP,SL75,warmup
2026-06-02,short,09:50,119.48,120.7,117.03,11:10,117.03,TP,1.981,121.53,119.88,SHOP,Video,warmup
2026-06-02,short,09:50,119.48,121.53,111.28,15:55,116.98,Tagesschluss,1.208,121.53,119.88,SHOP,RetestMax,warmup
2026-06-03,short,09:40,113.61,114.0,,09:45,114.0,SL,-1.208,115.09,113.63,SHOP,SL25,warmup
2026-06-03,short,09:40,113.61,114.36,,10:05,114.36,SL,-1.107,115.09,113.63,SHOP,SL50,warmup
2026-06-03,short,09:40,113.61,114.73,,10:45,114.73,SL,-1.072,115.09,113.63,SHOP,SL75,warmup
2026-06-04,long,09:55,117.01,116.0,,10:35,116.0,SL,-1.08,116.55,114.33,SHOP,SL25,warmup
2026-06-04,long,09:55,117.01,115.44,,15:45,115.44,SL,-1.052,116.55,114.33,SHOP,SL50,warmup
2026-06-04,long,09:55,117.01,114.89,,15:45,114.89,SL,-1.038,116.55,114.33,SHOP,SL75,warmup
2026-06-05,short,09:45,113.83,114.34,,15:55,109.55,Tagesschluss,8.399,115.31,114.02,SHOP,SL25,warmup
2026-06-05,short,09:45,113.83,114.66,,15:55,109.55,Tagesschluss,5.136,115.31,114.02,SHOP,SL50,warmup
2026-06-05,short,09:45,113.83,114.99,,15:55,109.55,Tagesschluss,3.699,115.31,114.02,SHOP,SL75,warmup
2026-06-08,short,09:40,111.76,112.95,,10:45,112.95,SL,-1.067,114.88,112.3,SHOP,SL25,warmup
2026-06-08,short,09:40,111.76,113.59,,15:55,110.8,Tagesschluss,0.517,114.88,112.3,SHOP,SL50,warmup
2026-06-08,short,09:40,111.76,114.23,,15:55,110.8,Tagesschluss,0.382,114.88,112.3,SHOP,SL75,warmup
2026-06-08,short,09:50,111.57,113.59,107.52,15:55,110.8,Tagesschluss,0.367,114.88,112.3,SHOP,Video,warmup
2026-06-08,short,09:50,111.57,114.88,98.31,15:55,110.8,Tagesschluss,0.224,114.88,112.3,SHOP,RetestMax,warmup
2026-06-09,long,09:35,114.45,112.46,,10:45,112.46,SL,-1.04,113.05,110.68,SHOP,SL25,warmup
2026-06-09,long,09:35,114.45,111.87,,10:45,111.87,SL,-1.03,113.05,110.68,SHOP,SL50,warmup
2026-06-09,long,09:35,114.45,111.27,,11:05,111.27,SL,-1.025,113.05,110.68,SHOP,SL75,warmup
2026-06-10,long,09:40,109.9,108.58,,10:20,108.58,SL,-1.058,109.31,106.4,SHOP,SL25,warmup
2026-06-10,long,09:40,109.9,107.85,,15:55,108.15,Tagesschluss,-0.866,109.31,106.4,SHOP,SL50,warmup
2026-06-10,long,09:40,109.9,107.13,,15:55,108.15,Tagesschluss,-0.639,109.31,106.4,SHOP,SL75,warmup
2026-06-10,long,09:55,109.89,107.85,113.96,15:55,108.15,Tagesschluss,-0.866,109.31,106.4,SHOP,Video,warmup
2026-06-10,long,09:55,109.89,106.4,123.85,15:55,108.15,Tagesschluss,-0.505,109.31,106.4,SHOP,RetestMax,warmup
2026-06-11,long,09:50,107.88,106.74,,10:10,106.74,SL,-1.065,107.31,105.01,SHOP,SL25,warmup
2026-06-11,long,09:50,107.88,106.16,,10:10,106.16,SL,-1.043,107.31,105.01,SHOP,SL50,warmup
2026-06-11,long,09:50,107.88,105.59,,10:10,105.59,SL,-1.032,107.31,105.01,SHOP,SL75,warmup
2026-06-12,short,09:40,107.43,108.82,,10:25,108.82,SL,-1.055,110.82,108.15,SHOP,SL25,warmup
2026-06-12,short,09:40,107.43,109.49,,10:35,109.49,SL,-1.037,110.82,108.15,SHOP,SL50,warmup
2026-06-12,short,09:40,107.43,110.15,,11:05,110.15,SL,-1.028,110.82,108.15,SHOP,SL75,warmup
2026-06-12,short,09:50,107.44,109.49,103.35,10:35,109.49,SL,-1.037,110.82,108.15,SHOP,Video,warmup
2026-06-12,short,09:50,107.44,110.82,93.92,11:20,110.82,SL,-1.023,110.82,108.15,SHOP,RetestMax,warmup
2026-06-15,long,10:00,112.17,111.67,,15:55,112.41,Tagesschluss,0.45,112.16,110.2,SHOP,SL25,warmup
2026-06-15,long,10:00,112.17,111.18,,15:55,112.41,Tagesschluss,0.226,112.16,110.2,SHOP,SL50,warmup
2026-06-15,long,10:00,112.17,110.69,,15:55,112.41,Tagesschluss,0.151,112.16,110.2,SHOP,SL75,warmup
2026-06-16,long,09:40,113.73,112.68,,10:15,112.68,SL,-1.075,113.04,111.6,SHOP,SL25,warmup
2026-06-16,long,09:40,113.73,112.32,,10:20,112.32,SL,-1.056,113.04,111.6,SHOP,SL50,warmup
2026-06-16,long,09:40,113.73,111.96,,10:50,111.96,SL,-1.044,113.04,111.6,SHOP,SL75,warmup
2026-06-16,long,10:05,113.7,112.32,116.46,10:20,112.32,SL,-1.057,113.04,111.6,SHOP,Video,warmup
2026-06-16,long,10:05,113.7,111.6,122.12,15:55,113.23,Tagesschluss,-0.234,113.04,111.6,SHOP,RetestMax,warmup
2026-06-17,long,09:45,113.65,112.91,,10:25,112.91,SL,-1.107,113.28,111.79,SHOP,SL25,warmup
2026-06-17,long,09:45,113.65,112.54,,10:40,112.54,SL,-1.071,113.28,111.79,SHOP,SL50,warmup
2026-06-17,long,09:45,113.65,112.17,,10:45,112.17,SL,-1.053,113.28,111.79,SHOP,SL75,warmup
2026-06-17,long,09:55,113.92,112.54,116.67,10:40,112.54,SL,-1.057,113.28,111.79,SHOP,Video,warmup
2026-06-17,long,09:55,113.92,111.79,122.4,14:00,111.79,SL,-1.037,113.28,111.79,SHOP,RetestMax,warmup
2026-06-18,long,10:35,109.11,108.34,,10:50,108.34,SL,-1.098,109.0,106.35,SHOP,SL25,warmup
2026-06-18,long,10:35,109.11,107.67,,11:30,107.67,SL,-1.053,109.0,106.35,SHOP,SL50,warmup
2026-06-18,long,10:35,109.11,107.01,,15:55,108.77,Tagesschluss,-0.172,109.0,106.35,SHOP,SL75,warmup
2026-06-22,long,09:35,108.7,107.72,,10:50,107.72,SL,-1.077,108.29,106.0,SHOP,SL25,warmup
2026-06-22,long,09:35,108.7,107.15,,12:15,107.15,SL,-1.048,108.29,106.0,SHOP,SL50,warmup
2026-06-22,long,09:35,108.7,106.57,,12:20,106.57,SL,-1.035,108.29,106.0,SHOP,SL75,warmup
2026-06-23,short,10:00,107.0,108.19,,10:15,108.19,SL,-1.064,110.0,107.58,SHOP,SL25,warmup
2026-06-23,short,10:00,107.0,108.79,,11:25,108.79,SL,-1.042,110.0,107.58,SHOP,SL50,warmup
2026-06-23,short,10:00,107.0,109.4,,12:20,109.4,SL,-1.032,110.0,107.58,SHOP,SL75,warmup
2026-06-24,long,10:25,111.6,110.31,,10:40,110.31,SL,-1.06,111.5,106.72,SHOP,SL25,warmup
2026-06-24,long,10:25,111.6,109.11,,15:55,114.12,Tagesschluss,1.003,111.5,106.72,SHOP,SL50,warmup
2026-06-24,long,10:25,111.6,107.92,,15:55,114.12,Tagesschluss,0.678,111.5,106.72,SHOP,SL75,warmup
2026-06-26,long,09:35,113.9,113.27,,09:50,113.27,SL,-1.125,113.66,112.1,SHOP,SL25,warmup
2026-06-26,long,09:35,113.9,112.88,,09:50,112.88,SL,-1.077,113.66,112.1,SHOP,SL50,warmup
2026-06-26,long,09:35,113.9,112.49,,09:50,112.49,SL,-1.056,113.66,112.1,SHOP,SL75,warmup
2026-06-26,long,09:45,114.82,112.88,118.7,09:50,112.88,SL,-1.041,113.66,112.1,SHOP,Video,warmup
2026-06-26,long,09:45,114.82,112.1,125.7,15:55,116.71,Tagesschluss,0.686,113.66,112.1,SHOP,RetestMax,warmup
2026-06-26,long,09:45,114.82,112.1,125.7,15:55,116.71,Tagesschluss,0.686,113.66,112.1,SHOP,Retest3K,warmup
2026-06-29,short,11:15,117.18,118.1,,15:55,114.21,Tagesschluss,3.199,119.95,117.49,SHOP,SL25,warmup
2026-06-29,short,11:15,117.18,118.72,,15:55,114.21,Tagesschluss,1.917,119.95,117.49,SHOP,SL50,warmup
2026-06-29,short,11:15,117.18,119.33,,15:55,114.21,Tagesschluss,1.368,119.95,117.49,SHOP,SL75,warmup
2026-06-30,long,09:45,114.68,113.88,,10:40,113.88,SL,-1.1,114.46,112.14,SHOP,SL25,warmup
2026-06-30,long,09:45,114.68,113.3,,10:50,113.3,SL,-1.058,114.46,112.14,SHOP,SL50,warmup
2026-06-30,long,09:45,114.68,112.72,,15:55,114.21,Tagesschluss,-0.252,114.46,112.14,SHOP,SL75,warmup
2026-07-01,long,10:05,120.61,119.61,,15:55,121.64,Tagesschluss,1.015,120.37,117.32,SHOP,SL25,warmup
2026-07-01,long,10:05,120.61,118.85,,15:55,121.64,Tagesschluss,0.575,120.37,117.32,SHOP,SL50,warmup
2026-07-01,long,10:05,120.61,118.09,,15:55,121.64,Tagesschluss,0.401,120.37,117.32,SHOP,SL75,warmup
2026-07-01,long,10:20,120.85,118.85,124.85,15:55,121.64,Tagesschluss,0.382,120.37,117.32,SHOP,Video,warmup
2026-07-01,long,10:20,120.85,117.32,134.95,15:55,121.64,Tagesschluss,0.217,120.37,117.32,SHOP,RetestMax,warmup
2026-07-02,long,09:55,120.38,119.8,,10:00,119.8,SL,-1.145,120.26,118.42,SHOP,SL25,warmup
2026-07-02,long,09:55,120.38,119.34,,10:10,119.34,SL,-1.08,120.26,118.42,SHOP,SL50,warmup
2026-07-02,long,09:55,120.38,118.88,,15:55,119.52,Tagesschluss,-0.589,120.26,118.42,SHOP,SL75,warmup
2026-07-06,long,09:35,195.43,194.66,,09:45,194.66,SL,-1.179,194.88,194.0,NVDA,SL25,forward
2026-07-06,long,09:35,195.43,194.44,,15:55,195.57,Tagesschluss,0.113,194.88,194.0,NVDA,SL50,forward
2026-07-06,long,09:35,195.43,194.22,,15:55,195.57,Tagesschluss,0.092,194.88,194.0,NVDA,SL75,forward
2026-07-06,long,09:50,195.48,194.44,197.56,15:55,195.57,Tagesschluss,0.054,194.88,194.0,NVDA,Video,forward
2026-07-06,long,09:50,195.48,194.0,201.4,15:55,195.57,Tagesschluss,0.038,194.88,194.0,NVDA,RetestMax,forward
2026-07-06,short,09:35,382.22,386.69,,11:25,386.69,SL,-1.06,389.15,385.87,MSFT,SL25,forward
2026-07-06,short,09:35,382.22,387.51,,15:55,386.9,Tagesschluss,-0.899,389.15,385.87,MSFT,SL50,forward
2026-07-06,short,09:35,382.22,388.33,,15:55,386.9,Tagesschluss,-0.778,389.15,385.87,MSFT,SL75,forward
2026-07-06,short,09:55,383.77,387.51,376.3,15:55,386.9,Tagesschluss,-0.857,389.15,385.87,MSFT,Video,forward
2026-07-06,short,09:55,383.77,389.15,362.27,15:55,386.9,Tagesschluss,-0.596,389.15,385.87,MSFT,RetestMax,forward
2026-07-06,long,09:35,309.43,308.49,,09:40,308.49,SL,-1.228,308.98,307.01,AAPL,SL25,forward
2026-07-06,long,09:35,309.43,308.0,,15:55,312.81,Tagesschluss,2.303,308.98,307.01,AAPL,SL50,forward
2026-07-06,long,09:35,309.43,307.5,,15:55,312.81,Tagesschluss,1.716,308.98,307.01,AAPL,SL75,forward
2026-07-06,long,09:45,309.91,308.0,313.74,11:35,313.74,TP,1.967,308.98,307.01,AAPL,Video,forward
2026-07-06,long,09:45,309.91,307.01,321.51,15:55,312.81,Tagesschluss,0.979,308.98,307.01,AAPL,RetestMax,forward
2026-07-06,long,09:45,309.91,307.01,321.51,15:55,312.81,Tagesschluss,0.979,308.98,307.01,AAPL,Retest3K,forward
2026-07-06,short,09:35,241.98,243.78,,11:05,243.78,SL,-1.095,245.51,243.2,AMZN,SL25,forward
2026-07-06,short,09:35,241.98,244.35,,11:10,244.35,SL,-1.072,245.51,243.2,AMZN,SL50,forward
2026-07-06,short,09:35,241.98,244.93,,11:35,244.93,SL,-1.058,245.51,243.2,AMZN,SL75,forward
2026-07-06,short,09:40,359.89,361.26,,10:30,361.26,SL,-1.185,363.7,360.44,GOOGL,SL25,forward
2026-07-06,short,09:40,359.89,362.07,,10:50,362.07,SL,-1.116,363.7,360.44,GOOGL,SL50,forward
2026-07-06,short,09:40,359.89,362.89,,11:15,362.89,SL,-1.085,363.7,360.44,GOOGL,SL75,forward
2026-07-06,short,09:50,357.99,362.07,349.82,10:50,362.07,SL,-1.062,363.7,360.44,GOOGL,Video,forward
2026-07-06,short,09:50,357.99,363.7,335.13,11:45,363.7,SL,-1.044,363.7,360.44,GOOGL,RetestMax,forward
2026-07-06,short,09:35,585.87,592.48,,11:40,592.48,SL,-1.063,597.68,590.75,META,SL25,forward
2026-07-06,short,09:35,585.87,594.21,,12:15,594.21,SL,-1.05,597.68,590.75,META,SL50,forward
2026-07-06,short,09:35,585.87,595.95,,12:15,595.95,SL,-1.041,597.68,590.75,META,SL75,forward
2026-07-06,long,09:35,383.01,379.56,,09:45,379.56,SL,-1.077,382.25,371.5,AVGO,SL25,forward
2026-07-06,long,09:35,383.01,376.88,,10:50,376.88,SL,-1.043,382.25,371.5,AVGO,SL50,forward
2026-07-06,long,09:35,383.01,374.19,,11:10,374.19,SL,-1.03,382.25,371.5,AVGO,SL75,forward
2026-07-06,short,09:35,392.66,395.74,,09:40,395.74,SL,-1.09,400.66,394.1,TSLA,SL25,forward
2026-07-06,short,09:35,392.66,397.38,,09:40,397.38,SL,-1.059,400.66,394.1,TSLA,SL50,forward
2026-07-06,short,09:35,392.66,399.02,,09:45,399.02,SL,-1.044,400.66,394.1,TSLA,SL75,forward
2026-07-06,short,09:40,1185.96,1198.54,,10:15,1198.54,SL,-1.067,1213.79,1193.46,LLY,SL25,forward
2026-07-06,short,09:40,1185.96,1203.62,,10:20,1203.62,SL,-1.048,1213.79,1193.46,LLY,SL50,forward
2026-07-06,short,09:40,1185.96,1208.71,,12:55,1208.71,SL,-1.037,1213.79,1193.46,LLY,SL75,forward
2026-07-06,long,10:20,749.65,749.14,,10:40,749.14,SL,-2.036,749.48,748.12,SPY,SL25,forward
2026-07-06,long,10:20,749.65,748.8,,15:55,751.31,Tagesschluss,1.781,749.48,748.12,SPY,SL50,forward
2026-07-06,long,10:20,749.65,748.46,,15:55,751.31,Tagesschluss,1.27,749.48,748.12,SPY,SL75,forward
2026-07-06,long,10:30,749.98,748.8,752.33,15:20,752.33,TP,1.872,749.48,748.12,SPY,Video,forward
2026-07-06,long,10:30,749.98,748.12,757.42,15:55,751.31,Tagesschluss,0.634,749.48,748.12,SPY,RetestMax,forward
2026-07-06,long,09:45,722.68,721.32,,13:40,721.32,SL,-1.373,722.27,718.48,QQQ,SL25,forward
2026-07-06,long,09:45,722.68,720.38,,15:55,722.65,Tagesschluss,-0.074,722.27,718.48,QQQ,SL50,forward
2026-07-06,long,09:45,722.68,719.43,,15:55,722.65,Tagesschluss,-0.052,722.27,718.48,QQQ,SL75,forward
2026-07-06,long,09:40,13.68,13.55,,10:10,13.55,SL,-1.077,13.6,13.42,F,SL25,forward
2026-07-06,long,09:40,13.68,13.51,,15:55,13.85,Tagesschluss,1.039,13.6,13.42,F,SL50,forward
2026-07-06,long,09:40,13.68,13.47,,15:55,13.85,Tagesschluss,0.826,13.6,13.42,F,SL75,forward
2026-07-06,short,09:35,116.75,117.48,,09:50,117.48,SL,-1.113,119.6,116.78,SHOP,SL25,forward
2026-07-06,short,09:35,116.75,118.19,,11:10,118.19,SL,-1.058,119.6,116.78,SHOP,SL50,forward
2026-07-06,short,09:35,116.75,118.89,,11:20,118.89,SL,-1.039,119.6,116.78,SHOP,SL75,forward
2026-07-07,long,10:00,193.2,192.52,,10:15,192.52,SL,-1.198,192.88,191.44,NVDA,SL25,forward
2026-07-07,long,10:00,193.2,192.16,,10:20,192.16,SL,-1.129,192.88,191.44,NVDA,SL50,forward
2026-07-07,long,10:00,193.2,191.8,,10:25,191.8,SL,-1.096,192.88,191.44,NVDA,SL75,forward
2026-07-07,short,09:40,390.28,392.22,,09:45,392.22,SL,-1.142,394.58,391.43,MSFT,SL25,forward
2026-07-07,short,09:40,390.28,393.0,,09:50,393.0,SL,-1.101,394.58,391.43,MSFT,SL50,forward
2026-07-07,short,09:40,390.28,393.79,,09:55,393.79,SL,-1.078,394.58,391.43,MSFT,SL75,forward
2026-07-07,short,09:35,311.27,313.47,,11:05,313.47,SL,-1.1,315.48,312.8,AAPL,SL25,forward
2026-07-07,short,09:35,311.27,314.14,,11:30,314.14,SL,-1.077,315.48,312.8,AAPL,SL50,forward
2026-07-07,short,09:35,311.27,314.81,,15:55,310.66,Tagesschluss,0.155,315.48,312.8,AAPL,SL75,forward
2026-07-07,short,09:55,311.21,314.14,305.35,11:30,314.14,SL,-1.075,315.48,312.8,AAPL,Video,forward
2026-07-07,short,09:55,311.21,315.48,294.13,15:55,310.66,Tagesschluss,0.114,315.48,312.8,AAPL,RetestMax,forward
2026-07-07,short,09:35,245.26,246.02,,09:40,246.02,SL,-1.225,247.79,245.43,AMZN,SL25,forward
2026-07-07,short,09:35,245.26,246.61,,09:45,246.61,SL,-1.127,247.79,245.43,AMZN,SL50,forward
2026-07-07,short,09:35,245.26,247.2,,09:45,247.2,SL,-1.089,247.79,245.43,AMZN,SL75,forward
2026-07-07,long,09:35,369.61,368.58,,10:45,368.58,SL,-1.251,369.26,366.53,GOOGL,SL25,forward
2026-07-07,long,09:35,369.61,367.9,,10:50,367.9,SL,-1.151,369.26,366.53,GOOGL,SL50,forward
2026-07-07,long,09:35,369.61,367.21,,15:35,367.21,SL,-1.108,369.26,366.53,GOOGL,SL75,forward
2026-07-07,long,09:45,372.0,367.9,380.21,10:50,367.9,SL,-1.063,369.26,366.53,GOOGL,Video,forward
2026-07-07,long,09:45,372.0,366.53,393.88,15:40,366.53,SL,-1.047,369.26,366.53,GOOGL,RetestMax,forward
2026-07-07,long,09:45,372.0,366.53,393.88,15:40,366.53,SL,-1.047,369.26,366.53,GOOGL,Retest3K,forward
2026-07-07,long,09:40,613.37,610.17,,09:55,610.17,SL,-1.134,612.18,604.15,META,SL25,forward
2026-07-07,long,09:40,613.37,608.16,,10:40,608.16,SL,-1.082,612.18,604.15,META,SL50,forward
2026-07-07,long,09:40,613.37,606.16,,10:55,606.16,SL,-1.059,612.18,604.15,META,SL75,forward
2026-07-07,short,10:10,364.59,367.6,,11:55,367.6,SL,-1.085,372.5,365.97,AVGO,SL25,forward
2026-07-07,short,10:10,364.59,369.24,,12:00,369.24,SL,-1.056,372.5,365.97,AVGO,SL50,forward
2026-07-07,short,10:10,364.59,370.87,,12:20,370.87,SL,-1.041,372.5,365.97,AVGO,SL75,forward
2026-07-07,short,09:40,414.25,415.79,,09:45,415.79,SL,-1.189,419.55,414.54,TSLA,SL25,forward
2026-07-07,short,09:40,414.25,417.04,,15:55,402.98,Tagesschluss,4.003,419.55,414.54,TSLA,SL50,forward
2026-07-07,short,09:40,414.25,418.3,,15:55,402.98,Tagesschluss,2.764,419.55,414.54,TSLA,SL75,forward
2026-07-07,short,11:10,508.75,509.8,,15:55,504.18,Tagesschluss,4.243,512.3,508.97,BRK-B,SL25,forward
2026-07-07,short,11:10,508.75,510.64,,15:55,504.18,Tagesschluss,2.369,512.3,508.97,BRK-B,SL50,forward
2026-07-07,short,11:10,508.75,511.47,,15:55,504.18,Tagesschluss,1.643,512.3,508.97,BRK-B,SL75,forward
2026-07-07,short,11:20,508.48,510.64,504.17,15:55,504.17,TP,1.953,512.3,508.97,BRK-B,Video,forward
2026-07-07,short,11:20,508.48,512.3,493.19,15:55,504.18,Tagesschluss,1.098,512.3,508.97,BRK-B,RetestMax,forward
2026-07-07,long,09:45,1248.53,1234.94,,09:50,1234.94,SL,-1.064,1239.0,1222.77,LLY,SL25,forward
2026-07-07,long,09:45,1248.53,1230.89,,10:00,1230.89,SL,-1.049,1239.0,1222.77,LLY,SL50,forward
2026-07-07,long,09:45,1248.53,1226.83,,15:55,1235.64,Tagesschluss,-0.605,1239.0,1222.77,LLY,SL75,forward
2026-07-07,short,09:50,748.94,749.78,,15:55,747.7,Tagesschluss,1.306,750.96,749.38,SPY,SL25,forward
2026-07-07,short,09:50,748.94,750.17,,15:55,747.7,Tagesschluss,0.886,750.96,749.38,SPY,SL50,forward
2026-07-07,short,09:50,748.94,750.57,,15:55,747.7,Tagesschluss,0.671,750.96,749.38,SPY,SL75,forward
2026-07-07,short,10:00,748.25,750.17,744.41,15:55,747.7,Tagesschluss,0.209,750.96,749.38,SPY,Video,forward
2026-07-07,short,10:00,748.25,750.96,737.41,15:55,747.7,Tagesschluss,0.148,750.96,749.38,SPY,RetestMax,forward
2026-07-07,short,09:50,710.79,713.25,,12:30,713.25,SL,-1.203,716.34,712.22,QQQ,SL25,forward
2026-07-07,short,09:50,710.79,714.28,,15:55,709.38,Tagesschluss,0.363,716.34,712.22,QQQ,SL50,forward
2026-07-07,short,09:50,710.79,715.31,,15:55,709.38,Tagesschluss,0.28,716.34,712.22,QQQ,SL75,forward
2026-07-07,short,10:05,710.02,714.28,701.5,15:55,709.38,Tagesschluss,0.117,716.34,712.22,QQQ,Video,forward
2026-07-07,short,10:05,710.02,716.34,684.74,15:55,709.38,Tagesschluss,0.079,716.34,712.22,QQQ,RetestMax,forward
2026-07-07,short,09:50,13.65,13.69,,09:55,13.69,SL,-1.239,13.77,13.66,F,SL25,forward
2026-07-07,short,09:50,13.65,13.72,,10:00,13.72,SL,-1.148,13.77,13.66,F,SL50,forward
2026-07-07,short,09:50,13.65,13.74,,10:50,13.74,SL,-1.107,13.77,13.66,F,SL75,forward
2026-07-07,long,09:35,125.53,124.27,,09:45,124.27,SL,-1.069,125.0,122.07,SHOP,SL25,forward
2026-07-07,long,09:35,125.53,123.53,,09:45,123.53,SL,-1.044,125.0,122.07,SHOP,SL50,forward
2026-07-07,long,09:35,125.53,122.8,,09:45,122.8,SL,-1.032,125.0,122.07,SHOP,SL75,forward
2026-07-08,long,09:40,198.27,197.22,,09:55,197.22,SL,-1.133,197.93,195.1,NVDA,SL25,forward
2026-07-08,long,09:40,198.27,196.52,,10:10,196.52,SL,-1.079,197.93,195.1,NVDA,SL50,forward
2026-07-08,long,09:40,198.27,195.81,,15:55,204.15,Tagesschluss,2.381,197.93,195.1,NVDA,SL75,forward
2026-07-08,long,09:35,384.7,383.86,,09:40,383.86,SL,-1.323,384.59,381.68,MSFT,SL25,forward
2026-07-08,long,09:35,384.7,383.13,,09:50,383.13,SL,-1.172,384.59,381.68,MSFT,SL50,forward
2026-07-08,long,09:35,384.7,382.41,,09:55,382.41,SL,-1.117,384.59,381.68,MSFT,SL75,forward
2026-07-08,short,09:40,307.92,309.65,,10:05,309.65,SL,-1.125,312.0,308.87,AAPL,SL25,forward
2026-07-08,short,09:40,307.92,310.43,,10:20,310.43,SL,-1.086,312.0,308.87,AAPL,SL50,forward
2026-07-08,short,09:40,307.92,311.22,,12:20,311.22,SL,-1.066,312.0,308.87,AAPL,SL75,forward
2026-07-08,short,10:55,241.13,242.51,,13:20,242.51,SL,-1.123,244.77,241.75,AMZN,SL25,forward
2026-07-08,short,10:55,241.13,243.26,,15:50,243.26,SL,-1.08,244.77,241.75,AMZN,SL50,forward
2026-07-08,short,10:55,241.13,244.02,,15:55,244.02,SL,-1.059,244.77,241.75,AMZN,SL75,forward
2026-07-08,short,09:35,363.05,364.39,,09:40,364.39,SL,-1.19,367.72,363.28,GOOGL,SL25,forward
2026-07-08,short,09:35,363.05,365.5,,15:55,361.64,Tagesschluss,0.546,367.72,363.28,GOOGL,SL50,forward
2026-07-08,short,09:35,363.05,366.61,,15:55,361.64,Tagesschluss,0.376,367.72,363.28,GOOGL,SL75,forward
2026-07-08,short,09:35,604.33,607.27,,14:55,607.27,SL,-1.144,615.88,604.4,META,SL25,forward
2026-07-08,short,09:35,604.33,610.14,,15:55,603.07,Tagesschluss,0.196,615.88,604.4,META,SL50,forward
2026-07-08,short,09:35,604.33,613.01,,15:55,603.07,Tagesschluss,0.131,615.88,604.4,META,SL75,forward
2026-07-08,short,09:45,601.88,610.14,585.36,15:55,603.07,Tagesschluss,-0.159,615.88,604.4,META,Video,forward
2026-07-08,short,09:45,601.88,615.88,545.88,15:55,603.07,Tagesschluss,-0.094,615.88,604.4,META,RetestMax,forward
2026-07-08,short,09:45,601.88,615.88,545.88,15:55,603.07,Tagesschluss,-0.094,615.88,604.4,META,Retest3K,forward
2026-07-08,long,09:50,383.48,380.61,,15:55,388.67,Tagesschluss,1.786,381.85,376.89,AVGO,SL25,forward
2026-07-08,long,09:50,383.48,379.37,,15:55,388.67,Tagesschluss,1.247,381.85,376.89,AVGO,SL50,forward
2026-07-08,long,09:50,383.48,378.13,,15:55,388.67,Tagesschluss,0.957,381.85,376.89,AVGO,SL75,forward
2026-07-08,short,09:50,394.77,396.65,,10:20,396.65,SL,-1.148,399.63,395.66,TSLA,SL25,forward
2026-07-08,short,09:50,394.77,397.65,,15:55,393.87,Tagesschluss,0.288,399.63,395.66,TSLA,SL50,forward
2026-07-08,short,09:50,394.77,398.64,,15:55,393.87,Tagesschluss,0.214,399.63,395.66,TSLA,SL75,forward
2026-07-08,short,09:35,501.13,502.24,,10:05,502.24,SL,-1.318,504.91,501.35,BRK-B,SL25,forward
2026-07-08,short,09:35,501.13,503.13,,10:10,503.13,SL,-1.176,504.91,501.35,BRK-B,SL50,forward
2026-07-08,short,09:35,501.13,504.02,,15:55,495.02,Tagesschluss,2.085,504.91,501.35,BRK-B,SL75,forward
2026-07-08,short,09:45,500.75,503.13,495.99,10:10,503.13,SL,-1.148,504.91,501.35,BRK-B,Video,forward
2026-07-08,short,09:45,500.75,504.91,484.12,15:55,495.02,Tagesschluss,1.354,504.91,501.35,BRK-B,RetestMax,forward
2026-07-08,short,09:45,500.75,504.91,484.12,15:55,495.02,Tagesschluss,1.354,504.91,501.35,BRK-B,Retest3K,forward
2026-07-08,long,09:40,1223.56,1216.92,,15:30,1216.92,SL,-1.128,1221.18,1204.16,LLY,SL25,forward
2026-07-08,long,09:40,1223.56,1212.67,,15:55,1215.87,Tagesschluss,-0.729,1221.18,1204.16,LLY,SL50,forward
2026-07-08,long,09:40,1223.56,1208.42,,15:55,1215.87,Tagesschluss,-0.524,1221.18,1204.16,LLY,SL75,forward
2026-07-08,long,09:40,744.34,743.72,,09:45,743.72,SL,-1.845,744.09,742.64,SPY,SL25,forward
2026-07-08,long,09:40,744.34,743.36,,09:50,743.36,SL,-1.532,744.09,742.64,SPY,SL50,forward
2026-07-08,long,09:40,744.34,743.0,,10:15,743.0,SL,-1.389,744.09,742.64,SPY,SL75,forward
2026-07-08,long,09:40,708.54,707.17,,09:50,707.17,SL,-1.361,707.92,704.94,QQQ,SL25,forward
2026-07-08,long,09:40,708.54,706.43,,10:10,706.43,SL,-1.234,707.92,704.94,QQQ,SL50,forward
2026-07-08,long,09:40,708.54,705.68,,10:40,705.68,SL,-1.173,707.92,704.94,QQQ,SL75,forward
2026-07-08,long,09:35,13.53,13.43,,10:35,13.43,SL,-1.094,13.5,13.24,F,SL25,forward
2026-07-08,long,09:35,13.53,13.37,,10:45,13.37,SL,-1.057,13.5,13.24,F,SL50,forward
2026-07-08,long,09:35,13.53,13.3,,15:55,13.48,Tagesschluss,-0.251,13.5,13.24,F,SL75,forward
2026-07-08,long,09:45,13.56,13.37,13.94,10:45,13.37,SL,-1.049,13.5,13.24,F,Video,forward
2026-07-08,long,09:45,13.56,13.24,14.84,15:55,13.48,Tagesschluss,-0.258,13.5,13.24,F,RetestMax,forward
2026-07-08,long,09:45,13.56,13.24,14.84,15:55,13.48,Tagesschluss,-0.258,13.5,13.24,F,Retest3K,forward
2026-07-08,short,09:35,117.4,118.86,,15:35,118.86,SL,-1.057,120.94,118.17,SHOP,SL25,forward
2026-07-08,short,09:35,117.4,119.55,,15:40,119.55,SL,-1.039,120.94,118.17,SHOP,SL50,forward
2026-07-08,short,09:35,117.4,120.25,,15:55,119.19,Tagesschluss,-0.637,120.94,118.17,SHOP,SL75,forward
2026-07-08,short,09:50,117.36,119.55,112.97,15:40,119.55,SL,-1.038,120.94,118.17,SHOP,Video,forward
2026-07-08,short,09:50,117.36,120.94,103.04,15:55,119.19,Tagesschluss,-0.518,120.94,118.17,SHOP,RetestMax,forward
2026-07-09,short,09:35,202.49,203.0,,13:05,203.0,SL,-1.277,204.46,202.51,NVDA,SL25,forward
2026-07-09,short,09:35,202.49,203.49,,13:55,203.49,SL,-1.142,204.46,202.51,NVDA,SL50,forward
2026-07-09,short,09:35,202.49,203.97,,14:30,203.97,SL,-1.096,204.46,202.51,NVDA,SL75,forward
2026-07-09,short,09:45,201.54,203.49,197.65,13:55,203.49,SL,-1.073,204.46,202.51,NVDA,Video,forward
2026-07-09,short,09:45,201.54,204.46,189.86,15:20,204.46,SL,-1.049,204.46,202.51,NVDA,RetestMax,forward
2026-07-09,short,09:45,201.54,204.46,189.86,15:20,204.46,SL,-1.049,204.46,202.51,NVDA,Retest3K,forward
2026-07-09,long,09:35,376.11,375.3,,10:15,375.3,SL,-1.324,375.95,373.35,MSFT,SL25,forward
2026-07-09,long,09:35,376.11,374.65,,15:55,384.35,Tagesschluss,5.592,375.95,373.35,MSFT,SL50,forward
2026-07-09,long,09:35,376.11,374.0,,15:55,384.35,Tagesschluss,3.869,375.95,373.35,MSFT,SL75,forward
2026-07-09,long,09:45,378.5,374.65,386.2,15:55,384.35,Tagesschluss,1.5,375.95,373.35,MSFT,Video,forward
2026-07-09,long,09:45,378.5,373.35,399.1,15:55,384.35,Tagesschluss,1.121,375.95,373.35,MSFT,RetestMax,forward
2026-07-09,long,09:45,378.5,373.35,399.1,15:55,384.35,Tagesschluss,1.121,375.95,373.35,MSFT,Retest3K,forward
2026-07-09,long,09:35,311.79,310.29,,09:40,310.29,SL,-1.145,311.0,308.16,AAPL,SL25,forward
2026-07-09,long,09:35,311.79,309.58,,15:55,316.18,Tagesschluss,1.958,311.0,308.16,AAPL,SL50,forward
2026-07-09,long,09:35,311.79,308.87,,15:55,316.18,Tagesschluss,1.482,311.0,308.16,AAPL,SL75,forward
2026-07-09,long,09:35,241.4,239.74,,10:15,239.74,SL,-1.101,240.24,238.25,AMZN,SL25,forward
2026-07-09,long,09:35,241.4,239.25,,15:55,247.02,Tagesschluss,2.585,240.24,238.25,AMZN,SL50,forward
2026-07-09,long,09:35,241.4,238.75,,15:55,247.02,Tagesschluss,2.1,240.24,238.25,AMZN,SL75,forward
2026-07-09,long,09:35,358.69,357.11,,09:45,357.11,SL,-1.158,358.1,354.14,GOOGL,SL25,forward
2026-07-09,long,09:35,358.69,356.12,,10:00,356.12,SL,-1.097,358.1,354.14,GOOGL,SL50,forward
2026-07-09,long,09:35,358.69,355.13,,10:00,355.13,SL,-1.07,358.1,354.14,GOOGL,SL75,forward
2026-07-09,long,09:35,585.47,583.34,,15:55,631.48,Tagesschluss,21.544,585.43,577.07,META,SL25,forward
2026-07-09,long,09:35,585.47,581.25,,15:55,631.48,Tagesschluss,10.874,585.43,577.07,META,SL50,forward
2026-07-09,long,09:35,585.47,579.16,,15:55,631.48,Tagesschluss,7.272,585.43,577.07,META,SL75,forward
2026-07-09,long,09:55,589.09,581.25,604.77,11:30,604.77,TP,1.985,585.43,577.07,META,Video,forward
2026-07-09,long,09:55,589.09,577.07,637.17,15:55,631.48,Tagesschluss,3.516,585.43,577.07,META,RetestMax,forward
2026-07-09,short,09:40,397.52,400.51,,11:30,400.51,SL,-1.094,403.14,399.63,AVGO,SL25,forward
2026-07-09,short,09:40,397.52,401.39,,11:40,401.39,SL,-1.073,403.14,399.63,AVGO,SL50,forward
2026-07-09,short,09:40,397.52,402.27,,12:30,402.27,SL,-1.059,403.14,399.63,AVGO,SL75,forward
2026-07-09,long,10:00,398.01,394.37,,10:10,394.37,SL,-1.076,395.54,390.86,TSLA,SL25,forward
2026-07-09,long,10:00,398.01,393.2,,10:10,393.2,SL,-1.057,395.54,390.86,TSLA,SL50,forward
2026-07-09,long,10:00,398.01,392.03,,10:15,392.03,SL,-1.046,395.54,390.86,TSLA,SL75,forward
2026-07-09,short,09:50,493.51,494.08,,09:55,494.08,SL,-1.603,495.25,493.7,BRK-B,SL25,forward
2026-07-09,short,09:50,493.51,494.47,,10:00,494.47,SL,-1.36,495.25,493.7,BRK-B,SL50,forward
2026-07-09,short,09:50,493.51,494.86,,10:05,494.86,SL,-1.256,495.25,493.7,BRK-B,SL75,forward
2026-07-09,long,09:35,1227.0,1222.06,,09:40,1222.06,SL,-1.173,1226.04,1210.11,LLY,SL25,forward
2026-07-09,long,09:35,1227.0,1218.08,,09:45,1218.08,SL,-1.096,1226.04,1210.11,LLY,SL50,forward
2026-07-09,long,09:35,1227.0,1214.09,,09:55,1214.09,SL,-1.066,1226.04,1210.11,LLY,SL75,forward
2026-07-09,long,09:35,748.12,747.04,,10:15,747.04,SL,-1.487,747.5,745.68,SPY,SL25,forward
2026-07-09,long,09:35,748.12,746.59,,10:15,746.59,SL,-1.342,747.5,745.68,SPY,SL50,forward
2026-07-09,long,09:35,748.12,746.13,,10:15,746.13,SL,-1.263,747.5,745.68,SPY,SL75,forward
2026-07-09,long,09:45,748.51,746.59,752.35,10:15,746.59,SL,-1.272,747.5,745.68,SPY,Video,forward
2026-07-09,long,09:45,748.51,745.68,759.83,10:20,745.68,SL,-1.185,747.5,745.68,SPY,RetestMax,forward
2026-07-09,long,09:45,748.51,745.68,759.83,10:20,745.68,SL,-1.185,747.5,745.68,SPY,Retest3K,forward
2026-07-09,long,09:35,720.84,718.5,,10:15,718.5,SL,-1.215,719.17,716.5,QQQ,SL25,forward
2026-07-09,long,09:35,720.84,717.83,,10:15,717.83,SL,-1.167,719.17,716.5,QQQ,SL50,forward
2026-07-09,long,09:35,720.84,717.17,,10:15,717.17,SL,-1.137,719.17,716.5,QQQ,SL75,forward
2026-07-09,short,09:35,13.51,13.58,,10:35,13.58,SL,-1.136,13.65,13.55,F,SL25,forward
2026-07-09,short,09:35,13.51,13.6,,10:35,13.6,SL,-1.1,13.65,13.55,F,SL50,forward
2026-07-09,short,09:35,13.51,13.62,,11:45,13.62,SL,-1.079,13.65,13.55,F,SL75,forward
2026-07-09,short,09:50,13.48,13.6,13.24,10:35,13.6,SL,-1.079,13.65,13.55,F,Video,forward
2026-07-09,short,09:50,13.48,13.65,12.8,11:50,13.65,SL,-1.056,13.65,13.55,F,RetestMax,forward
2026-07-09,long,09:35,119.51,118.74,,10:15,118.74,SL,-1.108,119.42,116.71,SHOP,SL25,forward
2026-07-09,long,09:35,119.51,118.06,,15:55,123.18,Tagesschluss,2.523,119.42,116.71,SHOP,SL50,forward
2026-07-09,long,09:35,119.51,117.39,,15:55,123.18,Tagesschluss,1.718,119.42,116.71,SHOP,SL75,forward
2026-07-09,long,09:45,120.14,118.06,124.28,15:55,123.18,Tagesschluss,1.459,119.42,116.71,SHOP,Video,forward
2026-07-09,long,09:45,120.14,116.71,133.84,15:55,123.18,Tagesschluss,0.882,119.42,116.71,SHOP,RetestMax,forward
2026-07-09,long,09:45,120.14,116.71,133.84,15:55,123.18,Tagesschluss,0.882,119.42,116.71,SHOP,Retest3K,forward
2026-07-10,long,09:40,204.62,203.78,,15:55,210.95,Tagesschluss,7.486,204.4,201.92,NVDA,SL25,forward
2026-07-10,long,09:40,204.62,203.16,,15:55,210.95,Tagesschluss,4.307,204.4,201.92,NVDA,SL50,forward
2026-07-10,long,09:40,204.62,202.54,,15:55,210.95,Tagesschluss,3.023,204.4,201.92,NVDA,SL75,forward
2026-07-10,long,09:50,206.48,203.16,213.12,15:55,210.95,Tagesschluss,1.334,204.4,201.92,NVDA,Video,forward
2026-07-10,long,09:50,206.48,201.92,224.72,15:55,210.95,Tagesschluss,0.971,204.4,201.92,NVDA,RetestMax,forward
2026-07-10,short,09:45,385.67,387.29,,15:55,385.08,Tagesschluss,0.316,390.11,386.36,MSFT,SL25,forward
2026-07-10,short,09:45,385.67,388.23,,15:55,385.08,Tagesschluss,0.2,390.11,386.36,MSFT,SL50,forward
2026-07-10,short,09:45,385.67,389.17,,15:55,385.08,Tagesschluss,0.147,390.11,386.36,MSFT,SL75,forward
2026-07-10,short,10:00,384.77,388.23,377.86,15:55,385.08,Tagesschluss,-0.11,390.11,386.36,MSFT,Video,forward
2026-07-10,short,10:00,384.77,390.11,363.44,15:55,385.08,Tagesschluss,-0.072,390.11,386.36,MSFT,RetestMax,forward
2026-07-10,short,10:25,313.13,313.79,,10:50,313.79,SL,-1.331,315.54,313.21,AAPL,SL25,forward
2026-07-10,short,10:25,313.13,314.38,,12:15,314.38,SL,-1.177,315.54,313.21,AAPL,SL50,forward
2026-07-10,short,10:25,313.13,314.96,,14:30,314.96,SL,-1.121,315.54,313.21,AAPL,SL75,forward
2026-07-10,short,10:35,312.23,314.38,307.94,12:15,314.38,SL,-1.102,315.54,313.21,AAPL,Video,forward
2026-07-10,short,10:35,312.23,315.54,298.99,15:00,315.54,SL,-1.067,315.54,313.21,AAPL,RetestMax,forward
2026-07-10,short,09:40,247.78,249.4,,15:55,245.31,Tagesschluss,1.499,251.03,248.85,AMZN,SL25,forward
2026-07-10,short,09:40,247.78,249.94,,15:55,245.31,Tagesschluss,1.121,251.03,248.85,AMZN,SL50,forward
2026-07-10,short,09:40,247.78,250.49,,15:55,245.31,Tagesschluss,0.895,251.03,248.85,AMZN,SL75,forward
2026-07-10,short,10:30,354.43,355.33,,12:30,355.33,SL,-1.277,357.82,354.5,GOOGL,SL25,forward
2026-07-10,short,10:30,354.43,356.16,,15:15,356.16,SL,-1.144,357.82,354.5,GOOGL,SL50,forward
2026-07-10,short,10:30,354.43,356.99,,15:45,356.99,SL,-1.098,357.82,354.5,GOOGL,SL75,forward
2026-07-10,long,09:45,401.37,399.42,,09:55,399.42,SL,-1.143,400.32,396.71,AVGO,SL25,forward
2026-07-10,long,09:45,401.37,398.52,,09:55,398.52,SL,-1.098,400.32,396.71,AVGO,SL50,forward
2026-07-10,long,09:45,401.37,397.61,,10:30,397.61,SL,-1.074,400.32,396.71,AVGO,SL75,forward
2026-07-10,short,09:35,406.24,408.43,,09:40,408.43,SL,-1.13,412.58,407.05,TSLA,SL25,forward
2026-07-10,short,09:35,406.24,409.81,,09:50,409.81,SL,-1.08,412.58,407.05,TSLA,SL50,forward
2026-07-10,short,09:35,406.24,411.2,,10:10,411.2,SL,-1.058,412.58,407.05,TSLA,SL75,forward
2026-07-10,short,09:40,494.28,495.28,,15:55,493.87,Tagesschluss,0.313,497.3,494.6,BRK-B,SL25,forward
2026-07-10,short,09:40,494.28,495.95,,15:55,493.87,Tagesschluss,0.186,497.3,494.6,BRK-B,SL50,forward
2026-07-10,short,09:40,494.28,496.63,,15:55,493.87,Tagesschluss,0.133,497.3,494.6,BRK-B,SL75,forward
2026-07-10,short,09:50,493.36,495.95,488.18,15:55,493.87,Tagesschluss,-0.235,497.3,494.6,BRK-B,Video,forward
2026-07-10,short,09:50,493.36,497.3,477.6,15:55,493.87,Tagesschluss,-0.155,497.3,494.6,BRK-B,RetestMax,forward
2026-07-10,long,09:45,753.03,752.65,,09:55,752.65,SL,-2.377,752.86,752.01,SPY,SL25,forward
2026-07-10,long,09:45,753.03,752.43,,10:15,752.43,SL,-1.885,752.86,752.01,SPY,SL50,forward
2026-07-10,long,09:45,753.03,752.22,,10:20,752.22,SL,-1.652,752.86,752.01,SPY,SL75,forward
2026-07-10,long,09:55,753.19,752.43,754.7,10:15,752.43,SL,-1.698,752.86,752.01,SPY,Video,forward
2026-07-10,long,09:55,753.19,752.01,757.91,10:30,752.01,SL,-1.446,752.86,752.01,SPY,RetestMax,forward
2026-07-10,long,09:45,723.31,722.16,,10:15,722.16,SL,-1.439,722.8,720.22,QQQ,SL25,forward
2026-07-10,long,09:45,723.31,721.51,,10:20,721.51,SL,-1.281,722.8,720.22,QQQ,SL50,forward
2026-07-10,long,09:45,723.31,720.87,,10:30,720.87,SL,-1.207,722.8,720.22,QQQ,SL75,forward
2026-07-10,long,09:40,13.8,13.71,,15:55,13.99,Tagesschluss,2.369,13.74,13.63,F,SL25,forward
2026-07-10,long,09:40,13.8,13.68,,15:55,13.99,Tagesschluss,1.769,13.74,13.63,F,SL50,forward
2026-07-10,long,09:40,13.8,13.66,,15:55,13.99,Tagesschluss,1.411,13.74,13.63,F,SL75,forward
2026-07-10,short,10:00,126.73,127.85,,15:55,122.53,Tagesschluss,3.736,130.75,126.88,SHOP,SL25,forward
2026-07-10,short,10:00,126.73,128.81,,15:55,122.53,Tagesschluss,2.002,130.75,126.88,SHOP,SL50,forward
2026-07-10,short,10:00,126.73,129.78,,15:55,122.53,Tagesschluss,1.368,130.75,126.88,SHOP,SL75,forward
2026-07-10,short,10:10,126.64,128.81,122.29,15:55,122.53,Tagesschluss,1.878,130.75,126.88,SHOP,Video,forward
2026-07-10,short,10:10,126.64,130.75,110.2,15:55,122.53,Tagesschluss,0.994,130.75,126.88,SHOP,RetestMax,forward
2026-07-13,short,09:40,208.11,208.97,,10:00,208.97,SL,-1.171,210.3,208.52,NVDA,SL25,forward
2026-07-13,short,09:40,208.11,209.41,,10:05,209.41,SL,-1.113,210.3,208.52,NVDA,SL50,forward
2026-07-13,short,09:40,208.11,209.86,,15:55,203.48,Tagesschluss,2.63,210.3,208.52,NVDA,SL75,forward
2026-07-13,short,10:05,385.69,387.58,,10:45,387.58,SL,-1.143,391.05,386.43,MSFT,SL25,forward
2026-07-13,short,10:05,385.69,388.74,,10:50,388.74,SL,-1.089,391.05,386.43,MSFT,SL50,forward
2026-07-13,short,10:05,385.69,389.89,,11:00,389.89,SL,-1.065,391.05,386.43,MSFT,SL75,forward
2026-07-13,short,10:15,385.25,388.74,378.27,10:50,388.74,SL,-1.078,391.05,386.43,MSFT,Video,forward
2026-07-13,short,10:15,385.25,391.05,362.05,11:20,391.05,SL,-1.047,391.05,386.43,MSFT,RetestMax,forward
2026-07-13,long,09:35,321.65,319.6,,10:15,319.6,SL,-1.109,320.65,316.45,AAPL,SL25,forward
2026-07-13,long,09:35,321.65,318.55,,10:55,318.55,SL,-1.072,320.65,316.45,AAPL,SL50,forward
2026-07-13,long,09:35,321.65,317.5,,11:25,317.5,SL,-1.054,320.65,316.45,AAPL,SL75,forward
2026-07-13,long,10:00,321.58,318.55,327.64,10:55,318.55,SL,-1.074,320.65,316.45,AAPL,Video,forward
2026-07-13,long,10:00,321.58,316.45,342.1,11:35,316.45,SL,-1.043,320.65,316.45,AAPL,RetestMax,forward
2026-07-13,long,09:35,248.1,247.06,,09:45,247.06,SL,-1.166,248.0,244.23,AMZN,SL25,forward
2026-07-13,long,09:35,248.1,246.11,,09:50,246.11,SL,-1.087,248.0,244.23,AMZN,SL50,forward
2026-07-13,long,09:35,248.1,245.17,,15:55,247.37,Tagesschluss,-0.266,248.0,244.23,AMZN,SL75,forward
2026-07-13,long,09:45,248.57,246.11,253.48,09:50,246.11,SL,-1.07,248.0,244.23,AMZN,Video,forward
2026-07-13,long,09:45,248.57,244.23,265.93,15:55,247.37,Tagesschluss,-0.288,248.0,244.23,AMZN,RetestMax,forward
2026-07-13,long,09:45,248.57,244.23,265.93,15:55,247.37,Tagesschluss,-0.288,248.0,244.23,AMZN,Retest3K,forward
2026-07-13,long,09:40,357.33,356.01,,09:45,356.01,SL,-1.189,356.61,354.2,GOOGL,SL25,forward
2026-07-13,long,09:40,357.33,355.4,,09:45,355.4,SL,-1.129,356.61,354.2,GOOGL,SL50,forward
2026-07-13,long,09:40,357.33,354.8,,09:50,354.8,SL,-1.098,356.61,354.2,GOOGL,SL75,forward
2026-07-13,long,09:35,672.54,667.92,,09:45,667.92,SL,-1.101,670.65,659.74,META,SL25,forward
2026-07-13,long,09:35,672.54,665.2,,09:45,665.2,SL,-1.063,670.65,659.74,META,SL50,forward
2026-07-13,long,09:35,672.54,662.47,,09:50,662.47,SL,-1.046,670.65,659.74,META,SL75,forward
2026-07-13,short,09:35,389.91,391.75,,10:05,391.75,SL,-1.149,395.0,390.67,AVGO,SL25,forward
2026-07-13,short,09:35,389.91,392.84,,10:20,392.84,SL,-1.094,395.0,390.67,AVGO,SL50,forward
2026-07-13,short,09:35,389.91,393.92,,10:20,393.92,SL,-1.069,395.0,390.67,AVGO,SL75,forward
2026-07-13,short,09:35,396.41,401.13,,15:55,394.75,Tagesschluss,0.335,405.4,399.71,TSLA,SL25,forward
2026-07-13,short,09:35,396.41,402.55,,15:55,394.75,Tagesschluss,0.257,405.4,399.71,TSLA,SL50,forward
2026-07-13,short,09:35,396.41,403.98,,15:55,394.75,Tagesschluss,0.209,405.4,399.71,TSLA,SL75,forward
2026-07-13,long,09:35,498.62,496.37,,10:30,496.37,SL,-1.154,496.74,495.25,BRK-B,SL25,forward
2026-07-13,long,09:35,498.62,496.0,,10:30,496.0,SL,-1.132,496.74,495.25,BRK-B,SL50,forward
2026-07-13,long,09:35,498.62,495.62,,10:30,495.62,SL,-1.116,496.74,495.25,BRK-B,SL75,forward
2026-07-13,long,09:45,1187.94,1177.1,,15:55,1184.84,Tagesschluss,-0.308,1180.8,1166.01,LLY,SL25,forward
2026-07-13,long,09:45,1187.94,1173.41,,15:55,1184.84,Tagesschluss,-0.23,1180.8,1166.01,LLY,SL50,forward
2026-07-13,long,09:45,1187.94,1169.71,,15:55,1184.84,Tagesschluss,-0.183,1180.8,1166.01,LLY,SL75,forward
2026-07-13,short,10:15,751.93,752.78,,10:20,752.78,SL,-1.622,753.91,752.4,SPY,SL25,forward
2026-07-13,short,10:15,751.93,753.15,,10:25,753.15,SL,-1.43,753.91,752.4,SPY,SL50,forward
2026-07-13,short,10:15,751.93,753.53,,15:55,749.1,Tagesschluss,1.672,753.91,752.4,SPY,SL75,forward
2026-07-13,short,09:35,715.64,716.55,,10:00,716.55,SL,-1.55,718.43,715.92,QQQ,SL25,forward
2026-07-13,short,09:35,715.64,717.18,,10:25,717.18,SL,-1.326,718.43,715.92,QQQ,SL50,forward
2026-07-13,short,09:35,715.64,717.8,,10:30,717.8,SL,-1.232,718.43,715.92,QQQ,SL75,forward
2026-07-13,short,09:45,713.95,717.18,707.5,10:25,717.18,SL,-1.155,718.43,715.92,QQQ,Video,forward
2026-07-13,short,09:45,713.95,718.43,696.03,11:00,718.43,SL,-1.112,718.43,715.92,QQQ,RetestMax,forward
2026-07-13,short,09:45,713.95,718.43,696.03,11:00,718.43,SL,-1.112,718.43,715.92,QQQ,Retest3K,forward
2026-07-13,long,09:55,14.19,14.12,,10:15,14.12,SL,-1.136,14.18,13.93,F,SL25,forward
2026-07-13,long,09:55,14.19,14.06,,10:45,14.06,SL,-1.073,14.18,13.93,F,SL50,forward
2026-07-13,long,09:55,14.19,13.99,,11:40,13.99,SL,-1.05,14.18,13.93,F,SL75,forward
2026-07-13,short,09:45,122.82,124.09,,10:35,124.09,SL,-1.069,126.16,123.4,SHOP,SL25,forward
2026-07-13,short,09:45,122.82,124.78,,10:50,124.78,SL,-1.045,126.16,123.4,SHOP,SL50,forward
2026-07-13,short,09:45,122.82,125.47,,11:00,125.47,SL,-1.033,126.16,123.4,SHOP,SL75,forward
2026-07-13,short,10:15,122.9,124.78,119.14,10:50,124.78,SL,-1.046,126.16,123.4,SHOP,Video,forward
2026-07-13,short,10:15,122.9,126.16,109.86,12:45,126.16,SL,-1.027,126.16,123.4,SHOP,RetestMax,forward
2026-07-14,short,09:35,204.24,205.71,,10:20,205.71,SL,-1.098,208.34,204.83,NVDA,SL25,forward
2026-07-14,short,09:35,204.24,206.58,,10:30,206.58,SL,-1.062,208.34,204.83,NVDA,SL50,forward
2026-07-14,short,09:35,204.24,207.46,,10:55,207.46,SL,-1.045,208.34,204.83,NVDA,SL75,forward
2026-07-14,long,09:40,382.91,381.76,,09:45,381.76,SL,-1.233,382.8,378.65,MSFT,SL25,forward
2026-07-14,long,09:40,382.91,380.73,,15:55,384.95,Tagesschluss,0.899,382.8,378.65,MSFT,SL50,forward
2026-07-14,long,09:40,382.91,379.69,,15:55,384.95,Tagesschluss,0.609,382.8,378.65,MSFT,SL75,forward
2026-07-14,long,09:50,383.47,380.73,388.96,15:55,384.95,Tagesschluss,0.512,382.8,378.65,MSFT,Video,forward
2026-07-14,long,09:50,383.47,378.65,402.75,15:55,384.95,Tagesschluss,0.291,382.8,378.65,MSFT,RetestMax,forward
2026-07-14,long,09:35,314.85,313.58,,09:45,313.58,SL,-1.172,314.13,311.91,AAPL,SL25,forward
2026-07-14,long,09:35,314.85,313.02,,12:00,313.02,SL,-1.12,314.13,311.91,AAPL,SL50,forward
2026-07-14,long,09:35,314.85,312.47,,15:55,314.92,Tagesschluss,0.003,314.13,311.91,AAPL,SL75,forward
2026-07-14,long,09:45,314.87,313.02,318.57,12:00,313.02,SL,-1.119,314.13,311.91,AAPL,Video,forward
2026-07-14,long,09:45,314.87,311.91,326.71,15:55,314.92,Tagesschluss,-0.004,314.13,311.91,AAPL,RetestMax,forward
2026-07-14,long,09:45,314.87,311.91,326.71,15:55,314.92,Tagesschluss,-0.004,314.13,311.91,AAPL,Retest3K,forward
2026-07-14,long,10:05,354.4,353.57,,15:55,359.55,Tagesschluss,6.04,354.39,351.09,GOOGL,SL25,forward
2026-07-14,long,10:05,354.4,352.74,,15:55,359.55,Tagesschluss,3.047,354.39,351.09,GOOGL,SL50,forward
2026-07-14,long,10:05,354.4,351.92,,15:55,359.55,Tagesschluss,2.038,354.39,351.09,GOOGL,SL75,forward
2026-07-14,long,10:15,354.83,352.74,359.01,13:30,359.01,TP,1.966,354.39,351.09,GOOGL,Video,forward
2026-07-14,long,10:15,354.83,351.09,369.79,15:55,359.55,Tagesschluss,1.243,354.39,351.09,GOOGL,RetestMax,forward
2026-07-14,long,09:35,659.59,654.61,,15:55,661.08,Tagesschluss,0.273,656.47,649.05,META,SL25,forward
2026-07-14,long,09:35,659.59,652.76,,15:55,661.08,Tagesschluss,0.199,656.47,649.05,META,SL50,forward
2026-07-14,long,09:35,659.59,650.9,,15:55,661.08,Tagesschluss,0.156,656.47,649.05,META,SL75,forward
2026-07-14,long,09:45,660.75,652.76,676.73,15:55,661.08,Tagesschluss,0.025,656.47,649.05,META,Video,forward
2026-07-14,long,09:45,660.75,649.05,707.55,15:55,661.08,Tagesschluss,0.017,656.47,649.05,META,RetestMax,forward
2026-07-14,long,09:45,660.75,649.05,707.55,15:55,661.08,Tagesschluss,0.017,656.47,649.05,META,Retest3K,forward
2026-07-14,short,09:35,386.56,390.24,,09:45,390.24,SL,-1.074,395.61,388.45,AVGO,SL25,forward
2026-07-14,short,09:35,386.56,392.03,,10:20,392.03,SL,-1.05,395.61,388.45,AVGO,SL50,forward
2026-07-14,short,09:35,386.56,393.82,,10:30,393.82,SL,-1.038,395.61,388.45,AVGO,SL75,forward
2026-07-14,short,11:50,396.04,397.73,,12:35,397.73,SL,-1.164,400.82,396.7,TSLA,SL25,forward
2026-07-14,short,11:50,396.04,398.76,,15:55,396.06,Tagesschluss,-0.038,400.82,396.7,TSLA,SL50,forward
2026-07-14,short,11:50,396.04,399.79,,15:55,396.06,Tagesschluss,-0.028,400.82,396.7,TSLA,SL75,forward
2026-07-14,short,12:00,395.76,398.76,389.76,15:55,396.06,Tagesschluss,-0.126,400.82,396.7,TSLA,Video,forward
2026-07-14,short,12:00,395.76,400.82,375.52,15:55,396.06,Tagesschluss,-0.075,400.82,396.7,TSLA,RetestMax,forward
2026-07-14,long,09:35,496.0,493.73,,13:40,493.73,SL,-1.152,494.41,491.68,BRK-B,SL25,forward
2026-07-14,long,09:35,496.0,493.05,,15:45,493.05,SL,-1.117,494.41,491.68,BRK-B,SL50,forward
2026-07-14,long,09:35,496.0,492.36,,15:55,492.36,SL,-1.095,494.41,491.68,BRK-B,SL75,forward
2026-07-14,short,09:50,1147.26,1154.75,,10:10,1154.75,SL,-1.108,1166.01,1151.0,LLY,SL25,forward
2026-07-14,short,09:50,1147.26,1158.51,,15:55,1158.51,SL,-1.072,1166.01,1151.0,LLY,SL50,forward
2026-07-14,short,09:50,1147.26,1162.26,,15:55,1153.58,Tagesschluss,-0.437,1166.01,1151.0,LLY,SL75,forward
2026-07-14,short,10:00,1143.08,1158.51,1112.23,15:55,1158.51,SL,-1.052,1166.01,1151.0,LLY,Video,forward
2026-07-14,short,10:00,1143.08,1166.01,1051.36,15:55,1153.58,Tagesschluss,-0.468,1166.01,1151.0,LLY,RetestMax,forward
2026-07-14,long,09:35,751.17,750.67,,09:40,750.67,SL,-2.043,751.04,749.54,SPY,SL25,forward
2026-07-14,long,09:35,751.17,750.29,,10:00,750.29,SL,-1.598,751.04,749.54,SPY,SL50,forward
2026-07-14,long,09:35,751.17,749.92,,10:05,749.92,SL,-1.419,751.04,749.54,SPY,SL75,forward
2026-07-14,long,09:45,751.52,750.29,753.98,10:00,750.29,SL,-1.428,751.04,749.54,SPY,Video,forward
2026-07-14,long,09:45,751.52,749.54,759.42,10:15,749.54,SL,-1.266,751.04,749.54,SPY,RetestMax,forward
2026-07-14,long,09:45,751.52,749.54,759.42,10:15,749.54,SL,-1.266,751.04,749.54,SPY,Retest3K,forward
2026-07-14,short,10:05,716.67,718.01,,10:25,718.01,SL,-1.375,720.29,717.25,QQQ,SL25,forward
2026-07-14,short,10:05,716.67,718.77,,10:30,718.77,SL,-1.24,720.29,717.25,QQQ,SL50,forward
2026-07-14,short,10:05,716.67,719.53,,10:30,719.53,SL,-1.176,720.29,717.25,QQQ,SL75,forward
2026-07-14,short,10:15,716.05,718.77,710.61,10:30,718.77,SL,-1.185,720.29,717.25,QQQ,Video,forward
2026-07-14,short,10:15,716.05,720.29,699.11,10:30,720.29,SL,-1.119,720.29,717.25,QQQ,RetestMax,forward
2026-07-14,short,09:45,13.89,13.94,,10:00,13.94,SL,-1.177,14.03,13.91,F,SL25,forward
2026-07-14,short,09:45,13.89,13.97,,10:05,13.97,SL,-1.115,14.03,13.91,F,SL50,forward
2026-07-14,short,09:45,13.89,14.0,,15:55,13.93,Tagesschluss,-0.372,14.03,13.91,F,SL75,forward
2026-07-14,long,09:35,123.75,122.33,,15:55,125.66,Tagesschluss,1.326,123.11,120.0,SHOP,SL25,forward
2026-07-14,long,09:35,123.75,121.55,,15:55,125.66,Tagesschluss,0.858,123.11,120.0,SHOP,SL50,forward
2026-07-14,long,09:35,123.75,120.78,,15:55,125.66,Tagesschluss,0.634,123.11,120.0,SHOP,SL75,forward
2026-07-15,short,09:50,211.07,211.82,,09:55,211.82,SL,-1.196,213.81,211.16,NVDA,SL25,forward
2026-07-15,short,09:50,211.07,212.49,,15:55,212.49,SL,-1.105,213.81,211.16,NVDA,SL50,forward
2026-07-15,short,09:50,211.07,213.15,,15:55,212.49,Tagesschluss,-0.705,213.81,211.16,NVDA,SL75,forward
2026-07-15,long,09:50,390.42,389.45,,09:55,389.45,SL,-1.281,390.33,386.8,MSFT,SL25,forward
2026-07-15,long,09:50,390.42,388.57,,15:55,395.62,Tagesschluss,2.765,390.33,386.8,MSFT,SL50,forward
2026-07-15,long,09:50,390.42,387.69,,15:55,395.62,Tagesschluss,1.873,390.33,386.8,MSFT,SL75,forward
2026-07-15,long,09:40,321.17,318.68,,15:55,327.57,Tagesschluss,2.541,319.13,317.32,AAPL,SL25,forward
2026-07-15,long,09:40,321.17,318.22,,15:55,327.57,Tagesschluss,2.151,319.13,317.32,AAPL,SL50,forward
2026-07-15,long,09:40,321.17,317.77,,15:55,327.57,Tagesschluss,1.865,319.13,317.32,AAPL,SL75,forward
2026-07-15,long,10:00,253.46,252.27,,15:55,254.88,Tagesschluss,1.163,252.9,250.38,AMZN,SL25,forward
2026-07-15,long,10:00,253.46,251.64,,15:55,254.88,Tagesschluss,0.758,252.9,250.38,AMZN,SL50,forward
2026-07-15,long,10:00,253.46,251.01,,15:55,254.88,Tagesschluss,0.562,252.9,250.38,AMZN,SL75,forward
2026-07-15,long,09:40,364.05,362.24,,15:55,370.92,Tagesschluss,3.763,363.73,357.76,GOOGL,SL25,forward
2026-07-15,long,09:40,364.05,360.74,,15:55,370.92,Tagesschluss,2.061,363.73,357.76,GOOGL,SL50,forward
2026-07-15,long,09:40,364.05,359.25,,15:55,370.92,Tagesschluss,1.419,363.73,357.76,GOOGL,SL75,forward
2026-07-15,long,10:05,670.35,663.11,,15:55,681.28,Tagesschluss,1.49,665.14,657.02,META,SL25,forward
2026-07-15,long,10:05,670.35,661.08,,15:55,681.28,Tagesschluss,1.164,665.14,657.02,META,SL50,forward
2026-07-15,long,10:05,670.35,659.05,,15:55,681.28,Tagesschluss,0.955,665.14,657.02,META,SL75,forward
2026-07-15,long,09:35,397.05,395.4,,09:45,395.4,SL,-1.167,396.39,392.42,AVGO,SL25,forward
2026-07-15,long,09:35,397.05,394.4,,10:10,394.4,SL,-1.104,396.39,392.42,AVGO,SL50,forward
2026-07-15,long,09:35,397.05,393.41,,10:10,393.41,SL,-1.076,396.39,392.42,AVGO,SL75,forward
2026-07-15,short,09:50,398.08,401.59,,15:55,394.19,Tagesschluss,1.083,404.92,400.48,TSLA,SL25,forward
2026-07-15,short,09:50,398.08,402.7,,15:55,394.19,Tagesschluss,0.823,404.92,400.48,TSLA,SL50,forward
2026-07-15,short,09:50,398.08,403.81,,15:55,394.19,Tagesschluss,0.664,404.92,400.48,TSLA,SL75,forward
2026-07-15,short,10:10,398.82,402.7,391.06,12:35,391.06,TP,1.98,404.92,400.48,TSLA,Video,forward
2026-07-15,short,10:10,398.82,404.92,374.42,15:55,394.19,Tagesschluss,0.746,404.92,400.48,TSLA,RetestMax,forward
2026-07-15,long,10:20,490.6,489.93,,11:35,489.93,SL,-1.514,490.56,488.05,BRK-B,SL25,forward
2026-07-15,long,10:20,490.6,489.3,,15:30,489.3,SL,-1.265,490.56,488.05,BRK-B,SL50,forward
2026-07-15,long,10:20,490.6,488.68,,15:35,488.68,SL,-1.178,490.56,488.05,BRK-B,SL75,forward
2026-07-15,short,09:45,753.56,754.47,,09:55,754.47,SL,-1.583,755.26,754.2,SPY,SL25,forward
2026-07-15,short,09:45,753.56,754.73,,10:00,754.73,SL,-1.451,755.26,754.2,SPY,SL50,forward
2026-07-15,short,09:45,753.56,755.0,,10:00,755.0,SL,-1.368,755.26,754.2,SPY,SL75,forward
2026-07-15,short,09:35,722.05,723.17,,15:55,717.69,Tagesschluss,3.756,724.35,722.78,QQQ,SL25,forward
2026-07-15,short,09:35,722.05,723.57,,15:55,717.69,Tagesschluss,2.783,724.35,722.78,QQQ,SL50,forward
2026-07-15,short,09:35,722.05,723.96,,15:55,717.69,Tagesschluss,2.21,724.35,722.78,QQQ,SL75,forward
2026-07-15,short,09:45,14.01,14.04,,09:50,14.04,SL,-1.302,14.1,14.02,F,SL25,forward
2026-07-15,short,09:45,14.01,14.06,,09:50,14.06,SL,-1.179,14.1,14.02,F,SL50,forward
2026-07-15,short,09:45,14.01,14.08,,09:55,14.08,SL,-1.127,14.1,14.02,F,SL75,forward
2026-07-15,short,09:35,124.49,126.33,,11:25,126.33,SL,-1.048,127.59,125.91,SHOP,SL25,forward
2026-07-15,short,09:35,124.49,126.75,,11:30,126.75,SL,-1.039,127.59,125.91,SHOP,SL50,forward
2026-07-15,short,09:35,124.49,127.17,,11:40,127.17,SL,-1.033,127.59,125.91,SHOP,SL75,forward
2026-07-16,short,09:35,208.48,209.78,,12:25,209.78,SL,-1.112,211.08,209.35,NVDA,SL25,forward
2026-07-16,short,09:35,208.48,210.22,,12:25,210.22,SL,-1.085,211.08,209.35,NVDA,SL50,forward
2026-07-16,short,09:35,208.48,210.65,,12:25,210.65,SL,-1.068,211.08,209.35,NVDA,SL75,forward
2026-07-16,short,09:45,207.48,210.22,202.0,12:25,210.22,SL,-1.054,211.08,209.35,NVDA,Video,forward
2026-07-16,short,09:45,207.48,211.08,193.06,12:25,211.08,SL,-1.041,211.08,209.35,NVDA,RetestMax,forward
2026-07-16,short,09:45,207.48,211.08,193.06,12:25,211.08,SL,-1.041,211.08,209.35,NVDA,Retest3K,forward
2026-07-16,short,09:40,392.2,395.33,,09:55,395.33,SL,-1.088,398.71,394.21,MSFT,SL25,forward
2026-07-16,short,09:40,392.2,396.46,,10:30,396.46,SL,-1.065,398.71,394.21,MSFT,SL50,forward
2026-07-16,short,09:40,392.2,397.58,,10:40,397.58,SL,-1.052,398.71,394.21,MSFT,SL75,forward
2026-07-16,long,09:50,329.86,328.43,,10:05,328.43,SL,-1.162,328.98,326.79,AAPL,SL25,forward
2026-07-16,long,09:50,329.86,327.89,,12:25,327.89,SL,-1.117,328.98,326.79,AAPL,SL50,forward
2026-07-16,long,09:50,329.86,327.34,,15:55,333.27,Tagesschluss,1.33,328.98,326.79,AAPL,SL75,forward
2026-07-16,short,09:40,667.16,671.61,,09:50,671.61,SL,-1.106,680.59,668.62,META,SL25,forward
2026-07-16,short,09:40,667.16,674.61,,10:20,674.61,SL,-1.063,680.59,668.62,META,SL50,forward
2026-07-16,short,09:40,667.16,677.6,,10:30,677.6,SL,-1.045,680.59,668.62,META,SL75,forward
2026-07-16,short,09:35,378.92,382.6,,10:00,382.6,SL,-1.073,386.33,381.36,AVGO,SL25,forward
2026-07-16,short,09:35,378.92,383.84,,10:05,383.84,SL,-1.054,386.33,381.36,AVGO,SL50,forward
2026-07-16,short,09:35,378.92,385.08,,10:05,385.08,SL,-1.044,386.33,381.36,AVGO,SL75,forward
2026-07-16,short,09:45,378.71,383.84,368.44,10:05,383.84,SL,-1.052,386.33,381.36,AVGO,Video,forward
2026-07-16,short,09:45,378.71,386.33,348.25,12:25,386.33,SL,-1.035,386.33,381.36,AVGO,RetestMax,forward
2026-07-16,short,09:45,378.71,386.33,348.25,12:25,386.33,SL,-1.035,386.33,381.36,AVGO,Retest3K,forward
2026-07-16,short,09:40,386.65,388.53,,10:00,388.53,SL,-1.145,392.5,387.2,TSLA,SL25,forward
2026-07-16,short,09:40,386.65,389.85,,10:00,389.85,SL,-1.085,392.5,387.2,TSLA,SL50,forward
2026-07-16,short,09:40,386.65,391.18,,10:05,391.18,SL,-1.06,392.5,387.2,TSLA,SL75,forward
2026-07-16,short,09:50,386.14,389.85,378.72,10:00,389.85,SL,-1.073,392.5,387.2,TSLA,Video,forward
2026-07-16,short,09:50,386.14,392.5,360.7,10:10,392.5,SL,-1.043,392.5,387.2,TSLA,RetestMax,forward
2026-07-16,short,09:55,488.27,489.04,,10:50,489.04,SL,-1.444,490.84,488.44,BRK-B,SL25,forward
2026-07-16,short,09:55,488.27,489.64,,10:55,489.64,SL,-1.25,490.84,488.44,BRK-B,SL50,forward
2026-07-16,short,09:55,488.27,490.24,,13:55,490.24,SL,-1.174,490.84,488.44,BRK-B,SL75,forward
2026-07-16,short,10:05,486.43,489.64,480.01,10:55,489.64,SL,-1.107,490.84,488.44,BRK-B,Video,forward
2026-07-16,short,10:05,486.43,490.84,468.79,14:05,490.84,SL,-1.078,490.84,488.44,BRK-B,RetestMax,forward
2026-07-16,long,09:55,1169.7,1158.3,,15:55,1169.7,Tagesschluss,-0.021,1163.99,1141.2,LLY,SL25,forward
2026-07-16,long,09:55,1169.7,1152.6,,15:55,1169.7,Tagesschluss,-0.014,1163.99,1141.2,LLY,SL50,forward
2026-07-16,long,09:55,1169.7,1146.9,,15:55,1169.7,Tagesschluss,-0.01,1163.99,1141.2,LLY,SL75,forward
2026-07-16,short,09:35,751.71,752.45,,10:00,752.45,SL,-1.714,753.52,752.09,SPY,SL25,forward
2026-07-16,short,09:35,751.71,752.81,,10:00,752.81,SL,-1.481,753.52,752.09,SPY,SL50,forward
2026-07-16,short,09:35,751.71,753.16,,10:05,753.16,SL,-1.363,753.52,752.09,SPY,SL75,forward
2026-07-16,short,09:45,751.09,752.81,747.66,10:00,752.81,SL,-1.307,753.52,752.09,SPY,Video,forward
2026-07-16,short,09:45,751.09,753.52,741.37,10:05,753.52,SL,-1.217,753.52,752.09,SPY,RetestMax,forward
2026-07-16,short,09:45,751.09,753.52,741.37,10:05,753.52,SL,-1.217,753.52,752.09,SPY,Retest3K,forward
2026-07-16,short,09:35,710.1,711.8,,10:05,711.8,SL,-1.293,713.59,711.2,QQQ,SL25,forward
2026-07-16,short,09:35,710.1,712.4,,10:05,712.4,SL,-1.217,713.59,711.2,QQQ,SL50,forward
2026-07-16,short,09:35,710.1,713.0,,10:35,713.0,SL,-1.172,713.59,711.2,QQQ,SL75,forward
2026-07-16,short,09:45,708.23,712.4,699.89,10:05,712.4,SL,-1.12,713.59,711.2,QQQ,Video,forward
2026-07-16,short,09:45,708.23,713.59,686.77,12:25,713.59,SL,-1.093,713.59,711.2,QQQ,RetestMax,forward
2026-07-16,short,09:45,708.23,713.59,686.77,12:25,713.59,SL,-1.093,713.59,711.2,QQQ,Retest3K,forward
2026-07-16,long,10:10,14.23,14.15,,11:05,14.15,SL,-1.117,14.2,14.0,F,SL25,forward
2026-07-16,long,10:10,14.23,14.1,,12:00,14.1,SL,-1.073,14.2,14.0,F,SL50,forward
2026-07-16,long,10:10,14.23,14.05,,15:55,14.18,Tagesschluss,-0.313,14.2,14.0,F,SL75,forward
2026-07-16,short,09:35,124.25,124.87,,10:35,124.87,SL,-1.139,126.65,124.28,SHOP,SL25,forward
2026-07-16,short,09:35,124.25,125.46,,10:40,125.46,SL,-1.072,126.65,124.28,SHOP,SL50,forward
2026-07-16,short,09:35,124.25,126.06,,11:20,126.06,SL,-1.049,126.65,124.28,SHOP,SL75,forward
2026-07-16,short,09:45,123.5,125.46,119.57,10:40,125.46,SL,-1.045,126.65,124.28,SHOP,Video,forward
2026-07-16,short,09:45,123.5,126.65,110.9,11:25,126.65,SL,-1.028,126.65,124.28,SHOP,RetestMax,forward
2026-07-16,short,09:45,123.5,126.65,110.9,11:25,126.65,SL,-1.028,126.65,124.28,SHOP,Retest3K,forward
2026-07-17,short,09:35,199.43,200.64,,09:55,200.64,SL,-1.116,202.74,199.94,NVDA,SL25,forward
2026-07-17,short,09:35,199.43,201.34,,09:55,201.34,SL,-1.074,202.74,199.94,NVDA,SL50,forward
2026-07-17,short,09:35,199.43,202.04,,10:00,202.04,SL,-1.054,202.74,199.94,NVDA,SL75,forward
2026-07-17,long,09:35,397.44,396.02,,09:40,396.02,SL,-1.195,396.89,393.41,MSFT,SL25,forward
2026-07-17,long,09:35,397.44,395.15,,09:40,395.15,SL,-1.121,396.89,393.41,MSFT,SL50,forward
2026-07-17,long,09:35,397.44,394.28,,09:45,394.28,SL,-1.087,396.89,393.41,MSFT,SL75,forward
2026-07-17,long,09:35,334.96,332.96,,09:45,332.96,SL,-1.116,333.51,331.3,AAPL,SL25,forward
2026-07-17,long,09:35,334.96,332.4,,09:50,332.4,SL,-1.091,333.51,331.3,AAPL,SL50,forward
2026-07-17,long,09:35,334.96,331.85,,09:50,331.85,SL,-1.075,333.51,331.3,AAPL,SL75,forward
2026-07-17,long,09:35,247.21,245.69,,09:45,245.69,SL,-1.113,246.39,243.59,AMZN,SL25,forward
2026-07-17,long,09:35,247.21,244.99,,15:55,247.26,Tagesschluss,0.0,246.39,243.59,AMZN,SL50,forward
2026-07-17,long,09:35,247.21,244.29,,15:55,247.26,Tagesschluss,0.0,246.39,243.59,AMZN,SL75,forward
2026-07-17,short,09:35,343.41,345.72,,09:55,345.72,SL,-1.104,348.5,344.8,GOOGL,SL25,forward
2026-07-17,short,09:35,343.41,346.65,,09:55,346.65,SL,-1.075,348.5,344.8,GOOGL,SL50,forward
2026-07-17,short,09:35,343.41,347.57,,10:00,347.57,SL,-1.058,348.5,344.8,GOOGL,SL75,forward
2026-07-17,short,09:35,641.72,645.87,,12:15,645.87,SL,-1.109,649.22,644.75,META,SL25,forward
2026-07-17,short,09:35,641.72,646.98,,12:15,646.98,SL,-1.086,649.22,644.75,META,SL50,forward
2026-07-17,short,09:35,641.72,648.1,,12:25,648.1,SL,-1.071,649.22,644.75,META,SL75,forward
2026-07-17,short,09:35,360.39,363.69,,09:55,363.69,SL,-1.077,368.09,362.22,AVGO,SL25,forward
2026-07-17,short,09:35,360.39,365.15,,09:55,365.15,SL,-1.054,368.09,362.22,AVGO,SL50,forward
2026-07-17,short,09:35,360.39,366.62,,10:00,366.62,SL,-1.041,368.09,362.22,AVGO,SL75,forward
2026-07-17,short,09:35,378.38,379.68,,09:40,379.68,SL,-1.204,383.0,378.58,TSLA,SL25,forward
2026-07-17,short,09:35,378.38,380.79,,09:55,380.79,SL,-1.111,383.0,378.58,TSLA,SL50,forward
2026-07-17,short,09:35,378.38,381.89,,10:00,381.89,SL,-1.076,383.0,378.58,TSLA,SL75,forward
2026-07-17,long,09:35,501.86,498.68,,10:50,498.68,SL,-1.11,499.74,495.51,BRK-B,SL25,forward
2026-07-17,long,09:35,501.86,497.62,,11:00,497.62,SL,-1.082,499.74,495.51,BRK-B,SL50,forward
2026-07-17,long,09:35,501.86,496.57,,11:10,496.57,SL,-1.066,499.74,495.51,BRK-B,SL75,forward
2026-07-17,long,10:15,501.49,497.62,509.22,11:00,497.62,SL,-1.09,499.74,495.51,BRK-B,Video,forward
2026-07-17,long,10:15,501.49,495.51,525.4,11:15,495.51,SL,-1.058,499.74,495.51,BRK-B,RetestMax,forward
2026-07-17,long,09:35,1181.09,1168.52,,15:55,1178.58,Tagesschluss,-0.219,1174.36,1151.01,LLY,SL25,forward
2026-07-17,long,09:35,1181.09,1162.68,,15:55,1178.58,Tagesschluss,-0.149,1174.36,1151.01,LLY,SL50,forward
2026-07-17,long,09:35,1181.09,1156.85,,15:55,1178.58,Tagesschluss,-0.113,1174.36,1151.01,LLY,SL75,forward
2026-07-17,long,09:45,743.03,742.22,,15:25,742.22,SL,-1.64,742.62,741.01,SPY,SL25,forward
2026-07-17,long,09:45,743.03,741.82,,15:55,743.16,Tagesschluss,-0.019,742.62,741.01,SPY,SL50,forward
2026-07-17,long,09:45,743.03,741.41,,15:55,743.16,Tagesschluss,-0.015,742.62,741.01,SPY,SL75,forward
2026-07-17,short,09:35,688.11,690.88,,09:50,690.88,SL,-1.174,693.54,690.0,QQQ,SL25,forward
2026-07-17,short,09:35,688.11,691.77,,09:55,691.77,SL,-1.132,693.54,690.0,QQQ,SL50,forward
2026-07-17,short,09:35,688.11,692.65,,09:55,692.65,SL,-1.107,693.54,690.0,QQQ,SL75,forward
2026-07-17,long,09:35,14.17,14.04,,15:55,14.22,Tagesschluss,0.318,14.1,13.85,F,SL25,forward
2026-07-17,long,09:35,14.17,13.98,,15:55,14.22,Tagesschluss,0.216,14.1,13.85,F,SL50,forward
2026-07-17,long,09:35,14.17,13.91,,15:55,14.22,Tagesschluss,0.164,14.1,13.85,F,SL75,forward
2026-07-17,short,09:40,122.14,122.86,,09:50,122.86,SL,-1.119,124.6,122.28,SHOP,SL25,forward
2026-07-17,short,09:40,122.14,123.44,,13:00,123.44,SL,-1.066,124.6,122.28,SHOP,SL50,forward
2026-07-17,short,09:40,122.14,124.02,,13:30,124.02,SL,-1.046,124.6,122.28,SHOP,SL75,forward
2026-07-20,short,10:50,204.72,205.65,,11:00,205.65,SL,-1.156,207.34,205.08,NVDA,SL25,forward
2026-07-20,short,10:50,204.72,206.21,,11:20,206.21,SL,-1.097,207.34,205.08,NVDA,SL50,forward
2026-07-20,short,10:50,204.72,206.77,,15:55,203.38,Tagesschluss,0.632,207.34,205.08,NVDA,SL75,forward
2026-07-20,long,10:10,392.59,391.66,,15:55,402.51,Tagesschluss,10.553,392.3,389.73,MSFT,SL25,forward
2026-07-20,long,10:10,392.59,391.01,,15:55,402.51,Tagesschluss,6.248,392.3,389.73,MSFT,SL50,forward
2026-07-20,long,10:10,392.59,390.37,,15:55,402.51,Tagesschluss,4.438,392.3,389.73,MSFT,SL75,forward
2026-07-20,short,09:35,331.05,331.78,,15:55,326.7,Tagesschluss,5.957,333.71,331.13,AAPL,SL25,forward
2026-07-20,short,09:35,331.05,332.42,,15:55,326.7,Tagesschluss,3.142,333.71,331.13,AAPL,SL50,forward
2026-07-20,short,09:35,331.05,333.06,,15:55,326.7,Tagesschluss,2.134,333.71,331.13,AAPL,SL75,forward
2026-07-20,short,09:50,330.02,332.42,325.22,11:10,325.22,TP,1.973,333.71,331.13,AAPL,Video,forward
2026-07-20,short,09:50,330.02,333.71,315.26,15:55,326.7,Tagesschluss,0.882,333.71,331.13,AAPL,RetestMax,forward
2026-07-20,long,09:40,250.12,249.48,,09:55,249.48,SL,-1.277,249.94,248.12,AMZN,SL25,forward
2026-07-20,long,09:40,250.12,249.03,,09:55,249.03,SL,-1.161,249.94,248.12,AMZN,SL50,forward
2026-07-20,long,09:40,250.12,248.57,,09:55,248.57,SL,-1.113,249.94,248.12,AMZN,SL75,forward
2026-07-20,long,09:35,357.14,355.02,,12:15,355.02,SL,-1.118,355.71,352.96,GOOGL,SL25,forward
2026-07-20,long,09:35,357.14,354.33,,13:00,354.33,SL,-1.089,355.71,352.96,GOOGL,SL50,forward
2026-07-20,long,09:35,357.14,353.65,,13:00,353.65,SL,-1.071,355.71,352.96,GOOGL,SL75,forward
2026-07-20,short,09:50,640.26,641.91,,10:05,641.91,SL,-1.272,645.99,640.55,META,SL25,forward
2026-07-20,short,09:50,640.26,643.27,,10:15,643.27,SL,-1.149,645.99,640.55,META,SL50,forward
2026-07-20,short,09:50,640.26,644.63,,10:15,644.63,SL,-1.103,645.99,640.55,META,SL75,forward
2026-07-20,long,09:35,380.65,379.67,,09:40,379.67,SL,-1.269,380.5,377.17,AVGO,SL25,forward
2026-07-20,long,09:35,380.65,378.84,,09:45,378.84,SL,-1.146,380.5,377.17,AVGO,SL50,forward
2026-07-20,long,09:35,380.65,378.0,,09:50,378.0,SL,-1.1,380.5,377.17,AVGO,SL75,forward
2026-07-20,short,09:35,381.47,382.25,,09:45,382.25,SL,-1.343,384.5,381.5,TSLA,SL25,forward
2026-07-20,short,09:35,381.47,383.0,,15:55,369.59,Tagesschluss,7.716,384.5,381.5,TSLA,SL50,forward
2026-07-20,short,09:35,381.47,383.75,,15:55,369.59,Tagesschluss,5.178,384.5,381.5,TSLA,SL75,forward
2026-07-20,long,09:55,491.28,490.68,,10:00,490.68,SL,-1.568,491.0,489.7,BRK-B,SL25,forward
2026-07-20,long,09:55,491.28,490.35,,10:00,490.35,SL,-1.369,491.0,489.7,BRK-B,SL50,forward
2026-07-20,long,09:55,491.28,490.03,,10:05,490.03,SL,-1.273,491.0,489.7,BRK-B,SL75,forward
2026-07-20,short,09:40,1171.65,1176.28,,10:35,1176.28,SL,-1.178,1187.12,1172.66,LLY,SL25,forward
2026-07-20,short,09:40,1171.65,1179.89,,10:40,1179.89,SL,-1.1,1187.12,1172.66,LLY,SL50,forward
2026-07-20,short,09:40,1171.65,1183.51,,15:55,1146.85,Tagesschluss,2.072,1187.12,1172.66,LLY,SL75,forward
2026-07-20,short,09:55,1168.74,1179.89,1146.44,10:40,1179.89,SL,-1.074,1187.12,1172.66,LLY,Video,forward
2026-07-20,short,09:55,1168.74,1187.12,1095.22,15:55,1146.85,Tagesschluss,1.178,1187.12,1172.66,LLY,RetestMax,forward
2026-07-20,long,09:35,748.17,747.74,,09:45,747.74,SL,-2.21,748.05,746.8,SPY,SL25,forward
2026-07-20,long,09:35,748.17,747.42,,09:50,747.42,SL,-1.702,748.05,746.8,SPY,SL50,forward
2026-07-20,long,09:35,748.17,747.11,,09:50,747.11,SL,-1.495,748.05,746.8,SPY,SL75,forward
2026-07-20,long,09:45,748.59,747.42,750.92,09:50,747.42,SL,-1.449,748.05,746.8,SPY,Video,forward
2026-07-20,long,09:45,748.59,746.8,755.75,09:50,746.8,SL,-1.292,748.05,746.8,SPY,RetestMax,forward
2026-07-20,long,09:45,748.59,746.8,755.75,09:50,746.8,SL,-1.292,748.05,746.8,SPY,Retest3K,forward
2026-07-20,long,09:40,705.48,703.75,,09:50,703.75,SL,-1.284,704.4,701.78,QQQ,SL25,forward
2026-07-20,long,09:40,705.48,703.09,,09:50,703.09,SL,-1.206,704.4,701.78,QQQ,SL50,forward
2026-07-20,long,09:40,705.48,702.44,,09:50,702.44,SL,-1.162,704.4,701.78,QQQ,SL75,forward
2026-07-20,short,09:35,14.14,14.19,,09:40,14.19,SL,-1.209,14.3,14.15,F,SL25,forward
2026-07-20,short,09:35,14.14,14.22,,09:45,14.22,SL,-1.117,14.3,14.15,F,SL50,forward
2026-07-20,short,09:35,14.14,14.26,,15:55,14.01,Tagesschluss,1.038,14.3,14.15,F,SL75,forward
2026-07-20,short,09:55,124.27,124.83,,10:15,124.83,SL,-1.156,125.67,124.55,SHOP,SL25,forward
2026-07-20,short,09:55,124.27,125.11,,10:35,125.11,SL,-1.104,125.67,124.55,SHOP,SL50,forward
2026-07-20,short,09:55,124.27,125.39,,10:45,125.39,SL,-1.078,125.67,124.55,SHOP,SL75,forward
2026-07-20,short,10:20,123.88,125.11,121.42,10:35,125.11,SL,-1.071,125.67,124.55,SHOP,Video,forward
2026-07-20,short,10:20,123.88,125.67,116.72,11:00,125.67,SL,-1.049,125.67,124.55,SHOP,RetestMax,forward
2026-07-21,short,09:45,206.15,206.88,,13:30,206.88,SL,-1.197,208.65,206.29,NVDA,SL25,forward
2026-07-21,short,09:45,206.15,207.47,,15:55,207.47,SL,-1.11,208.65,206.29,NVDA,SL50,forward
2026-07-21,short,09:45,206.15,208.06,,15:55,207.18,Tagesschluss,-0.561,208.65,206.29,NVDA,SL75,forward
2026-07-21,short,09:55,205.53,207.47,201.66,15:55,207.47,SL,-1.075,208.65,206.29,NVDA,Video,forward
2026-07-21,short,09:55,205.53,208.65,193.07,15:55,207.18,Tagesschluss,-0.541,208.65,206.29,NVDA,RetestMax,forward
2026-07-21,long,09:35,400.06,398.86,,09:40,398.86,SL,-1.232,399.7,396.32,MSFT,SL25,forward
2026-07-21,long,09:35,400.06,398.01,,12:05,398.01,SL,-1.136,399.7,396.32,MSFT,SL50,forward
2026-07-21,long,09:35,400.06,397.17,,15:50,397.17,SL,-1.096,399.7,396.32,MSFT,SL75,forward
2026-07-21,short,09:50,322.3,323.16,,09:55,323.16,SL,-1.261,325.51,322.38,AAPL,SL25,forward
2026-07-21,short,09:50,322.3,323.95,,09:55,323.95,SL,-1.138,325.51,322.38,AAPL,SL50,forward
2026-07-21,short,09:50,322.3,324.73,,10:00,324.73,SL,-1.093,325.51,322.38,AAPL,SL75,forward
2026-07-21,short,09:50,247.2,247.79,,10:00,247.79,SL,-1.295,249.34,247.27,AMZN,SL25,forward
2026-07-21,short,09:50,247.2,248.31,,10:35,248.31,SL,-1.157,249.34,247.27,AMZN,SL50,forward
2026-07-21,short,09:50,247.2,248.82,,15:55,247.51,Tagesschluss,-0.222,249.34,247.27,AMZN,SL75,forward
2026-07-21,short,09:35,385.85,387.45,,15:50,387.45,SL,-1.169,390.58,386.4,AVGO,SL25,forward
2026-07-21,short,09:35,385.85,388.49,,15:55,386.13,Tagesschluss,-0.135,390.58,386.4,AVGO,SL50,forward
2026-07-21,short,09:35,385.85,389.54,,15:55,386.13,Tagesschluss,-0.097,390.58,386.4,AVGO,SL75,forward
2026-07-21,long,09:40,376.27,374.27,,15:55,378.92,Tagesschluss,1.289,375.7,369.99,TSLA,SL25,forward
2026-07-21,long,09:40,376.27,372.85,,15:55,378.92,Tagesschluss,0.752,375.7,369.99,TSLA,SL50,forward
2026-07-21,long,09:40,376.27,371.42,,15:55,378.92,Tagesschluss,0.531,375.7,369.99,TSLA,SL75,forward
2026-07-21,long,09:50,376.63,372.85,384.2,15:55,378.92,Tagesschluss,0.585,375.7,369.99,TSLA,Video,forward
2026-07-21,long,09:50,376.63,369.99,403.19,15:55,378.92,Tagesschluss,0.333,375.7,369.99,TSLA,RetestMax,forward
2026-07-21,long,09:55,489.3,488.82,,10:35,488.82,SL,-1.709,489.21,487.64,BRK-B,SL25,forward
2026-07-21,long,09:55,489.3,488.43,,10:35,488.43,SL,-1.391,489.21,487.64,BRK-B,SL50,forward
2026-07-21,long,09:55,489.3,488.03,,15:55,489.66,Tagesschluss,0.207,489.21,487.64,BRK-B,SL75,forward
2026-07-21,long,10:20,490.28,488.43,493.99,10:35,488.43,SL,-1.184,489.21,487.64,BRK-B,Video,forward
2026-07-21,long,10:20,490.28,487.64,500.84,15:55,489.66,Tagesschluss,-0.272,489.21,487.64,BRK-B,RetestMax,forward
2026-07-21,long,09:45,1153.6,1148.75,,15:55,1175.15,Tagesschluss,4.395,1152.0,1139.0,LLY,SL25,forward
2026-07-21,long,09:45,1153.6,1145.5,,15:55,1175.15,Tagesschluss,2.632,1152.0,1139.0,LLY,SL50,forward
2026-07-21,long,09:45,1153.6,1142.25,,15:55,1175.15,Tagesschluss,1.878,1152.0,1139.0,LLY,SL75,forward
2026-07-21,long,09:55,1154.4,1145.5,1172.2,15:50,1172.2,TP,1.974,1152.0,1139.0,LLY,Video,forward
2026-07-21,long,09:55,1154.4,1139.0,1216.0,15:55,1175.15,Tagesschluss,1.332,1152.0,1139.0,LLY,RetestMax,forward
2026-07-21,short,09:40,744.51,745.51,,10:00,745.51,SL,-1.522,746.68,745.12,SPY,SL25,forward
2026-07-21,short,09:40,744.51,745.9,,10:15,745.9,SL,-1.376,746.68,745.12,SPY,SL50,forward
2026-07-21,short,09:40,744.51,746.29,,10:25,746.29,SL,-1.293,746.68,745.12,SPY,SL75,forward
2026-07-21,short,10:00,704.0,705.12,,10:15,705.12,SL,-1.441,707.13,704.45,QQQ,SL25,forward
2026-07-21,short,10:00,704.0,705.79,,10:25,705.79,SL,-1.276,707.13,704.45,QQQ,SL50,forward
2026-07-21,short,10:00,704.0,706.46,,10:30,706.46,SL,-1.201,707.13,704.45,QQQ,SL75,forward
2026-07-21,short,10:10,703.05,705.79,697.57,10:25,705.79,SL,-1.18,707.13,704.45,QQQ,Video,forward
2026-07-21,short,10:10,703.05,707.13,686.73,10:45,707.13,SL,-1.121,707.13,704.45,QQQ,RetestMax,forward
2026-07-21,short,09:35,14.09,14.16,,09:45,14.16,SL,-1.139,14.23,14.13,F,SL25,forward
2026-07-21,short,09:35,14.09,14.18,,09:45,14.18,SL,-1.102,14.23,14.13,F,SL50,forward
2026-07-21,short,09:35,14.09,14.21,,09:45,14.21,SL,-1.08,14.23,14.13,F,SL75,forward
2026-07-21,long,10:30,123.43,122.28,,12:15,122.28,SL,-1.075,123.29,119.25,SHOP,SL25,forward
2026-07-21,long,10:30,123.43,121.27,,15:55,123.03,Tagesschluss,-0.197,123.29,119.25,SHOP,SL50,forward
2026-07-21,long,10:30,123.43,120.26,,15:55,123.03,Tagesschluss,-0.134,123.29,119.25,SHOP,SL75,forward
2026-07-22,long,09:40,207.27,206.36,,15:55,212.06,Tagesschluss,5.251,206.83,204.95,NVDA,SL25,forward
2026-07-22,long,09:40,207.27,205.89,,15:55,212.06,Tagesschluss,3.456,206.83,204.95,NVDA,SL50,forward
2026-07-22,long,09:40,207.27,205.42,,15:55,212.06,Tagesschluss,2.576,206.83,204.95,NVDA,SL75,forward
2026-07-22,long,09:50,207.54,205.89,210.84,11:05,210.84,TP,1.975,206.83,204.95,NVDA,Video,forward
2026-07-22,long,09:50,207.54,204.95,217.9,15:55,212.06,Tagesschluss,1.729,206.83,204.95,NVDA,RetestMax,forward
2026-07-22,short,09:35,392.97,394.69,,15:55,390.28,Tagesschluss,1.521,396.09,394.22,MSFT,SL25,forward
2026-07-22,short,09:35,392.97,395.15,,15:55,390.28,Tagesschluss,1.195,396.09,394.22,MSFT,SL50,forward
2026-07-22,short,09:35,392.97,395.62,,15:55,390.28,Tagesschluss,0.985,396.09,394.22,MSFT,SL75,forward
2026-07-22,short,09:40,326.2,326.91,,09:45,326.91,SL,-1.322,329.0,326.22,AAPL,SL25,forward
2026-07-22,short,09:40,326.2,327.61,,15:55,325.87,Tagesschluss,0.192,329.0,326.22,AAPL,SL50,forward
2026-07-22,short,09:40,326.2,328.3,,15:55,325.87,Tagesschluss,0.128,329.0,326.22,AAPL,SL75,forward
2026-07-22,short,09:35,244.69,245.86,,10:00,245.86,SL,-1.147,248.45,245.0,AMZN,SL25,forward
2026-07-22,short,09:35,244.69,246.72,,10:05,246.72,SL,-1.085,248.45,245.0,AMZN,SL50,forward
2026-07-22,short,09:35,244.69,247.59,,15:55,244.77,Tagesschluss,-0.045,248.45,245.0,AMZN,SL75,forward
2026-07-22,short,09:35,346.67,347.23,,09:45,347.23,SL,-1.428,348.83,346.7,GOOGL,SL25,forward
2026-07-22,short,09:35,346.67,347.76,,09:45,347.76,SL,-1.221,348.83,346.7,GOOGL,SL50,forward
2026-07-22,short,09:35,346.67,348.3,,09:45,348.3,SL,-1.149,348.83,346.7,GOOGL,SL75,forward
2026-07-22,short,09:35,635.38,638.42,,15:55,627.07,Tagesschluss,2.69,642.84,636.95,META,SL25,forward
2026-07-22,short,09:35,635.38,639.9,,15:55,627.07,Tagesschluss,1.813,642.84,636.95,META,SL50,forward
2026-07-22,short,09:35,635.38,641.37,,15:55,627.07,Tagesschluss,1.367,642.84,636.95,META,SL75,forward
2026-07-22,long,09:35,385.32,383.0,,15:55,396.69,Tagesschluss,4.867,384.0,380.0,AVGO,SL25,forward
2026-07-22,long,09:35,385.32,382.0,,15:55,396.69,Tagesschluss,3.401,384.0,380.0,AVGO,SL50,forward
2026-07-22,long,09:35,385.32,381.0,,15:55,396.69,Tagesschluss,2.614,384.0,380.0,AVGO,SL75,forward
2026-07-22,long,09:55,385.93,382.0,393.79,11:55,393.79,TP,1.98,384.0,380.0,AVGO,Video,forward
2026-07-22,long,09:55,385.93,380.0,409.65,15:55,396.69,Tagesschluss,1.801,384.0,380.0,AVGO,RetestMax,forward
2026-07-22,long,09:40,378.52,377.58,,10:05,377.58,SL,-1.283,378.3,375.44,TSLA,SL25,forward
2026-07-22,long,09:40,378.52,376.87,,10:05,376.87,SL,-1.16,378.3,375.44,TSLA,SL50,forward
2026-07-22,long,09:40,378.52,376.15,,13:40,376.15,SL,-1.111,378.3,375.44,TSLA,SL75,forward
2026-07-22,short,09:35,490.23,490.84,,09:40,490.84,SL,-1.561,492.0,490.45,BRK-B,SL25,forward
2026-07-22,short,09:35,490.23,491.23,,09:40,491.23,SL,-1.344,492.0,490.45,BRK-B,SL50,forward
2026-07-22,short,09:35,490.23,491.61,,09:45,491.61,SL,-1.248,492.0,490.45,BRK-B,SL75,forward
2026-07-22,short,09:45,1162.53,1166.0,,10:50,1166.0,SL,-1.235,1175.0,1163.0,LLY,SL25,forward
2026-07-22,short,09:45,1162.53,1169.0,,15:55,1163.01,Tagesschluss,-0.111,1175.0,1163.0,LLY,SL50,forward
2026-07-22,short,09:45,1162.53,1172.0,,15:55,1163.01,Tagesschluss,-0.076,1175.0,1163.0,LLY,SL75,forward
2026-07-22,long,09:45,747.76,747.27,,10:25,747.27,SL,-2.068,747.57,746.37,SPY,SL25,forward
2026-07-22,long,09:45,747.76,746.97,,10:40,746.97,SL,-1.662,747.57,746.37,SPY,SL50,forward
2026-07-22,long,09:45,747.76,746.67,,15:55,747.33,Tagesschluss,-0.532,747.57,746.37,SPY,SL75,forward
2026-07-22,long,09:55,748.18,746.97,750.6,10:40,746.97,SL,-1.432,747.57,746.37,SPY,Video,forward
2026-07-22,long,09:55,748.18,746.37,755.42,15:55,747.33,Tagesschluss,-0.552,747.57,746.37,SPY,RetestMax,forward
2026-07-22,long,09:40,705.72,704.92,,15:55,705.27,Tagesschluss,-0.743,705.35,703.64,QQQ,SL25,forward
2026-07-22,long,09:40,705.72,704.49,,15:55,705.27,Tagesschluss,-0.485,705.35,703.64,QQQ,SL50,forward
2026-07-22,long,09:40,705.72,704.07,,15:55,705.27,Tagesschluss,-0.36,705.35,703.64,QQQ,SL75,forward
2026-07-22,long,09:50,706.67,704.49,711.02,15:55,705.27,Tagesschluss,-0.709,705.35,703.64,QQQ,Video,forward
2026-07-22,long,09:50,706.67,703.64,718.79,15:55,705.27,Tagesschluss,-0.509,705.35,703.64,QQQ,RetestMax,forward
2026-07-22,long,09:35,14.62,14.49,,10:30,14.49,SL,-1.08,14.57,14.26,F,SL25,forward
2026-07-22,long,09:35,14.62,14.41,,10:40,14.41,SL,-1.049,14.57,14.26,F,SL50,forward
2026-07-22,long,09:35,14.62,14.34,,15:05,14.34,SL,-1.036,14.57,14.26,F,SL75,forward
2026-07-22,long,09:55,14.68,14.41,15.21,10:40,14.41,SL,-1.038,14.57,14.26,F,Video,forward
2026-07-22,long,09:55,14.68,14.26,16.36,15:55,14.4,Tagesschluss,-0.662,14.57,14.26,F,RetestMax,forward
2026-07-22,short,09:50,120.86,121.57,,10:00,121.57,SL,-1.121,123.39,120.96,SHOP,SL25,forward
2026-07-22,short,09:50,120.86,122.17,,15:55,118.41,Tagesschluss,1.845,123.39,120.96,SHOP,SL50,forward
2026-07-22,short,09:50,120.86,122.78,,15:55,118.41,Tagesschluss,1.26,123.39,120.96,SHOP,SL75,forward
2026-07-23,long,09:50,210.15,209.62,,09:55,209.62,SL,-1.277,210.01,208.45,NVDA,SL25,forward
2026-07-23,long,09:50,210.15,209.23,,09:55,209.23,SL,-1.159,210.01,208.45,NVDA,SL50,forward
2026-07-23,long,09:50,210.15,208.84,,09:55,208.84,SL,-1.112,210.01,208.45,NVDA,SL75,forward
2026-07-23,short,10:00,387.5,388.76,,15:55,381.43,Tagesschluss,4.766,391.78,387.75,MSFT,SL25,forward
2026-07-23,short,10:00,387.5,389.76,,15:55,381.43,Tagesschluss,2.646,391.78,387.75,MSFT,SL50,forward
2026-07-23,short,10:00,387.5,390.77,,15:55,381.43,Tagesschluss,1.831,391.78,387.75,MSFT,SL75,forward
2026-07-23,short,10:10,385.39,389.76,376.64,15:55,381.43,Tagesschluss,0.888,391.78,387.75,MSFT,Video,forward
2026-07-23,short,10:10,385.39,391.78,359.83,15:55,381.43,Tagesschluss,0.608,391.78,387.75,MSFT,RetestMax,forward
2026-07-23,short,09:45,319.54,321.38,,10:00,321.38,SL,-1.122,323.12,320.8,AAPL,SL25,forward
2026-07-23,short,09:45,319.54,321.96,,10:30,321.96,SL,-1.093,323.12,320.8,AAPL,SL50,forward
2026-07-23,short,09:45,319.54,322.54,,10:35,322.54,SL,-1.075,323.12,320.8,AAPL,SL75,forward
2026-07-23,short,09:55,235.57,236.21,,15:55,233.56,Tagesschluss,3.056,237.55,235.77,AMZN,SL25,forward
2026-07-23,short,09:55,235.57,236.66,,15:55,233.56,Tagesschluss,1.804,237.55,235.77,AMZN,SL50,forward
2026-07-23,short,09:55,235.57,237.1,,15:55,233.56,Tagesschluss,1.28,237.55,235.77,AMZN,SL75,forward
2026-07-23,short,10:05,235.23,236.66,232.37,10:55,232.37,TP,1.967,237.55,235.77,AMZN,Video,forward
2026-07-23,short,10:05,235.23,237.55,225.95,12:00,225.95,TP,3.98,237.55,235.77,AMZN,RetestMax,forward
2026-07-23,short,09:45,319.16,321.3,,09:50,321.3,SL,-1.105,324.49,320.23,GOOGL,SL25,forward
2026-07-23,short,09:45,319.16,322.36,,15:55,317.65,Tagesschluss,0.452,324.49,320.23,GOOGL,SL50,forward
2026-07-23,short,09:45,319.16,323.42,,15:55,317.65,Tagesschluss,0.339,324.49,320.23,GOOGL,SL75,forward
2026-07-23,long,09:40,612.06,609.76,,09:55,609.76,SL,-1.186,611.0,606.05,META,SL25,forward
2026-07-23,long,09:40,612.06,608.52,,10:05,608.52,SL,-1.121,611.0,606.05,META,SL50,forward
2026-07-23,long,09:40,612.06,607.29,,10:05,607.29,SL,-1.089,611.0,606.05,META,SL75,forward
2026-07-23,long,09:35,394.81,393.33,,10:30,393.33,SL,-1.187,394.36,390.27,AVGO,SL25,forward
2026-07-23,long,09:35,394.81,392.31,,10:40,392.31,SL,-1.11,394.36,390.27,AVGO,SL50,forward
2026-07-23,long,09:35,394.81,391.29,,10:45,391.29,SL,-1.078,394.36,390.27,AVGO,SL75,forward
2026-07-23,short,09:35,333.72,337.23,,15:55,319.46,Tagesschluss,4.041,341.86,335.69,TSLA,SL25,forward
2026-07-23,short,09:35,333.72,338.77,,15:55,319.46,Tagesschluss,2.808,341.86,335.69,TSLA,SL50,forward
2026-07-23,short,09:35,333.72,340.32,,15:55,319.46,Tagesschluss,2.152,341.86,335.69,TSLA,SL75,forward
2026-07-23,short,09:45,332.8,338.77,320.85,11:20,320.85,TP,1.989,341.86,335.69,TSLA,Video,forward
2026-07-23,short,09:45,332.8,341.86,296.56,15:55,319.46,Tagesschluss,1.465,341.86,335.69,TSLA,RetestMax,forward
2026-07-23,short,09:45,332.8,341.86,296.56,15:55,319.46,Tagesschluss,1.465,341.86,335.69,TSLA,Retest3K,forward
2026-07-23,short,09:35,488.01,488.64,,10:45,488.64,SL,-1.546,490.02,488.17,BRK-B,SL25,forward
2026-07-23,short,09:35,488.01,489.1,,10:50,489.1,SL,-1.315,490.02,488.17,BRK-B,SL50,forward
2026-07-23,short,09:35,488.01,489.56,,10:55,489.56,SL,-1.221,490.02,488.17,BRK-B,SL75,forward
2026-07-23,short,09:45,487.26,489.1,483.59,10:50,489.1,SL,-1.186,490.02,488.17,BRK-B,Video,forward
2026-07-23,short,09:45,487.26,490.02,476.22,10:55,490.02,SL,-1.124,490.02,488.17,BRK-B,RetestMax,forward
2026-07-23,short,09:45,487.26,490.02,476.22,10:55,490.02,SL,-1.124,490.02,488.17,BRK-B,Retest3K,forward
2026-07-23,long,09:35,1171.77,1157.3,,15:55,1185.07,Tagesschluss,0.904,1162.48,1141.78,LLY,SL25,forward
2026-07-23,long,09:35,1171.77,1152.13,,15:55,1185.07,Tagesschluss,0.666,1162.48,1141.78,LLY,SL50,forward
2026-07-23,long,09:35,1171.77,1146.96,,15:55,1185.07,Tagesschluss,0.527,1162.48,1141.78,LLY,SL75,forward
2026-07-23,long,09:35,741.45,740.64,,09:45,740.64,SL,-1.648,741.37,738.47,SPY,SL25,forward
2026-07-23,long,09:35,741.45,739.92,,09:50,739.92,SL,-1.34,741.37,738.47,SPY,SL50,forward
2026-07-23,long,09:35,741.45,739.19,,10:05,739.19,SL,-1.23,741.37,738.47,SPY,SL75,forward
2026-07-23,long,09:35,696.57,695.17,,09:50,695.17,SL,-1.348,695.83,693.21,QQQ,SL25,forward
2026-07-23,long,09:35,696.57,694.52,,09:55,694.52,SL,-1.237,695.83,693.21,QQQ,SL50,forward
2026-07-23,long,09:35,696.57,693.86,,10:05,693.86,SL,-1.18,695.83,693.21,QQQ,SL75,forward
2026-07-23,short,09:35,14.17,14.22,,09:45,14.22,SL,-1.199,14.28,14.2,F,SL25,forward
2026-07-23,short,09:35,14.17,14.24,,15:55,14.15,Tagesschluss,0.317,14.28,14.2,F,SL50,forward
2026-07-23,short,09:35,14.17,14.26,,15:55,14.15,Tagesschluss,0.246,14.28,14.2,F,SL75,forward
2026-07-23,short,09:35,115.25,116.07,,09:40,116.07,SL,-1.099,117.91,115.46,SHOP,SL25,forward
2026-07-23,short,09:35,115.25,116.69,,15:55,111.99,Tagesschluss,2.256,117.91,115.46,SHOP,SL50,forward
2026-07-23,short,09:35,115.25,117.3,,15:55,111.99,Tagesschluss,1.581,117.91,115.46,SHOP,SL75,forward
2026-07-24,long,09:45,208.39,207.87,,09:50,207.87,SL,-1.28,208.25,206.73,NVDA,SL25,forward
2026-07-24,long,09:45,208.39,207.49,,09:50,207.49,SL,-1.161,208.25,206.73,NVDA,SL50,forward
2026-07-24,long,09:45,208.39,207.11,,09:50,207.11,SL,-1.113,208.25,206.73,NVDA,SL75,forward
2026-07-24,short,09:40,381.33,383.97,,10:55,383.97,SL,-1.101,386.6,383.1,MSFT,SL25,forward
2026-07-24,short,09:40,381.33,384.85,,11:10,384.85,SL,-1.076,386.6,383.1,MSFT,SL50,forward
2026-07-24,short,09:40,381.33,385.72,,11:15,385.72,SL,-1.061,386.6,383.1,MSFT,SL75,forward
2026-07-24,short,10:10,381.26,384.85,374.09,11:10,384.85,SL,-1.075,386.6,383.1,MSFT,Video,forward
2026-07-24,short,10:10,381.26,386.6,359.92,15:55,381.74,Tagesschluss,-0.104,386.6,383.1,MSFT,RetestMax,forward
2026-07-24,long,09:40,325.67,324.82,,15:55,333.07,Tagesschluss,8.628,325.35,323.23,AAPL,SL25,forward
2026-07-24,long,09:40,325.67,324.29,,15:55,333.07,Tagesschluss,5.315,325.35,323.23,AAPL,SL50,forward
2026-07-24,long,09:40,325.67,323.76,,15:55,333.07,Tagesschluss,3.84,325.35,323.23,AAPL,SL75,forward
2026-07-24,long,09:55,327.51,324.29,333.95,12:05,333.95,TP,1.979,325.35,323.23,AAPL,Video,forward
2026-07-24,long,09:55,327.51,323.23,344.63,15:55,333.07,Tagesschluss,1.284,325.35,323.23,AAPL,RetestMax,forward
2026-07-24,short,09:40,232.47,233.47,,09:50,233.47,SL,-1.164,234.95,232.97,AMZN,SL25,forward
2026-07-24,short,09:40,232.47,233.96,,11:30,233.96,SL,-1.11,234.95,232.97,AMZN,SL50,forward
2026-07-24,short,09:40,232.47,234.45,,15:55,232.07,Tagesschluss,0.178,234.95,232.97,AMZN,SL75,forward
2026-07-24,long,09:45,322.5,319.68,,10:30,319.68,SL,-1.079,320.46,317.33,GOOGL,SL25,forward
2026-07-24,long,09:45,322.5,318.89,,10:30,318.89,SL,-1.062,320.46,317.33,GOOGL,SL50,forward
2026-07-24,long,09:45,322.5,318.11,,10:40,318.11,SL,-1.051,320.46,317.33,GOOGL,SL75,forward
2026-07-24,long,10:15,321.33,318.89,326.2,10:30,318.89,SL,-1.092,320.46,317.33,GOOGL,Video,forward
2026-07-24,long,10:15,321.33,317.33,337.33,15:55,319.77,Tagesschluss,-0.406,320.46,317.33,GOOGL,RetestMax,forward
2026-07-24,short,09:40,603.07,604.25,,09:45,604.25,SL,-1.358,607.52,603.16,META,SL25,forward
2026-07-24,short,09:40,603.07,605.34,,10:20,605.34,SL,-1.187,607.52,603.16,META,SL50,forward
2026-07-24,short,09:40,603.07,606.43,,10:35,606.43,SL,-1.126,607.52,603.16,META,SL75,forward
2026-07-24,short,09:35,384.27,386.83,,12:05,386.83,SL,-1.106,389.27,386.01,AVGO,SL25,forward
2026-07-24,short,09:35,384.27,387.64,,15:55,381.92,Tagesschluss,0.675,389.27,386.01,AVGO,SL50,forward
2026-07-24,short,09:35,384.27,388.45,,15:55,381.92,Tagesschluss,0.543,389.27,386.01,AVGO,SL75,forward
2026-07-24,short,09:40,317.16,318.68,,09:45,318.68,SL,-1.147,322.2,317.5,TSLA,SL25,forward
2026-07-24,short,09:40,317.16,319.85,,15:55,313.0,Tagesschluss,1.52,322.2,317.5,TSLA,SL50,forward
2026-07-24,short,09:40,317.16,321.03,,15:55,313.0,Tagesschluss,1.058,322.2,317.5,TSLA,SL75,forward
2026-07-24,long,09:50,492.77,491.84,,14:05,491.84,SL,-1.37,492.28,490.52,BRK-B,SL25,forward
2026-07-24,long,09:50,492.77,491.4,,15:55,494.89,Tagesschluss,1.473,492.28,490.52,BRK-B,SL50,forward
2026-07-24,long,09:50,492.77,490.96,,15:55,494.89,Tagesschluss,1.114,492.28,490.52,BRK-B,SL75,forward
2026-07-24,long,09:45,1197.25,1194.66,,09:55,1194.66,SL,-1.323,1196.49,1189.16,LLY,SL25,forward
2026-07-24,long,09:45,1197.25,1192.83,,14:20,1192.83,SL,-1.189,1196.49,1189.16,LLY,SL50,forward
2026-07-24,long,09:45,1197.25,1190.99,,14:40,1190.99,SL,-1.133,1196.49,1189.16,LLY,SL75,forward
2026-07-24,long,09:45,739.82,739.23,,09:50,739.23,SL,-1.877,739.5,738.42,SPY,SL25,forward
2026-07-24,long,09:45,739.82,738.96,,09:50,738.96,SL,-1.602,739.5,738.42,SPY,SL50,forward
2026-07-24,long,09:45,739.82,738.69,,09:50,738.69,SL,-1.458,739.5,738.42,SPY,SL75,forward
2026-07-24,short,09:40,689.18,690.15,,11:15,690.15,SL,-1.496,692.05,689.52,QQQ,SL25,forward
2026-07-24,short,09:40,689.18,690.79,,11:15,690.79,SL,-1.301,692.05,689.52,QQQ,SL50,forward
2026-07-24,short,09:40,689.18,691.42,,11:55,691.42,SL,-1.216,692.05,689.52,QQQ,SL75,forward
2026-07-24,long,09:45,14.39,14.29,,09:55,14.29,SL,-1.099,14.34,14.14,F,SL25,forward
2026-07-24,long,09:45,14.39,14.24,,15:55,14.35,Tagesschluss,-0.248,14.34,14.14,F,SL50,forward
2026-07-24,long,09:45,14.39,14.19,,15:55,14.35,Tagesschluss,-0.186,14.34,14.14,F,SL75,forward
2026-07-24,short,09:40,111.78,112.31,,09:45,112.31,SL,-1.149,113.53,111.9,SHOP,SL25,forward
2026-07-24,short,09:40,111.78,112.72,,10:30,112.72,SL,-1.084,113.53,111.9,SHOP,SL50,forward
2026-07-24,short,09:40,111.78,113.12,,10:55,113.12,SL,-1.059,113.53,111.9,SHOP,SL75,forward
